timestamp,station_id,station_name,lat,lon,pm25,aqi,temp_2m,rel_humidity_2m,wind_speed_10m,wind_direction_10m,u_wind,v_wind,cams_pm25_bg,cams_no2_bg,status
2026-08-21T02:00,PUN_3409331,"Bhosari, Pune - IITM",18.6401,73.849,20.0,33,22.6,92,10.9,261,2.991,0.474,3.6,5.0,hidden_for_validation
2026-08-21T03:00,PUN_3409331,"Bhosari, Pune - IITM",18.6401,73.849,19.6,32,22.2,93,9.8,257,2.652,0.612,2.4,4.4,hidden_for_validation
2026-08-21T04:00,PUN_3409331,"Bhosari, Pune - IITM",18.6401,73.849,17.5,29,22.2,94,8.6,262,2.366,0.332,2.2,4.7,hidden_for_validation
2026-08-21T05:00,PUN_3409331,"Bhosari, Pune - IITM",18.6401,73.849,11.8,19,22.2,93,11.7,266,3.242,0.227,3.1,4.5,hidden_for_validation
2026-08-21T06:00,PUN_3409331,"Bhosari, Pune - IITM",18.6401,73.849,13.7,22,22.1,93,10.4,269,2.888,0.05,3.2,4.4,hidden_for_validation
2026-08-21T07:00,PUN_3409331,"Bhosari, Pune - IITM",18.6401,73.849,18.4,30,22.5,93,13.2,273,3.662,-0.192,3.5,4.3,hidden_for_validation
2026-08-21T08:00,PUN_3409331,"Bhosari, Pune - IITM",18.6401,73.849,22.9,38,23.9,83,16.0,269,4.444,0.078,4.8,4.0,hidden_for_validation
2026-08-21T09:00,PUN_3409331,"Bhosari, Pune - IITM",18.6401,73.849,23.2,38,25.3,76,15.8,269,4.388,0.077,7.0,3.4,hidden_for_validation
2026-08-21T10:00,PUN_3409331,"Bhosari, Pune - IITM",18.6401,73.849,26.3,43,26.5,70,18.2,268,5.053,0.176,9.4,2.5,hidden_for_validation
2026-08-21T11:00,PUN_3409331,"Bhosari, Pune - IITM",18.6401,73.849,32.8,54,27.1,68,17.5,266,4.849,0.339,11.5,1.9,hidden_for_validation
2026-08-21T12:00,PUN_3409331,"Bhosari, Pune - IITM",18.6401,73.849,26.1,43,28.0,63,16.6,264,4.586,0.482,12.2,1.6,hidden_for_validation
2026-08-21T13:00,PUN_3409331,"Bhosari, Pune - IITM",18.6401,73.849,19.0,31,27.5,65,20.0,274,5.542,-0.388,12.2,1.5,hidden_for_validation
2026-08-21T14:00,PUN_3409331,"Bhosari, Pune - IITM",18.6401,73.849,15.7,26,27.0,68,20.6,274,5.708,-0.399,11.0,1.6,hidden_for_validation
2026-08-21T15:00,PUN_3409331,"Bhosari, Pune - IITM",18.6401,73.849,21.4,35,26.7,70,21.5,266,5.958,0.417,9.6,1.9,hidden_for_validation
2026-08-21T16:00,PUN_3409331,"Bhosari, Pune - IITM",18.6401,73.849,22.5,37,25.8,75,20.6,266,5.708,0.399,8.4,2.4,hidden_for_validation
2026-08-21T17:00,PUN_3409331,"Bhosari, Pune - IITM",18.6401,73.849,16.3,27,25.5,75,19.0,261,5.213,0.826,12.4,3.1,hidden_for_validation
2026-08-21T18:00,PUN_3409331,"Bhosari, Pune - IITM",18.6401,73.849,17.5,29,23.9,84,14.9,263,4.108,0.504,12.0,5.4,hidden_for_validation
2026-08-21T19:00,PUN_3409331,"Bhosari, Pune - IITM",18.6401,73.849,20.7,34,23.1,88,11.9,260,3.255,0.574,10.9,8.5,hidden_for_validation
2026-08-21T20:00,PUN_3409331,"Bhosari, Pune - IITM",18.6401,73.849,17.1,28,22.8,90,11.2,255,3.005,0.805,10.5,10.7,hidden_for_validation
2026-08-21T21:00,PUN_3409331,"Bhosari, Pune - IITM",18.6401,73.849,18.5,30,22.9,90,11.6,258,3.152,0.67,9.6,11.3,hidden_for_validation
2026-08-21T22:00,PUN_3409331,"Bhosari, Pune - IITM",18.6401,73.849,19.0,31,22.7,91,11.6,257,3.14,0.725,8.4,11.0,hidden_for_validation
2026-08-21T23:00,PUN_3409331,"Bhosari, Pune - IITM",18.6401,73.849,17.3,28,22.3,92,11.3,256,3.046,0.759,7.4,10.3,hidden_for_validation
2026-08-22T00:00,PUN_3409331,"Bhosari, Pune - IITM",18.6401,73.849,19.1,31,22.1,93,10.9,263,3.005,0.369,6.3,9.1,hidden_for_validation
2026-08-22T01:00,PUN_3409331,"Bhosari, Pune - IITM",18.6401,73.849,15.5,25,21.9,93,10.9,262,2.998,0.421,5.9,7.6,hidden_for_validation
2026-08-22T02:00,PUN_3409331,"Bhosari, Pune - IITM",18.6401,73.849,11.7,19,21.9,93,11.0,260,3.009,0.531,5.4,6.2,hidden_for_validation
2026-08-22T03:00,PUN_3409331,"Bhosari, Pune - IITM",18.6401,73.849,12.1,20,22.0,92,10.7,257,2.896,0.669,4.4,5.2,hidden_for_validation
2026-08-22T04:00,PUN_3409331,"Bhosari, Pune - IITM",18.6401,73.849,10.7,17,22.2,91,10.5,257,2.842,0.656,2.8,4.3,hidden_for_validation
2026-08-22T05:00,PUN_3409331,"Bhosari, Pune - IITM",18.6401,73.849,10.4,17,22.8,91,11.5,260,3.146,0.555,2.8,4.7,hidden_for_validation
2026-08-22T06:00,PUN_3409331,"Bhosari, Pune - IITM",18.6401,73.849,15.0,25,22.6,91,11.0,269,3.055,0.053,2.5,4.6,hidden_for_validation
2026-08-22T07:00,PUN_3409331,"Bhosari, Pune - IITM",18.6401,73.849,15.2,25,23.0,89,11.9,260,3.255,0.574,3.3,4.4,hidden_for_validation
2026-08-22T08:00,PUN_3409331,"Bhosari, Pune - IITM",18.6401,73.849,18.4,30,23.8,85,14.9,261,4.088,0.647,4.0,4.0,hidden_for_validation
2026-08-22T09:00,PUN_3409331,"Bhosari, Pune - IITM",18.6401,73.849,18.3,30,24.9,78,16.6,265,4.594,0.402,4.2,3.3,hidden_for_validation
2026-08-22T10:00,PUN_3409331,"Bhosari, Pune - IITM",18.6401,73.849,21.1,35,25.6,77,18.2,269,5.055,0.088,5.4,2.5,hidden_for_validation
2026-08-22T11:00,PUN_3409331,"Bhosari, Pune - IITM",18.6401,73.849,22.0,36,25.4,83,17.8,264,4.917,0.517,6.9,2.0,hidden_for_validation
2026-08-22T12:00,PUN_3409331,"Bhosari, Pune - IITM",18.6401,73.849,26.7,44,27.3,66,21.6,271,5.999,-0.105,7.2,1.9,hidden_for_validation
2026-08-22T13:00,PUN_3409331,"Bhosari, Pune - IITM",18.6401,73.849,23.3,38,26.1,72,19.5,280,5.334,-0.941,7.2,2.2,hidden_for_validation
2026-08-22T14:00,PUN_3409331,"Bhosari, Pune - IITM",18.6401,73.849,15.7,26,25.5,75,21.2,288,5.601,-1.82,7.4,2.7,hidden_for_validation
2026-08-22T15:00,PUN_3409331,"Bhosari, Pune - IITM",18.6401,73.849,12.6,21,26.0,73,19.8,277,5.459,-0.67,7.7,3.6,hidden_for_validation
2026-08-22T16:00,PUN_3409331,"Bhosari, Pune - IITM",18.6401,73.849,12.4,20,24.9,79,20.1,276,5.553,-0.584,7.4,4.8,hidden_for_validation
2026-08-22T17:00,PUN_3409331,"Bhosari, Pune - IITM",18.6401,73.849,13.5,22,24.6,81,18.5,281,5.045,-0.981,10.0,5.7,hidden_for_validation
2026-08-22T18:00,PUN_3409331,"Bhosari, Pune - IITM",18.6401,73.849,9.7,16,23.9,86,14.6,268,4.053,0.142,10.4,8.0,hidden_for_validation
2026-08-22T19:00,PUN_3409331,"Bhosari, Pune - IITM",18.6401,73.849,7.8,13,23.4,89,12.3,258,3.342,0.71,11.1,11.1,hidden_for_validation
2026-08-22T20:00,PUN_3409331,"Bhosari, Pune - IITM",18.6401,73.849,16.6,27,23.1,89,12.9,257,3.492,0.806,11.3,13.3,hidden_for_validation
2026-08-22T21:00,PUN_3409331,"Bhosari, Pune - IITM",18.6401,73.849,19.2,32,22.9,91,11.4,254,3.044,0.873,10.5,14.0,hidden_for_validation
2026-08-22T22:00,PUN_3409331,"Bhosari, Pune - IITM",18.6401,73.849,19.2,32,22.8,92,11.4,247,2.915,1.237,9.4,13.9,hidden_for_validation
2026-08-22T23:00,PUN_3409331,"Bhosari, Pune - IITM",18.6401,73.849,21.1,35,23.4,90,10.9,257,2.95,0.681,7.8,13.0,hidden_for_validation
2026-08-23T00:00,PUN_3409331,"Bhosari, Pune - IITM",18.6401,73.849,16.2,27,22.8,96,10.5,246,2.665,1.186,5.5,10.8,hidden_for_validation
2026-08-23T01:00,PUN_3409331,"Bhosari, Pune - IITM",18.6401,73.849,17.0,28,22.5,96,10.0,256,2.695,0.672,4.1,7.9,hidden_for_validation
2026-08-23T02:00,PUN_3409331,"Bhosari, Pune - IITM",18.6401,73.849,17.8,29,22.3,96,8.9,261,2.442,0.387,3.1,5.6,hidden_for_validation
2026-08-23T04:00,PUN_3409331,"Bhosari, Pune - IITM",18.6401,73.849,18.7,31,21.9,96,9.4,266,2.605,0.182,2.5,4.4,hidden_for_validation
2026-08-23T05:00,PUN_3409331,"Bhosari, Pune - IITM",18.6401,73.849,16.9,28,22.6,93,10.1,264,2.79,0.293,2.5,5.1,hidden_for_validation
2026-08-23T06:00,PUN_3409331,"Bhosari, Pune - IITM",18.6401,73.849,16.9,28,22.6,92,10.1,265,2.795,0.245,2.6,4.7,hidden_for_validation
2026-08-23T07:00,PUN_3409331,"Bhosari, Pune - IITM",18.6401,73.849,16.6,27,23.2,89,11.3,261,3.1,0.491,3.0,4.1,hidden_for_validation
2026-08-23T08:00,PUN_3409331,"Bhosari, Pune - IITM",18.6401,73.849,19.4,32,24.4,82,15.0,264,4.144,0.436,4.0,3.5,hidden_for_validation
2026-08-23T09:00,PUN_3409331,"Bhosari, Pune - IITM",18.6401,73.849,18.0,30,25.6,76,16.6,264,4.586,0.482,5.1,2.7,hidden_for_validation
2026-08-23T10:00,PUN_3409331,"Bhosari, Pune - IITM",18.6401,73.849,24.4,40,26.6,72,17.2,265,4.76,0.416,7.6,1.8,hidden_for_validation
2026-08-23T11:00,PUN_3409331,"Bhosari, Pune - IITM",18.6401,73.849,30.3,50,26.8,71,19.0,266,5.265,0.368,9.9,1.2,hidden_for_validation
2026-08-23T12:00,PUN_3409331,"Bhosari, Pune - IITM",18.6401,73.849,25.5,42,27.5,68,19.4,269,5.388,0.094,11.8,1.0,hidden_for_validation
2026-08-23T13:00,PUN_3409331,"Bhosari, Pune - IITM",18.6401,73.849,20.0,33,27.5,70,20.4,266,5.653,0.395,13.1,1.0,hidden_for_validation
2026-08-23T14:00,PUN_3409331,"Bhosari, Pune - IITM",18.6401,73.849,13.6,22,27.4,71,20.7,270,5.75,0.0,12.7,1.2,hidden_for_validation
2026-08-23T15:00,PUN_3409331,"Bhosari, Pune - IITM",18.6401,73.849,16.4,27,26.9,73,21.5,275,5.95,-0.521,11.6,1.6,hidden_for_validation
2026-08-23T16:00,PUN_3409331,"Bhosari, Pune - IITM",18.6401,73.849,17.5,29,26.5,74,20.2,273,5.603,-0.294,10.1,2.2,hidden_for_validation
2026-08-23T17:00,PUN_3409331,"Bhosari, Pune - IITM",18.6401,73.849,14.8,24,25.5,78,19.1,271,5.305,-0.093,9.9,2.6,hidden_for_validation
2026-08-23T18:00,PUN_3409331,"Bhosari, Pune - IITM",18.6401,73.849,8.8,14,24.6,82,15.9,266,4.406,0.308,9.0,4.3,hidden_for_validation
2026-08-23T19:00,PUN_3409331,"Bhosari, Pune - IITM",18.6401,73.849,11.1,18,23.6,87,13.7,266,3.796,0.265,9.2,6.6,hidden_for_validation
2026-08-23T20:00,PUN_3409331,"Bhosari, Pune - IITM",18.6401,73.849,15.1,25,23.2,90,13.4,265,3.708,0.324,9.7,8.3,hidden_for_validation
2026-08-23T21:00,PUN_3409331,"Bhosari, Pune - IITM",18.6401,73.849,14.8,24,23.1,90,12.4,268,3.442,0.12,9.7,8.9,hidden_for_validation
2026-08-23T22:00,PUN_3409331,"Bhosari, Pune - IITM",18.6401,73.849,20.7,34,23.1,91,12.1,267,3.357,0.176,9.3,8.8,hidden_for_validation
2026-08-23T23:00,PUN_3409331,"Bhosari, Pune - IITM",18.6401,73.849,22.4,37,23.2,90,10.9,264,3.011,0.316,8.6,8.4,hidden_for_validation
2026-08-24T00:00,PUN_3409331,"Bhosari, Pune - IITM",18.6401,73.849,18.2,30,23.0,91,11.5,269,3.194,0.056,7.3,7.6,hidden_for_validation
2026-08-24T02:00,PUN_3409331,"Bhosari, Pune - IITM",18.6401,73.849,20.9,34,22.7,92,10.6,273,2.94,-0.154,4.1,5.6,hidden_for_validation
2026-08-24T03:00,PUN_3409331,"Bhosari, Pune - IITM",18.6401,73.849,21.3,35,22.4,94,9.9,273,2.746,-0.144,3.8,5.4,hidden_for_validation
2026-08-24T04:00,PUN_3409331,"Bhosari, Pune - IITM",18.6401,73.849,22.0,36,22.5,94,9.0,275,2.491,-0.218,4.1,5.5,hidden_for_validation
2026-08-24T05:00,PUN_3409331,"Bhosari, Pune - IITM",18.6401,73.849,18.5,30,23.3,91,11.7,273,3.246,-0.17,4.0,4.1,hidden_for_validation
2026-08-24T06:00,PUN_3409331,"Bhosari, Pune - IITM",18.6401,73.849,14.0,23,22.9,92,11.2,273,3.107,-0.163,4.4,4.3,hidden_for_validation
2026-08-24T07:00,PUN_3409331,"Bhosari, Pune - IITM",18.6401,73.849,15.0,25,23.0,93,12.1,280,3.31,-0.584,5.0,4.6,hidden_for_validation
2026-08-24T08:00,PUN_3409331,"Bhosari, Pune - IITM",18.6401,73.849,17.8,29,24.6,83,14.7,278,4.044,-0.568,5.7,4.5,hidden_for_validation
2026-08-24T09:00,PUN_3409331,"Bhosari, Pune - IITM",18.6401,73.849,20.5,34,25.9,76,14.4,274,3.99,-0.279,8.5,3.7,hidden_for_validation
2026-08-24T10:00,PUN_3409331,"Bhosari, Pune - IITM",18.6401,73.849,26.4,44,26.9,71,15.4,275,4.262,-0.373,9.3,2.6,hidden_for_validation
2026-08-24T11:00,PUN_3409331,"Bhosari, Pune - IITM",18.6401,73.849,28.7,47,27.3,70,19.3,271,5.36,-0.094,12.0,1.8,hidden_for_validation
2026-08-24T12:00,PUN_3409331,"Bhosari, Pune - IITM",18.6401,73.849,21.4,35,27.7,69,18.0,272,4.997,-0.174,13.7,1.4,hidden_for_validation
2026-08-24T13:00,PUN_3409331,"Bhosari, Pune - IITM",18.6401,73.849,18.5,30,27.9,69,20.6,279,5.652,-0.895,13.5,1.4,hidden_for_validation
2026-08-24T14:00,PUN_3409331,"Bhosari, Pune - IITM",18.6401,73.849,18.6,31,27.6,70,20.9,271,5.805,-0.101,12.9,1.6,hidden_for_validation
2026-08-24T15:00,PUN_3409331,"Bhosari, Pune - IITM",18.6401,73.849,20.9,34,27.1,73,20.7,278,5.694,-0.8,12.7,2.1,hidden_for_validation
2026-08-24T16:00,PUN_3409331,"Bhosari, Pune - IITM",18.6401,73.849,22.7,37,26.7,73,20.8,276,5.746,-0.604,13.4,2.9,hidden_for_validation
2026-08-24T17:00,PUN_3409331,"Bhosari, Pune - IITM",18.6401,73.849,19.7,32,25.8,78,18.4,271,5.11,-0.089,14.9,4.1,hidden_for_validation
2026-08-24T19:00,PUN_3409331,"Bhosari, Pune - IITM",18.6401,73.849,21.3,35,23.6,88,14.5,265,4.012,0.351,14.1,9.3,hidden_for_validation
2026-08-24T20:00,PUN_3409331,"Bhosari, Pune - IITM",18.6401,73.849,18.6,31,23.2,90,13.7,265,3.791,0.332,13.2,11.3,hidden_for_validation
2026-08-24T21:00,PUN_3409331,"Bhosari, Pune - IITM",18.6401,73.849,21.2,35,23.3,90,13.9,266,3.852,0.269,11.8,11.4,hidden_for_validation
2026-08-24T22:00,PUN_3409331,"Bhosari, Pune - IITM",18.6401,73.849,18.2,30,23.3,90,13.0,268,3.609,0.126,11.2,10.6,hidden_for_validation
2026-08-24T23:00,PUN_3409331,"Bhosari, Pune - IITM",18.6401,73.849,21.6,36,23.1,90,11.6,266,3.214,0.225,9.1,9.5,hidden_for_validation
2026-08-25T00:00,PUN_3409331,"Bhosari, Pune - IITM",18.6401,73.849,24.3,40,22.8,92,11.3,263,3.116,0.383,7.3,8.2,hidden_for_validation
2026-08-25T01:00,PUN_3409331,"Bhosari, Pune - IITM",18.6401,73.849,22.4,37,22.7,93,11.8,264,3.26,0.343,6.2,6.8,hidden_for_validation
2026-08-25T02:00,PUN_3409331,"Bhosari, Pune - IITM",18.6401,73.849,21.5,35,22.7,92,13.4,266,3.713,0.26,5.4,5.7,hidden_for_validation
2026-08-25T03:00,PUN_3409331,"Bhosari, Pune - IITM",18.6401,73.849,17.7,29,22.5,93,13.0,264,3.591,0.377,4.7,5.4,hidden_for_validation
2026-08-25T04:00,PUN_3409331,"Bhosari, Pune - IITM",18.6401,73.849,12.0,20,22.5,92,14.4,274,3.99,-0.279,4.1,5.4,hidden_for_validation
2026-08-25T05:00,PUN_3409331,"Bhosari, Pune - IITM",18.6401,73.849,15.3,25,22.5,92,11.9,274,3.298,-0.231,3.6,5.8,hidden_for_validation
2026-08-25T06:00,PUN_3409331,"Bhosari, Pune - IITM",18.6401,73.849,27.5,45,22.7,91,11.5,271,3.194,-0.056,3.9,6.0,hidden_for_validation
2026-08-25T07:00,PUN_3409331,"Bhosari, Pune - IITM",18.6401,73.849,26.5,44,23.2,89,11.9,269,3.305,0.058,5.0,6.2,hidden_for_validation
2026-08-25T08:00,PUN_3409331,"Bhosari, Pune - IITM",18.6401,73.849,24.2,40,24.2,84,15.7,274,4.351,-0.304,6.9,5.9,hidden_for_validation
2026-08-25T09:00,PUN_3409331,"Bhosari, Pune - IITM",18.6401,73.849,25.3,42,25.3,78,14.8,273,4.106,-0.215,9.3,4.8,hidden_for_validation
2026-08-25T10:00,PUN_3409331,"Bhosari, Pune - IITM",18.6401,73.849,25.6,42,26.4,73,16.1,274,4.461,-0.312,10.9,3.3,hidden_for_validation
2026-08-25T11:00,PUN_3409331,"Bhosari, Pune - IITM",18.6401,73.849,25.3,42,26.8,72,19.6,270,5.444,0.0,12.7,2.1,hidden_for_validation
2026-08-25T12:00,PUN_3409331,"Bhosari, Pune - IITM",18.6401,73.849,22.8,38,27.4,67,18.0,266,4.988,0.349,13.7,1.6,hidden_for_validation
2026-08-25T13:00,PUN_3409331,"Bhosari, Pune - IITM",18.6401,73.849,22.8,38,28.1,64,19.5,272,5.413,-0.189,15.6,1.5,hidden_for_validation
2026-08-25T14:00,PUN_3409331,"Bhosari, Pune - IITM",18.6401,73.849,25.9,43,27.9,65,22.0,270,6.111,0.0,17.8,1.6,hidden_for_validation
2026-08-25T15:00,PUN_3409331,"Bhosari, Pune - IITM",18.6401,73.849,23.9,39,27.3,68,20.9,270,5.806,0.0,19.3,1.9,hidden_for_validation
2026-08-25T16:00,PUN_3409331,"Bhosari, Pune - IITM",18.6401,73.849,21.9,36,26.5,71,20.4,267,5.659,0.297,18.7,2.5,hidden_for_validation
2026-08-25T17:00,PUN_3409331,"Bhosari, Pune - IITM",18.6401,73.849,28.0,46,25.8,75,18.8,265,5.202,0.455,24.0,3.7,hidden_for_validation
2026-08-25T18:00,PUN_3409331,"Bhosari, Pune - IITM",18.6401,73.849,28.2,47,24.6,81,17.1,263,4.715,0.579,21.7,6.0,hidden_for_validation
2026-08-25T19:00,PUN_3409331,"Bhosari, Pune - IITM",18.6401,73.849,25.8,43,23.8,85,15.9,266,4.406,0.308,20.3,9.1,hidden_for_validation
2026-08-25T20:00,PUN_3409331,"Bhosari, Pune - IITM",18.6401,73.849,26.1,43,23.3,88,14.4,266,3.99,0.279,19.1,11.6,hidden_for_validation
2026-08-25T21:00,PUN_3409331,"Bhosari, Pune - IITM",18.6401,73.849,26.8,44,23.2,90,13.0,269,3.611,0.063,18.3,13.0,hidden_for_validation
2026-08-25T22:00,PUN_3409331,"Bhosari, Pune - IITM",18.6401,73.849,31.2,52,23.2,91,12.3,267,3.412,0.179,16.8,13.8,hidden_for_validation
2026-08-25T23:00,PUN_3409331,"Bhosari, Pune - IITM",18.6401,73.849,28.7,47,22.9,90,12.5,266,3.464,0.242,15.6,13.7,hidden_for_validation
2026-08-26T00:00,PUN_3409331,"Bhosari, Pune - IITM",18.6401,73.849,24.8,41,22.8,92,13.2,267,3.662,0.192,13.9,12.2,hidden_for_validation
2026-08-26T01:00,PUN_3409331,"Bhosari, Pune - IITM",18.6401,73.849,23.6,39,22.7,91,14.2,271,3.944,-0.069,10.9,9.7,hidden_for_validation
2026-08-26T02:00,PUN_3409331,"Bhosari, Pune - IITM",18.6401,73.849,19.8,33,22.6,91,14.8,269,4.111,0.072,8.3,7.7,hidden_for_validation
2026-08-26T03:00,PUN_3409331,"Bhosari, Pune - IITM",18.6401,73.849,15.3,25,22.4,92,13.5,269,3.749,0.065,6.9,6.7,hidden_for_validation
2026-08-26T04:00,PUN_3409331,"Bhosari, Pune - IITM",18.6401,73.849,14.6,24,22.4,92,14.1,263,3.888,0.477,6.3,6.2,hidden_for_validation
2026-08-26T05:00,PUN_3409331,"Bhosari, Pune - IITM",18.6401,73.849,18.7,31,23.1,89,13.9,267,3.856,0.202,4.5,6.0,hidden_for_validation
2026-08-26T06:00,PUN_3409331,"Bhosari, Pune - IITM",18.6401,73.849,18.9,31,22.8,90,15.0,273,4.161,-0.218,3.8,6.3,hidden_for_validation
2026-08-26T07:00,PUN_3409331,"Bhosari, Pune - IITM",18.6401,73.849,18.4,30,23.1,89,15.8,278,4.346,-0.611,3.9,6.6,hidden_for_validation
2026-08-26T08:00,PUN_3409331,"Bhosari, Pune - IITM",18.6401,73.849,16.1,26,24.2,83,17.5,280,4.787,-0.844,4.6,6.4,hidden_for_validation
2026-08-26T09:00,PUN_3409331,"Bhosari, Pune - IITM",18.6401,73.849,18.2,30,25.7,74,17.7,283,4.791,-1.106,9.2,5.2,hidden_for_validation
2026-08-26T10:00,PUN_3409331,"Bhosari, Pune - IITM",18.6401,73.849,19.4,32,26.7,69,20.9,277,5.762,-0.708,12.9,3.6,hidden_for_validation
2026-08-26T11:00,PUN_3409331,"Bhosari, Pune - IITM",18.6401,73.849,25.4,42,27.5,68,19.8,278,5.447,-0.765,16.4,2.3,hidden_for_validation
2026-08-26T12:00,PUN_3409331,"Bhosari, Pune - IITM",18.6401,73.849,26.3,43,28.3,63,19.4,276,5.359,-0.563,18.4,1.8,hidden_for_validation
2026-08-26T13:00,PUN_3409331,"Bhosari, Pune - IITM",18.6401,73.849,19.0,31,28.2,64,19.9,277,5.487,-0.674,21.0,1.7,hidden_for_validation
2026-08-26T14:00,PUN_3409331,"Bhosari, Pune - IITM",18.6401,73.849,19.1,31,28.0,65,20.6,275,5.7,-0.499,20.0,1.8,hidden_for_validation
2026-08-26T15:00,PUN_3409331,"Bhosari, Pune - IITM",18.6401,73.849,18.3,30,27.7,67,19.9,275,5.507,-0.482,19.0,2.0,hidden_for_validation
2026-08-26T16:00,PUN_3409331,"Bhosari, Pune - IITM",18.6401,73.849,20.0,33,26.8,71,20.6,275,5.7,-0.499,17.6,2.5,hidden_for_validation
2026-08-26T17:00,PUN_3409331,"Bhosari, Pune - IITM",18.6401,73.849,18.3,30,26.0,75,18.0,271,4.999,-0.087,20.6,3.6,hidden_for_validation
2026-08-26T18:00,PUN_3409331,"Bhosari, Pune - IITM",18.6401,73.849,16.1,26,24.9,80,15.8,268,4.386,0.153,18.4,6.0,hidden_for_validation
2026-08-26T19:00,PUN_3409331,"Bhosari, Pune - IITM",18.6401,73.849,19.6,32,23.6,87,13.6,262,3.741,0.526,17.0,9.3,hidden_for_validation
2026-08-26T20:00,PUN_3409331,"Bhosari, Pune - IITM",18.6401,73.849,18.8,31,23.2,92,13.0,264,3.591,0.377,15.4,12.0,hidden_for_validation
2026-08-26T21:00,PUN_3409331,"Bhosari, Pune - IITM",18.6401,73.849,17.6,29,23.1,92,11.9,266,3.298,0.231,14.1,13.5,hidden_for_validation
2026-08-26T22:00,PUN_3409331,"Bhosari, Pune - IITM",18.6401,73.849,20.4,34,23.0,91,11.4,265,3.155,0.276,12.9,14.4,hidden_for_validation
2026-08-26T23:00,PUN_3409331,"Bhosari, Pune - IITM",18.6401,73.849,23.6,39,23.0,91,11.3,261,3.1,0.491,10.9,14.3,hidden_for_validation
2026-08-27T00:00,PUN_3409331,"Bhosari, Pune - IITM",18.6401,73.849,21.5,35,22.7,93,10.5,264,2.901,0.305,8.1,12.8,hidden_for_validation
2026-08-27T01:00,PUN_3409331,"Bhosari, Pune - IITM",18.6401,73.849,24.5,40,22.9,92,11.6,262,3.191,0.448,5.5,10.3,hidden_for_validation
2026-08-27T02:00,PUN_3409331,"Bhosari, Pune - IITM",18.6401,73.849,17.9,29,22.8,92,12.6,265,3.487,0.305,4.5,8.2,hidden_for_validation
2026-08-27T03:00,PUN_3409331,"Bhosari, Pune - IITM",18.6401,73.849,16.8,28,22.6,92,13.2,265,3.653,0.32,3.9,6.8,hidden_for_validation
2026-08-27T04:00,PUN_3409331,"Bhosari, Pune - IITM",18.6401,73.849,19.5,32,22.6,92,13.4,263,3.695,0.454,3.5,5.8,hidden_for_validation
2026-08-27T05:00,PUN_3409331,"Bhosari, Pune - IITM",18.6401,73.849,17.1,28,22.6,92,14.4,267,3.995,0.209,2.5,3.8,hidden_for_validation
2026-08-27T06:00,PUN_3409331,"Bhosari, Pune - IITM",18.6401,73.849,15.3,25,23.0,92,14.3,264,3.95,0.415,3.3,3.7,hidden_for_validation
2026-08-27T07:00,PUN_3409331,"Bhosari, Pune - IITM",18.6401,73.849,19.5,32,23.2,88,14.6,265,4.04,0.353,4.1,3.6,hidden_for_validation
2026-08-27T08:00,PUN_3409331,"Bhosari, Pune - IITM",18.6401,73.849,18.7,31,23.9,84,18.6,266,5.154,0.36,6.8,3.4,hidden_for_validation
2026-08-27T09:00,PUN_3409331,"Bhosari, Pune - IITM",18.6401,73.849,18.0,30,25.0,79,20.6,266,5.708,0.399,9.4,2.9,hidden_for_validation
2026-08-27T10:00,PUN_3409331,"Bhosari, Pune - IITM",18.6401,73.849,24.1,40,26.3,70,17.8,268,4.941,0.173,10.2,2.2,hidden_for_validation
2026-08-27T11:00,PUN_3409331,"Bhosari, Pune - IITM",18.6401,73.849,20.5,34,27.0,66,21.0,264,5.801,0.61,11.6,1.7,hidden_for_validation
2026-08-27T12:00,PUN_3409331,"Bhosari, Pune - IITM",18.6401,73.849,18.6,31,27.4,65,19.1,273,5.298,-0.278,12.2,1.5,hidden_for_validation
2026-08-27T13:00,PUN_3409331,"Bhosari, Pune - IITM",18.6401,73.849,22.0,36,27.6,61,22.9,269,6.36,0.111,12.0,1.5,hidden_for_validation
2026-08-27T14:00,PUN_3409331,"Bhosari, Pune - IITM",18.6401,73.849,22.2,37,27.3,64,21.6,270,6.0,0.0,12.0,1.7,hidden_for_validation
2026-08-27T15:00,PUN_3409331,"Bhosari, Pune - IITM",18.6401,73.849,19.6,32,26.8,68,21.2,270,5.889,0.0,11.4,2.0,hidden_for_validation
2026-08-29T00:00,PUN_3409331,"Bhosari, Pune - IITM",18.6401,73.849,15.7,26,22.8,90,13.5,267,3.745,0.196,2.8,7.9,hidden_for_validation
2026-08-29T01:00,PUN_3409331,"Bhosari, Pune - IITM",18.6401,73.849,12.6,21,22.6,92,14.6,272,4.053,-0.142,2.5,6.7,hidden_for_validation
2026-08-29T02:00,PUN_3409331,"Bhosari, Pune - IITM",18.6401,73.849,10.9,18,22.6,92,16.4,269,4.555,0.08,2.5,5.8,hidden_for_validation
2026-08-29T03:00,PUN_3409331,"Bhosari, Pune - IITM",18.6401,73.849,9.1,15,22.5,94,14.7,264,4.061,0.427,1.9,5.2,hidden_for_validation
2026-08-29T04:00,PUN_3409331,"Bhosari, Pune - IITM",18.6401,73.849,13.8,23,22.5,93,17.6,262,4.841,0.68,1.4,4.7,hidden_for_validation
2026-08-29T05:00,PUN_3409331,"Bhosari, Pune - IITM",18.6401,73.849,14.3,23,22.4,93,17.7,266,4.905,0.343,3.7,5.5,hidden_for_validation
2026-08-29T06:00,PUN_3409331,"Bhosari, Pune - IITM",18.6401,73.849,18.7,31,22.5,91,19.3,270,5.361,0.0,3.7,5.2,hidden_for_validation
2026-08-29T07:00,PUN_3409331,"Bhosari, Pune - IITM",18.6401,73.849,15.6,26,22.9,89,16.8,268,4.664,0.163,4.3,4.7,hidden_for_validation
2026-08-30T07:00,PUN_3409331,"Bhosari, Pune - IITM",18.6401,73.849,14.6,24,22.6,88,19.3,267,5.354,0.281,3.7,4.6,hidden_for_validation
2026-08-30T08:00,PUN_3409331,"Bhosari, Pune - IITM",18.6401,73.849,13.8,23,23.6,82,19.8,263,5.459,0.67,4.4,3.9,hidden_for_validation
2026-08-30T09:00,PUN_3409331,"Bhosari, Pune - IITM",18.6401,73.849,14.5,24,25.4,71,21.8,266,6.041,0.422,5.7,3.0,hidden_for_validation
2026-08-30T10:00,PUN_3409331,"Bhosari, Pune - IITM",18.6401,73.849,24.7,41,26.5,66,23.8,267,6.602,0.346,6.7,2.0,hidden_for_validation
2026-08-30T11:00,PUN_3409331,"Bhosari, Pune - IITM",18.6401,73.849,19.0,31,26.9,65,22.0,269,6.11,0.107,7.8,1.3,hidden_for_validation
2026-08-30T12:00,PUN_3409331,"Bhosari, Pune - IITM",18.6401,73.849,11.9,19,27.5,63,25.2,268,6.996,0.244,8.6,1.1,hidden_for_validation
2026-08-30T13:00,PUN_3409331,"Bhosari, Pune - IITM",18.6401,73.849,11.4,19,27.6,62,26.4,275,7.305,-0.639,8.7,1.2,hidden_for_validation
2026-08-30T14:00,PUN_3409331,"Bhosari, Pune - IITM",18.6401,73.849,9.8,16,27.9,61,24.9,277,6.865,-0.843,8.7,1.4,hidden_for_validation
2026-08-30T15:00,PUN_3409331,"Bhosari, Pune - IITM",18.6401,73.849,8.0,13,27.0,64,23.1,275,6.392,-0.559,9.1,1.7,hidden_for_validation
2026-08-30T16:00,PUN_3409331,"Bhosari, Pune - IITM",18.6401,73.849,7.2,12,26.4,67,21.6,271,5.999,-0.105,8.7,2.1,hidden_for_validation
2026-08-30T17:00,PUN_3409331,"Bhosari, Pune - IITM",18.6401,73.849,7.0,11,25.8,73,18.3,275,5.064,-0.443,9.8,2.4,hidden_for_validation
2026-08-30T18:00,PUN_3409331,"Bhosari, Pune - IITM",18.6401,73.849,20.4,34,24.6,79,16.0,270,4.444,0.0,8.6,4.1,hidden_for_validation
2026-08-30T19:00,PUN_3409331,"Bhosari, Pune - IITM",18.6401,73.849,22.0,36,23.6,84,13.3,272,3.692,-0.129,7.6,6.4,hidden_for_validation
2026-08-30T20:00,PUN_3409331,"Bhosari, Pune - IITM",18.6401,73.849,18.8,31,23.4,87,13.1,268,3.637,0.127,7.3,8.0,hidden_for_validation
2026-08-30T21:00,PUN_3409331,"Bhosari, Pune - IITM",18.6401,73.849,17.1,28,23.1,90,13.2,273,3.662,-0.192,6.2,8.1,hidden_for_validation
2026-08-30T22:00,PUN_3409331,"Bhosari, Pune - IITM",18.6401,73.849,13.4,22,23.0,90,14.3,275,3.957,-0.346,5.4,7.5,hidden_for_validation
2026-08-30T23:00,PUN_3409331,"Bhosari, Pune - IITM",18.6401,73.849,18.3,30,22.5,92,13.9,265,3.846,0.337,4.8,6.8,hidden_for_validation
2026-08-31T00:00,PUN_3409331,"Bhosari, Pune - IITM",18.6401,73.849,16.4,27,22.5,91,15.1,268,4.192,0.146,4.1,6.3,hidden_for_validation
2026-08-31T01:00,PUN_3409331,"Bhosari, Pune - IITM",18.6401,73.849,16.1,26,22.0,92,14.9,270,4.139,0.0,3.9,5.9,hidden_for_validation
2026-08-31T02:00,PUN_3409331,"Bhosari, Pune - IITM",18.6401,73.849,17.6,29,22.0,91,15.3,268,4.247,0.148,3.9,5.5,hidden_for_validation
2026-08-31T03:00,PUN_3409331,"Bhosari, Pune - IITM",18.6401,73.849,15.9,26,22.1,91,14.6,266,4.046,0.283,3.4,5.4,hidden_for_validation
2026-08-31T04:00,PUN_3409331,"Bhosari, Pune - IITM",18.6401,73.849,17.3,28,22.2,91,15.2,263,4.191,0.515,2.8,5.4,hidden_for_validation
2026-08-31T05:00,PUN_3409331,"Bhosari, Pune - IITM",18.6401,73.849,12.6,21,22.1,92,16.4,266,4.544,0.318,3.1,5.0,hidden_for_validation
2026-08-31T06:00,PUN_3409331,"Bhosari, Pune - IITM",18.6401,73.849,14.3,23,22.1,92,15.9,266,4.406,0.308,2.8,5.0,hidden_for_validation
2026-08-31T07:00,PUN_3409331,"Bhosari, Pune - IITM",18.6401,73.849,15.5,25,22.8,90,18.5,270,5.139,0.0,3.1,5.0,hidden_for_validation
2026-08-31T08:00,PUN_3409331,"Bhosari, Pune - IITM",18.6401,73.849,12.1,20,24.1,83,21.1,273,5.853,-0.307,3.4,4.8,hidden_for_validation
2026-08-31T09:00,PUN_3409331,"Bhosari, Pune - IITM",18.6401,73.849,14.3,23,25.2,77,21.3,275,5.894,-0.516,5.4,4.1,hidden_for_validation
2026-08-31T10:00,PUN_3409331,"Bhosari, Pune - IITM",18.6401,73.849,24.7,41,26.1,72,21.2,276,5.857,-0.616,7.4,3.1,hidden_for_validation
2026-08-31T11:00,PUN_3409331,"Bhosari, Pune - IITM",18.6401,73.849,23.2,38,27.4,65,19.1,275,5.285,-0.462,10.3,2.3,hidden_for_validation
2026-08-31T12:00,PUN_3409331,"Bhosari, Pune - IITM",18.6401,73.849,15.2,25,27.9,62,19.6,273,5.437,-0.285,11.4,1.9,hidden_for_validation
2026-08-31T13:00,PUN_3409331,"Bhosari, Pune - IITM",18.6401,73.849,9.9,16,27.9,63,20.6,284,5.552,-1.384,11.0,1.7,hidden_for_validation
2026-08-31T14:00,PUN_3409331,"Bhosari, Pune - IITM",18.6401,73.849,11.5,19,27.6,64,22.2,275,6.143,-0.537,10.2,1.8,hidden_for_validation
2026-08-31T15:00,PUN_3409331,"Bhosari, Pune - IITM",18.6401,73.849,12.0,20,27.5,64,21.0,279,5.762,-0.913,9.6,2.3,hidden_for_validation
2026-08-31T16:00,PUN_3409331,"Bhosari, Pune - IITM",18.6401,73.849,13.9,23,26.3,71,20.7,284,5.579,-1.391,8.3,3.2,hidden_for_validation
2026-08-31T17:00,PUN_3409331,"Bhosari, Pune - IITM",18.6401,73.849,14.4,24,25.5,76,19.9,277,5.487,-0.674,12.6,3.6,hidden_for_validation
2026-08-31T18:00,PUN_3409331,"Bhosari, Pune - IITM",18.6401,73.849,11.0,18,23.8,84,15.1,271,4.194,-0.073,11.1,5.9,hidden_for_validation
2026-08-31T19:00,PUN_3409331,"Bhosari, Pune - IITM",18.6401,73.849,7.8,13,23.1,88,11.9,260,3.255,0.574,10.7,9.2,hidden_for_validation
2026-08-31T20:00,PUN_3409331,"Bhosari, Pune - IITM",18.6401,73.849,19.3,32,23.0,89,11.9,260,3.255,0.574,10.0,11.6,hidden_for_validation
2026-08-31T21:00,PUN_3409331,"Bhosari, Pune - IITM",18.6401,73.849,21.3,35,22.9,90,10.3,254,2.75,0.789,9.9,12.8,hidden_for_validation
2026-08-31T22:00,PUN_3409331,"Bhosari, Pune - IITM",18.6401,73.849,21.3,35,22.8,90,12.1,252,3.197,1.039,9.3,13.2,hidden_for_validation
2026-08-31T23:00,PUN_3409331,"Bhosari, Pune - IITM",18.6401,73.849,19.0,31,22.6,90,12.1,259,3.299,0.641,8.0,12.6,hidden_for_validation
2026-09-01T00:00,PUN_3409331,"Bhosari, Pune - IITM",18.6401,73.849,16.5,27,22.2,92,12.3,263,3.391,0.416,5.9,10.4,hidden_for_validation
2026-09-01T01:00,PUN_3409331,"Bhosari, Pune - IITM",18.6401,73.849,14.0,23,22.1,93,12.9,262,3.548,0.499,4.8,7.2,hidden_for_validation
2026-09-01T02:00,PUN_3409331,"Bhosari, Pune - IITM",18.6401,73.849,19.8,33,22.2,93,12.1,255,3.247,0.87,4.2,5.0,hidden_for_validation
2026-09-01T03:00,PUN_3409331,"Bhosari, Pune - IITM",18.6401,73.849,16.2,27,22.3,91,14.9,259,4.063,0.79,4.0,4.7,hidden_for_validation
2026-09-01T04:00,PUN_3409331,"Bhosari, Pune - IITM",18.6401,73.849,19.1,31,22.4,91,12.3,267,3.412,0.179,3.9,5.4,hidden_for_validation
2026-09-01T05:00,PUN_3409331,"Bhosari, Pune - IITM",18.6401,73.849,15.1,25,22.3,93,13.9,266,3.852,0.269,2.5,5.2,hidden_for_validation
2026-09-01T06:00,PUN_3409331,"Bhosari, Pune - IITM",18.6401,73.849,10.0,16,22.5,93,13.3,267,3.689,0.193,2.9,5.1,hidden_for_validation
2026-09-01T07:00,PUN_3409331,"Bhosari, Pune - IITM",18.6401,73.849,16.2,27,22.9,91,16.6,269,4.61,0.08,3.0,4.9,hidden_for_validation
2026-09-01T08:00,PUN_3409331,"Bhosari, Pune - IITM",18.6401,73.849,13.8,23,24.4,81,18.5,269,5.138,0.09,3.7,4.5,hidden_for_validation
2026-09-01T09:00,PUN_3409331,"Bhosari, Pune - IITM",18.6401,73.849,19.1,31,25.3,76,17.3,269,4.805,0.084,4.9,3.7,hidden_for_validation
2026-09-01T10:00,PUN_3409331,"Bhosari, Pune - IITM",18.6401,73.849,23.9,39,26.7,70,18.4,269,5.11,0.089,6.0,2.8,hidden_for_validation
2026-09-01T11:00,PUN_3409331,"Bhosari, Pune - IITM",18.6401,73.849,21.1,35,27.5,65,17.5,271,4.86,-0.085,7.4,2.1,hidden_for_validation
2026-09-01T12:00,PUN_3409331,"Bhosari, Pune - IITM",18.6401,73.849,24.7,41,28.3,61,17.3,274,4.794,-0.335,8.0,1.8,hidden_for_validation
2026-09-01T13:00,PUN_3409331,"Bhosari, Pune - IITM",18.6401,73.849,18.3,30,28.6,60,17.9,276,4.945,-0.52,8.4,1.7,hidden_for_validation
2026-09-01T14:00,PUN_3409331,"Bhosari, Pune - IITM",18.6401,73.849,11.9,19,28.4,60,20.5,269,5.694,0.099,8.3,1.9,hidden_for_validation
2026-09-01T15:00,PUN_3409331,"Bhosari, Pune - IITM",18.6401,73.849,17.8,29,27.9,64,20.4,275,5.645,-0.494,8.5,2.4,hidden_for_validation
2026-09-01T16:00,PUN_3409331,"Bhosari, Pune - IITM",18.6401,73.849,20.1,33,25.9,74,22.1,280,6.046,-1.066,8.5,3.1,hidden_for_validation
2026-09-01T17:00,PUN_3409331,"Bhosari, Pune - IITM",18.6401,73.849,14.5,24,25.4,78,18.6,278,5.116,-0.719,7.3,5.3,hidden_for_validation
2026-09-01T18:00,PUN_3409331,"Bhosari, Pune - IITM",18.6401,73.849,9.7,16,24.1,84,15.1,272,4.192,-0.146,6.5,7.5,hidden_for_validation
2026-09-01T19:00,PUN_3409331,"Bhosari, Pune - IITM",18.6401,73.849,15.5,25,23.5,88,11.2,260,3.064,0.54,7.3,10.6,hidden_for_validation
2026-09-01T20:00,PUN_3409331,"Bhosari, Pune - IITM",18.6401,73.849,19.0,31,23.3,90,9.2,271,2.555,-0.045,7.5,12.8,hidden_for_validation
2026-09-01T21:00,PUN_3409331,"Bhosari, Pune - IITM",18.6401,73.849,13.9,23,23.3,89,11.0,271,3.055,-0.053,7.6,13.4,hidden_for_validation
2026-09-01T22:00,PUN_3409331,"Bhosari, Pune - IITM",18.6401,73.849,20.7,34,23.1,91,10.8,265,2.989,0.261,7.8,13.1,hidden_for_validation
2026-09-01T23:00,PUN_3409331,"Bhosari, Pune - IITM",18.6401,73.849,21.1,35,22.7,91,10.4,260,2.845,0.502,7.5,12.6,hidden_for_validation
2026-09-02T00:00,PUN_3409331,"Bhosari, Pune - IITM",18.6401,73.849,19.5,32,22.2,93,8.7,263,2.399,0.295,6.9,11.8,hidden_for_validation
2026-09-02T01:00,PUN_3409331,"Bhosari, Pune - IITM",18.6401,73.849,13.4,22,22.1,94,8.8,259,2.4,0.466,6.6,10.8,hidden_for_validation
2026-09-02T02:00,PUN_3409331,"Bhosari, Pune - IITM",18.6401,73.849,21.9,36,21.8,95,9.3,262,2.558,0.36,6.0,9.8,hidden_for_validation
2026-09-02T03:00,PUN_3409331,"Bhosari, Pune - IITM",18.6401,73.849,17.5,29,21.8,94,8.7,263,2.399,0.295,6.0,9.2,hidden_for_validation
2026-09-02T04:00,PUN_3409331,"Bhosari, Pune - IITM",18.6401,73.849,14.8,24,21.9,93,8.0,262,2.201,0.309,5.9,8.6,hidden_for_validation
2026-09-02T05:00,PUN_3409331,"Bhosari, Pune - IITM",18.6401,73.849,10.6,17,22.6,92,10.3,259,2.809,0.546,5.1,6.0,hidden_for_validation
2026-09-02T06:00,PUN_3409331,"Bhosari, Pune - IITM",18.6401,73.849,12.6,21,22.3,92,9.1,261,2.497,0.395,4.3,5.5,hidden_for_validation
2026-09-02T07:00,PUN_3409331,"Bhosari, Pune - IITM",18.6401,73.849,12.1,20,23.2,88,11.2,251,2.942,1.013,3.4,4.8,hidden_for_validation
2026-09-02T08:00,PUN_3409331,"Bhosari, Pune - IITM",18.6401,73.849,19.5,32,24.6,79,13.7,252,3.619,1.176,3.2,4.1,hidden_for_validation
2026-09-02T09:00,PUN_3409331,"Bhosari, Pune - IITM",18.6401,73.849,20.4,34,25.8,73,14.9,258,4.048,0.861,3.2,3.2,hidden_for_validation
2026-09-02T10:00,PUN_3409331,"Bhosari, Pune - IITM",18.6401,73.849,23.5,39,26.8,71,15.5,261,4.253,0.674,3.6,2.3,hidden_for_validation
2026-09-02T11:00,PUN_3409331,"Bhosari, Pune - IITM",18.6401,73.849,18.0,30,27.7,66,17.4,263,4.797,0.589,3.6,1.6,hidden_for_validation
2026-09-02T12:00,PUN_3409331,"Bhosari, Pune - IITM",18.6401,73.849,15.8,26,28.1,64,17.6,270,4.889,0.0,3.6,1.4,hidden_for_validation
2026-09-02T13:00,PUN_3409331,"Bhosari, Pune - IITM",18.6401,73.849,14.8,24,25.6,77,22.2,268,6.163,0.215,3.7,1.4,hidden_for_validation
2026-09-02T14:00,PUN_3409331,"Bhosari, Pune - IITM",18.6401,73.849,10.9,18,26.0,78,20.0,271,5.555,-0.097,4.1,1.7,hidden_for_validation
2026-09-02T15:00,PUN_3409331,"Bhosari, Pune - IITM",18.6401,73.849,7.6,12,27.1,64,20.4,279,5.597,-0.886,4.1,2.1,hidden_for_validation
2026-09-02T16:00,PUN_3409331,"Bhosari, Pune - IITM",18.6401,73.849,5.8,9,26.0,74,19.2,275,5.313,-0.465,3.1,2.8,hidden_for_validation
2026-09-02T17:00,PUN_3409331,"Bhosari, Pune - IITM",18.6401,73.849,5.9,9,25.1,77,17.2,280,4.705,-0.83,6.2,5.5,hidden_for_validation
2026-09-02T18:00,PUN_3409331,"Bhosari, Pune - IITM",18.6401,73.849,13.2,22,23.9,85,16.0,273,4.438,-0.233,6.3,8.4,hidden_for_validation
2026-09-02T19:00,PUN_3409331,"Bhosari, Pune - IITM",18.6401,73.849,12.2,20,23.1,89,13.1,270,3.639,0.0,7.3,12.3,hidden_for_validation
2026-09-02T20:00,PUN_3409331,"Bhosari, Pune - IITM",18.6401,73.849,14.3,23,22.9,90,9.9,267,2.746,0.144,7.7,15.1,hidden_for_validation
2026-09-02T21:00,PUN_3409331,"Bhosari, Pune - IITM",18.6401,73.849,19.1,31,22.8,90,9.6,262,2.641,0.371,7.2,16.0,hidden_for_validation
2026-09-02T22:00,PUN_3409331,"Bhosari, Pune - IITM",18.6401,73.849,31.5,52,22.6,91,8.7,266,2.411,0.169,7.0,15.8,hidden_for_validation
2026-09-02T23:00,PUN_3409331,"Bhosari, Pune - IITM",18.6401,73.849,23.9,39,22.5,91,9.3,262,2.558,0.36,7.1,14.9,hidden_for_validation
2026-09-03T00:00,PUN_3409331,"Bhosari, Pune - IITM",18.6401,73.849,21.0,35,22.1,93,8.8,255,2.361,0.633,6.4,13.0,hidden_for_validation
2026-09-03T01:00,PUN_3409331,"Bhosari, Pune - IITM",18.6401,73.849,19.2,32,21.8,94,8.5,252,2.246,0.73,6.2,10.4,hidden_for_validation
2026-09-03T02:00,PUN_3409331,"Bhosari, Pune - IITM",18.6401,73.849,14.4,24,21.8,94,7.1,255,1.905,0.51,6.1,8.3,hidden_for_validation
2026-09-03T03:00,PUN_3409331,"Bhosari, Pune - IITM",18.6401,73.849,10.8,18,21.9,94,8.3,248,2.138,0.864,6.1,7.2,hidden_for_validation
2026-09-03T04:00,PUN_3409331,"Bhosari, Pune - IITM",18.6401,73.849,7.9,13,21.9,93,8.7,256,2.345,0.585,5.4,6.5,hidden_for_validation
2026-09-03T05:00,PUN_3409331,"Bhosari, Pune - IITM",18.6401,73.849,11.6,19,21.9,93,8.8,269,2.444,0.043,3.8,4.3,hidden_for_validation
2026-09-03T06:00,PUN_3409331,"Bhosari, Pune - IITM",18.6401,73.849,10.2,17,21.9,93,8.3,271,2.305,-0.04,3.6,4.4,hidden_for_validation
2026-09-03T07:00,PUN_3409331,"Bhosari, Pune - IITM",18.6401,73.849,21.5,35,22.7,88,9.4,259,2.563,0.498,3.3,4.6,hidden_for_validation
2026-09-03T08:00,PUN_3409331,"Bhosari, Pune - IITM",18.6401,73.849,23.5,39,24.1,80,13.6,258,3.695,0.785,3.4,4.4,hidden_for_validation
2026-09-03T09:00,PUN_3409331,"Bhosari, Pune - IITM",18.6401,73.849,16.2,27,25.6,73,15.2,259,4.145,0.806,3.8,3.5,hidden_for_validation
2026-09-03T10:00,PUN_3409331,"Bhosari, Pune - IITM",18.6401,73.849,17.2,28,26.1,72,16.4,261,4.5,0.713,5.0,2.3,hidden_for_validation
2026-09-03T14:00,PUN_3409331,"Bhosari, Pune - IITM",18.6401,73.849,4.7,7,27.7,64,21.4,272,5.941,-0.207,7.1,1.8,hidden_for_validation
2026-09-03T15:00,PUN_3409331,"Bhosari, Pune - IITM",18.6401,73.849,4.5,7,27.0,70,19.7,276,5.442,-0.572,6.8,2.4,hidden_for_validation
2026-09-03T16:00,PUN_3409331,"Bhosari, Pune - IITM",18.6401,73.849,11.9,19,26.5,71,19.1,274,5.293,-0.37,6.7,3.3,hidden_for_validation
2026-09-03T17:00,PUN_3409331,"Bhosari, Pune - IITM",18.6401,73.849,15.2,25,25.6,74,16.4,271,4.555,-0.08,9.7,3.8,hidden_for_validation
2026-09-03T18:00,PUN_3409331,"Bhosari, Pune - IITM",18.6401,73.849,10.8,18,24.4,80,14.2,266,3.935,0.275,9.6,6.4,hidden_for_validation
2026-09-03T19:00,PUN_3409331,"Bhosari, Pune - IITM",18.6401,73.849,15.6,26,23.6,84,12.4,269,3.444,0.06,9.3,9.9,hidden_for_validation
2026-09-03T20:00,PUN_3409331,"Bhosari, Pune - IITM",18.6401,73.849,18.4,30,23.0,88,9.9,268,2.748,0.096,9.3,12.5,hidden_for_validation
2026-09-03T21:00,PUN_3409331,"Bhosari, Pune - IITM",18.6401,73.849,33.6,56,22.8,90,10.2,260,2.79,0.492,9.1,13.4,hidden_for_validation
2026-09-03T22:00,PUN_3409331,"Bhosari, Pune - IITM",18.6401,73.849,22.2,37,22.8,91,10.3,264,2.845,0.299,9.1,13.3,hidden_for_validation
2026-09-03T23:00,PUN_3409331,"Bhosari, Pune - IITM",18.6401,73.849,15.8,26,22.4,92,10.0,262,2.751,0.387,8.7,12.7,hidden_for_validation
2026-09-04T00:00,PUN_3409331,"Bhosari, Pune - IITM",18.6401,73.849,10.7,17,22.4,92,10.7,262,2.943,0.414,7.8,11.2,hidden_for_validation
2026-08-21T01:00,PUN_11609,"Mhada Colony, Pune - IITM",18.573,73.9277,10.8,18,23.0,89,10.5,264,2.901,0.305,3.8,6.8,active
2026-08-21T02:00,PUN_11609,"Mhada Colony, Pune - IITM",18.573,73.9277,18.1,30,23.0,89,10.6,259,2.89,0.562,2.5,5.1,active
2026-08-21T03:00,PUN_11609,"Mhada Colony, Pune - IITM",18.573,73.9277,23.8,39,22.8,89,10.5,262,2.888,0.406,2.1,4.6,active
2026-08-21T04:00,PUN_11609,"Mhada Colony, Pune - IITM",18.573,73.9277,23.3,38,22.7,90,9.8,264,2.707,0.285,2.1,4.7,active
2026-08-21T05:00,PUN_11609,"Mhada Colony, Pune - IITM",18.573,73.9277,22.3,37,22.8,89,11.2,269,3.111,0.054,2.6,5.0,active
2026-08-21T06:00,PUN_11609,"Mhada Colony, Pune - IITM",18.573,73.9277,20.1,33,22.7,89,10.8,269,3.0,0.052,2.7,5.2,active
2026-08-21T07:00,PUN_11609,"Mhada Colony, Pune - IITM",18.573,73.9277,14.0,23,23.3,88,13.3,270,3.694,0.0,2.8,5.4,active
2026-08-21T08:00,PUN_11609,"Mhada Colony, Pune - IITM",18.573,73.9277,19.1,31,24.5,82,15.8,269,4.388,0.077,3.8,5.3,active
2026-08-21T09:00,PUN_11609,"Mhada Colony, Pune - IITM",18.573,73.9277,21.1,35,25.9,73,16.0,268,4.442,0.155,5.9,4.4,active
2026-08-21T10:00,PUN_11609,"Mhada Colony, Pune - IITM",18.573,73.9277,25.2,42,27.3,67,17.6,269,4.888,0.085,7.8,3.1,active
2026-08-21T11:00,PUN_11609,"Mhada Colony, Pune - IITM",18.573,73.9277,27.1,45,28.2,63,18.4,265,5.092,0.445,9.2,2.2,active
2026-08-21T12:00,PUN_11609,"Mhada Colony, Pune - IITM",18.573,73.9277,23.6,39,28.8,61,17.1,268,4.747,0.166,9.7,1.8,active
2026-08-21T13:00,PUN_11609,"Mhada Colony, Pune - IITM",18.573,73.9277,30.5,50,29.0,60,18.4,270,5.111,0.0,9.9,1.8,active
2026-08-21T14:00,PUN_11609,"Mhada Colony, Pune - IITM",18.573,73.9277,23.9,39,28.3,62,20.5,272,5.691,-0.199,9.7,2.0,active
2026-08-21T15:00,PUN_11609,"Mhada Colony, Pune - IITM",18.573,73.9277,17.7,29,27.8,65,21.5,265,5.95,0.521,8.6,2.4,active
2026-08-21T16:00,PUN_11609,"Mhada Colony, Pune - IITM",18.573,73.9277,16.8,28,26.8,71,21.1,267,5.853,0.307,7.4,3.1,active
2026-08-21T22:00,PUN_11609,"Mhada Colony, Pune - IITM",18.573,73.9277,24.7,41,23.3,88,12.4,261,3.402,0.539,7.9,11.0,active
2026-08-21T23:00,PUN_11609,"Mhada Colony, Pune - IITM",18.573,73.9277,25.8,43,23.1,87,13.1,262,3.604,0.506,6.0,9.8,active
2026-08-22T00:00,PUN_11609,"Mhada Colony, Pune - IITM",18.573,73.9277,23.8,39,22.7,89,11.5,268,3.193,0.111,4.9,8.6,active
2026-08-22T01:00,PUN_11609,"Mhada Colony, Pune - IITM",18.573,73.9277,22.2,37,22.6,89,10.1,264,2.79,0.293,4.2,7.3,active
2026-08-22T02:00,PUN_11609,"Mhada Colony, Pune - IITM",18.573,73.9277,27.1,45,22.5,90,9.7,267,2.691,0.141,3.8,6.3,active
2026-08-22T03:00,PUN_11609,"Mhada Colony, Pune - IITM",18.573,73.9277,23.8,39,22.6,89,9.1,261,2.497,0.395,3.1,5.9,active
2026-08-22T04:00,PUN_11609,"Mhada Colony, Pune - IITM",18.573,73.9277,17.1,28,22.8,89,8.9,264,2.459,0.258,2.7,5.9,active
2026-08-22T05:00,PUN_11609,"Mhada Colony, Pune - IITM",18.573,73.9277,18.4,30,23.4,88,10.5,262,2.888,0.406,2.1,5.2,active
2026-08-22T06:00,PUN_11609,"Mhada Colony, Pune - IITM",18.573,73.9277,20.3,33,23.5,86,11.2,276,3.094,-0.325,2.2,5.6,active
2026-08-22T07:00,PUN_11609,"Mhada Colony, Pune - IITM",18.573,73.9277,17.6,29,23.8,85,11.8,261,3.237,0.513,3.5,6.1,active
2026-08-22T08:00,PUN_11609,"Mhada Colony, Pune - IITM",18.573,73.9277,19.5,32,24.5,82,15.5,261,4.253,0.674,3.8,6.1,active
2026-08-22T09:00,PUN_11609,"Mhada Colony, Pune - IITM",18.573,73.9277,24.3,40,25.2,78,15.5,261,4.253,0.674,5.3,5.0,active
2026-08-22T10:00,PUN_11609,"Mhada Colony, Pune - IITM",18.573,73.9277,19.2,32,26.1,72,17.6,270,4.889,0.0,6.4,3.3,active
2026-08-22T11:00,PUN_11609,"Mhada Colony, Pune - IITM",18.573,73.9277,20.1,33,26.1,82,18.0,271,4.999,-0.087,7.0,2.2,active
2026-08-22T12:00,PUN_11609,"Mhada Colony, Pune - IITM",18.573,73.9277,17.2,28,27.9,64,18.4,272,5.108,-0.178,7.6,2.0,active
2026-08-22T13:00,PUN_11609,"Mhada Colony, Pune - IITM",18.573,73.9277,17.7,29,27.4,67,22.8,286,6.088,-1.746,7.9,2.3,active
2026-08-22T14:00,PUN_11609,"Mhada Colony, Pune - IITM",18.573,73.9277,18.6,31,26.8,69,19.9,282,5.407,-1.149,8.0,3.0,active
2026-08-22T15:00,PUN_11609,"Mhada Colony, Pune - IITM",18.573,73.9277,20.3,33,26.9,70,19.5,279,5.35,-0.847,8.6,4.4,active
2026-08-22T16:00,PUN_11609,"Mhada Colony, Pune - IITM",18.573,73.9277,21.9,36,25.8,75,20.0,278,5.502,-0.773,8.7,6.2,active
2026-08-22T17:00,PUN_11609,"Mhada Colony, Pune - IITM",18.573,73.9277,17.7,29,25.8,75,19.3,279,5.295,-0.839,9.5,5.9,active
2026-08-22T18:00,PUN_11609,"Mhada Colony, Pune - IITM",18.573,73.9277,15.7,26,24.7,83,15.3,273,4.244,-0.222,9.1,8.2,active
2026-08-22T19:00,PUN_11609,"Mhada Colony, Pune - IITM",18.573,73.9277,18.2,30,24.2,86,12.8,266,3.547,0.248,9.6,11.4,active
2026-08-22T20:00,PUN_11609,"Mhada Colony, Pune - IITM",18.573,73.9277,22.3,37,23.8,86,13.5,260,3.693,0.651,10.1,13.6,active
2026-08-22T21:00,PUN_11609,"Mhada Colony, Pune - IITM",18.573,73.9277,22.8,38,23.6,87,12.2,257,3.302,0.762,9.2,14.0,active
2026-08-22T22:00,PUN_11609,"Mhada Colony, Pune - IITM",18.573,73.9277,21.3,35,23.5,88,11.7,259,3.19,0.62,8.4,13.3,active
2026-08-22T23:00,PUN_11609,"Mhada Colony, Pune - IITM",18.573,73.9277,20.8,34,23.8,87,10.8,259,2.945,0.572,6.9,12.2,active
2026-08-23T00:00,PUN_11609,"Mhada Colony, Pune - IITM",18.573,73.9277,19.5,32,23.8,88,11.2,242,2.747,1.461,5.6,10.4,active
2026-08-23T01:00,PUN_11609,"Mhada Colony, Pune - IITM",18.573,73.9277,22.6,37,23.3,88,11.2,248,2.885,1.165,4.3,8.1,active
2026-08-23T02:00,PUN_11609,"Mhada Colony, Pune - IITM",18.573,73.9277,22.5,37,23.1,89,10.1,259,2.754,0.535,3.4,6.4,active
2026-08-23T04:00,PUN_11609,"Mhada Colony, Pune - IITM",18.573,73.9277,23.3,38,22.7,90,10.7,275,2.961,-0.259,2.2,5.5,active
2026-08-23T05:00,PUN_11609,"Mhada Colony, Pune - IITM",18.573,73.9277,18.6,31,23.3,90,10.1,265,2.795,0.245,2.9,5.8,active
2026-08-23T06:00,PUN_11609,"Mhada Colony, Pune - IITM",18.573,73.9277,12.7,21,23.2,89,9.9,270,2.75,0.0,2.8,5.3,active
2026-08-23T07:00,PUN_11609,"Mhada Colony, Pune - IITM",18.573,73.9277,13.9,23,23.9,86,12.1,265,3.348,0.293,3.3,4.6,active
2026-08-23T08:00,PUN_11609,"Mhada Colony, Pune - IITM",18.573,73.9277,16.3,27,25.1,80,15.4,263,4.246,0.521,4.0,3.9,active
2026-08-23T09:00,PUN_11609,"Mhada Colony, Pune - IITM",18.573,73.9277,16.5,27,26.5,73,16.1,264,4.448,0.467,5.7,3.1,active
2026-08-23T10:00,PUN_11609,"Mhada Colony, Pune - IITM",18.573,73.9277,16.1,26,27.1,70,16.6,266,4.6,0.322,7.6,2.4,active
2026-08-23T11:00,PUN_11609,"Mhada Colony, Pune - IITM",18.573,73.9277,20.3,33,27.7,69,19.5,266,5.404,0.378,8.8,1.8,active
2026-08-23T12:00,PUN_11609,"Mhada Colony, Pune - IITM",18.573,73.9277,17.5,29,28.5,65,20.0,272,5.552,-0.194,9.4,1.5,active
2026-08-23T13:00,PUN_11609,"Mhada Colony, Pune - IITM",18.573,73.9277,12.2,20,28.4,67,20.9,270,5.806,0.0,9.3,1.4,active
2026-08-23T14:00,PUN_11609,"Mhada Colony, Pune - IITM",18.573,73.9277,15.6,26,28.2,68,21.6,270,6.0,0.0,9.3,1.6,active
2026-08-23T15:00,PUN_11609,"Mhada Colony, Pune - IITM",18.573,73.9277,18.0,30,27.8,70,21.6,272,5.996,-0.209,8.1,2.0,active
2026-08-23T16:00,PUN_11609,"Mhada Colony, Pune - IITM",18.573,73.9277,23.6,39,27.2,72,22.0,274,6.096,-0.426,7.0,2.7,active
2026-08-23T17:00,PUN_11609,"Mhada Colony, Pune - IITM",18.573,73.9277,19.7,32,26.6,74,20.3,271,5.638,-0.098,7.3,3.2,active
2026-08-23T18:00,PUN_11609,"Mhada Colony, Pune - IITM",18.573,73.9277,18.5,30,25.4,79,16.7,272,4.636,-0.162,7.7,5.6,active
2026-08-23T19:00,PUN_11609,"Mhada Colony, Pune - IITM",18.573,73.9277,18.0,30,24.4,84,15.1,269,4.194,0.073,8.2,8.9,active
2026-08-23T20:00,PUN_11609,"Mhada Colony, Pune - IITM",18.573,73.9277,19.0,31,24.0,86,14.2,268,3.942,0.138,9.3,11.0,active
2026-08-23T21:00,PUN_11609,"Mhada Colony, Pune - IITM",18.573,73.9277,24.1,40,23.8,87,12.4,271,3.444,-0.06,9.6,11.0,active
2026-08-23T22:00,PUN_11609,"Mhada Colony, Pune - IITM",18.573,73.9277,27.5,45,23.6,88,11.0,270,3.056,0.0,9.0,9.8,active
2026-08-23T23:00,PUN_11609,"Mhada Colony, Pune - IITM",18.573,73.9277,24.1,40,23.7,87,11.2,268,3.109,0.109,8.4,8.5,active
2026-08-24T00:00,PUN_11609,"Mhada Colony, Pune - IITM",18.573,73.9277,19.3,32,23.6,88,11.5,268,3.193,0.111,7.6,7.3,active
2026-08-24T01:00,PUN_11609,"Mhada Colony, Pune - IITM",18.573,73.9277,30.7,51,23.4,89,11.0,269,3.055,0.053,5.8,6.0,active
2026-08-24T02:00,PUN_11609,"Mhada Colony, Pune - IITM",18.573,73.9277,27.2,45,23.5,89,10.8,268,2.998,0.105,4.4,5.1,active
2026-08-24T03:00,PUN_11609,"Mhada Colony, Pune - IITM",18.573,73.9277,27.1,45,23.2,90,9.9,272,2.748,-0.096,3.6,4.8,active
2026-08-24T04:00,PUN_11609,"Mhada Colony, Pune - IITM",18.573,73.9277,21.1,35,22.9,91,7.7,273,2.136,-0.112,3.3,4.8,active
2026-08-24T05:00,PUN_11609,"Mhada Colony, Pune - IITM",18.573,73.9277,13.8,23,24.0,88,10.8,275,2.989,-0.261,3.9,4.3,active
2026-08-24T06:00,PUN_11609,"Mhada Colony, Pune - IITM",18.573,73.9277,15.8,26,23.8,89,10.3,271,2.861,-0.05,4.3,4.8,active
2026-08-24T07:00,PUN_11609,"Mhada Colony, Pune - IITM",18.573,73.9277,18.7,31,24.1,87,11.4,281,3.109,-0.604,5.0,5.5,active
2026-08-24T08:00,PUN_11609,"Mhada Colony, Pune - IITM",18.573,73.9277,23.2,38,25.2,81,14.5,278,3.989,-0.561,6.2,5.6,active
2026-08-24T09:00,PUN_11609,"Mhada Colony, Pune - IITM",18.573,73.9277,26.5,44,26.4,75,14.4,274,3.99,-0.279,8.2,4.8,active
2026-08-24T10:00,PUN_11609,"Mhada Colony, Pune - IITM",18.573,73.9277,30.2,50,27.7,68,14.8,269,4.111,0.072,10.2,3.4,active
2026-08-24T11:00,PUN_11609,"Mhada Colony, Pune - IITM",18.573,73.9277,25.5,42,28.1,67,19.1,269,5.305,0.093,11.1,2.4,active
2026-08-24T12:00,PUN_11609,"Mhada Colony, Pune - IITM",18.573,73.9277,21.7,36,28.6,66,17.1,266,4.738,0.331,11.2,1.9,active
2026-08-24T13:00,PUN_11609,"Mhada Colony, Pune - IITM",18.573,73.9277,17.8,29,28.6,67,19.9,279,5.46,-0.865,10.4,1.7,active
2026-08-24T14:00,PUN_11609,"Mhada Colony, Pune - IITM",18.573,73.9277,21.7,36,28.5,66,22.0,273,6.103,-0.32,10.2,1.9,active
2026-08-24T15:00,PUN_11609,"Mhada Colony, Pune - IITM",18.573,73.9277,24.1,40,28.4,67,21.6,272,5.996,-0.209,9.6,2.4,active
2026-08-24T16:00,PUN_11609,"Mhada Colony, Pune - IITM",18.573,73.9277,20.9,34,27.9,69,22.0,278,6.052,-0.851,9.1,3.3,active
2026-08-24T17:00,PUN_11609,"Mhada Colony, Pune - IITM",18.573,73.9277,19.2,32,26.8,72,19.3,271,5.36,-0.094,11.3,4.5,active
2026-08-24T18:00,PUN_11609,"Mhada Colony, Pune - IITM",18.573,73.9277,19.7,32,25.5,79,17.0,266,4.711,0.329,11.2,6.4,active
2026-08-24T19:00,PUN_11609,"Mhada Colony, Pune - IITM",18.573,73.9277,27.4,45,24.5,83,15.4,265,4.262,0.373,10.8,8.9,active
2026-08-24T20:00,PUN_11609,"Mhada Colony, Pune - IITM",18.573,73.9277,31.2,52,24.0,85,13.7,265,3.791,0.332,11.1,10.7,active
2026-08-24T21:00,PUN_11609,"Mhada Colony, Pune - IITM",18.573,73.9277,30.2,50,23.9,87,11.6,264,3.205,0.337,11.1,11.2,active
2026-08-24T22:00,PUN_11609,"Mhada Colony, Pune - IITM",18.573,73.9277,26.5,44,23.9,88,10.7,263,2.95,0.362,11.5,10.9,active
2026-08-24T23:00,PUN_11609,"Mhada Colony, Pune - IITM",18.573,73.9277,22.0,36,23.8,87,10.0,262,2.751,0.387,10.7,10.3,active
2026-08-25T00:00,PUN_11609,"Mhada Colony, Pune - IITM",18.573,73.9277,25.9,43,23.5,88,9.8,263,2.702,0.332,7.9,9.1,active
2026-08-25T01:00,PUN_11609,"Mhada Colony, Pune - IITM",18.573,73.9277,24.2,40,23.3,89,10.9,264,3.011,0.316,6.2,7.5,active
2026-08-25T02:00,PUN_11609,"Mhada Colony, Pune - IITM",18.573,73.9277,20.5,34,23.3,89,11.4,259,3.109,0.604,5.5,6.3,active
2026-08-25T03:00,PUN_11609,"Mhada Colony, Pune - IITM",18.573,73.9277,21.4,35,23.3,89,11.2,264,3.094,0.325,4.4,5.7,active
2026-08-25T04:00,PUN_11609,"Mhada Colony, Pune - IITM",18.573,73.9277,25.1,41,23.1,89,11.9,273,3.301,-0.173,3.5,5.5,active
2026-08-25T05:00,PUN_11609,"Mhada Colony, Pune - IITM",18.573,73.9277,22.2,37,23.1,90,9.5,271,2.639,-0.046,3.5,4.8,active
2026-08-25T06:00,PUN_11609,"Mhada Colony, Pune - IITM",18.573,73.9277,18.8,31,23.4,87,9.7,266,2.688,0.188,3.5,5.3,active
2026-08-25T07:00,PUN_11609,"Mhada Colony, Pune - IITM",18.573,73.9277,21.2,35,23.8,87,10.1,264,2.79,0.293,4.1,5.8,active
2026-08-25T08:00,PUN_11609,"Mhada Colony, Pune - IITM",18.573,73.9277,22.4,37,25.1,80,14.9,268,4.136,0.144,5.3,5.9,active
2026-08-25T09:00,PUN_11609,"Mhada Colony, Pune - IITM",18.573,73.9277,25.4,42,26.1,75,15.7,271,4.36,-0.076,8.2,5.0,active
2026-08-25T10:00,PUN_11609,"Mhada Colony, Pune - IITM",18.573,73.9277,25.4,42,27.3,69,16.6,274,4.6,-0.322,10.3,3.5,active
2026-08-25T11:00,PUN_11609,"Mhada Colony, Pune - IITM",18.573,73.9277,26.8,44,27.7,68,20.2,272,5.608,-0.196,11.5,2.4,active
2026-08-25T12:00,PUN_11609,"Mhada Colony, Pune - IITM",18.573,73.9277,30.6,51,28.3,65,18.5,270,5.139,0.0,12.2,1.9,active
2026-08-25T13:00,PUN_11609,"Mhada Colony, Pune - IITM",18.573,73.9277,26.0,43,29.0,62,18.9,270,5.25,0.0,12.6,1.8,active
2026-08-25T14:00,PUN_11609,"Mhada Colony, Pune - IITM",18.573,73.9277,20.1,33,29.2,61,22.0,271,6.11,-0.107,12.3,2.0,active
2026-08-25T15:00,PUN_11609,"Mhada Colony, Pune - IITM",18.573,73.9277,25.4,42,28.7,61,22.0,270,6.111,0.0,11.2,2.6,active
2026-08-25T16:00,PUN_11609,"Mhada Colony, Pune - IITM",18.573,73.9277,30.1,50,27.4,68,20.7,270,5.75,0.0,11.0,3.5,active
2026-08-25T17:00,PUN_11609,"Mhada Colony, Pune - IITM",18.573,73.9277,36.5,60,26.8,72,19.1,265,5.285,0.462,21.3,4.4,active
2026-08-25T18:00,PUN_11609,"Mhada Colony, Pune - IITM",18.573,73.9277,43.7,72,25.5,77,17.9,265,4.953,0.433,18.6,6.2,active
2026-08-25T19:00,PUN_11609,"Mhada Colony, Pune - IITM",18.573,73.9277,46.0,76,24.5,82,15.4,264,4.254,0.447,17.0,8.6,active
2026-08-25T20:00,PUN_11609,"Mhada Colony, Pune - IITM",18.573,73.9277,43.2,72,24.0,85,14.7,263,4.053,0.498,15.8,10.6,active
2026-08-25T21:00,PUN_11609,"Mhada Colony, Pune - IITM",18.573,73.9277,38.4,64,23.8,87,12.1,268,3.359,0.117,15.2,11.8,active
2026-08-25T22:00,PUN_11609,"Mhada Colony, Pune - IITM",18.573,73.9277,35.8,59,23.8,88,12.0,263,3.309,0.406,14.9,12.5,active
2026-08-25T23:00,PUN_11609,"Mhada Colony, Pune - IITM",18.573,73.9277,37.1,61,23.7,86,14.0,269,3.888,0.068,14.4,12.5,active
2026-08-26T00:00,PUN_11609,"Mhada Colony, Pune - IITM",18.573,73.9277,37.8,63,23.3,89,13.5,267,3.745,0.196,12.7,11.2,active
2026-08-26T01:00,PUN_11609,"Mhada Colony, Pune - IITM",18.573,73.9277,29.1,48,23.2,88,14.2,268,3.942,0.138,10.6,9.2,active
2026-08-26T02:00,PUN_11609,"Mhada Colony, Pune - IITM",18.573,73.9277,24.1,40,23.0,89,13.0,267,3.606,0.189,8.7,7.5,active
2026-08-26T03:00,PUN_11609,"Mhada Colony, Pune - IITM",18.573,73.9277,26.7,44,23.0,89,13.2,266,3.658,0.256,6.9,6.5,active
2026-08-26T04:00,PUN_11609,"Mhada Colony, Pune - IITM",18.573,73.9277,25.8,43,22.9,89,13.9,264,3.84,0.404,6.2,5.9,active
2026-08-26T05:00,PUN_11609,"Mhada Colony, Pune - IITM",18.573,73.9277,25.1,41,23.8,88,12.3,264,3.398,0.357,4.4,4.8,active
2026-08-26T06:00,PUN_11609,"Mhada Colony, Pune - IITM",18.573,73.9277,30.3,50,23.3,89,13.1,272,3.637,-0.127,4.1,5.3,active
2026-08-26T07:00,PUN_11609,"Mhada Colony, Pune - IITM",18.573,73.9277,31.3,52,23.8,86,15.9,276,4.393,-0.462,4.4,6.0,active
2026-08-26T08:00,PUN_11609,"Mhada Colony, Pune - IITM",18.573,73.9277,29.1,48,24.9,80,18.1,280,4.951,-0.873,5.2,6.1,active
2026-08-26T09:00,PUN_11609,"Mhada Colony, Pune - IITM",18.573,73.9277,32.0,53,26.2,74,19.0,280,5.198,-0.916,7.6,5.1,active
2026-08-26T10:00,PUN_11609,"Mhada Colony, Pune - IITM",18.573,73.9277,29.6,49,27.6,68,21.4,277,5.9,-0.724,10.4,3.5,active
2026-08-26T11:00,PUN_11609,"Mhada Colony, Pune - IITM",18.573,73.9277,32.9,54,28.3,66,20.3,277,5.597,-0.687,13.5,2.3,active
2026-08-27T03:00,PUN_11609,"Mhada Colony, Pune - IITM",18.573,73.9277,27.6,46,23.4,88,12.6,268,3.498,0.122,3.2,5.0,active
2026-08-27T04:00,PUN_11609,"Mhada Colony, Pune - IITM",18.573,73.9277,21.7,36,23.3,88,12.3,267,3.412,0.179,2.6,5.1,active
2026-08-27T05:00,PUN_11609,"Mhada Colony, Pune - IITM",18.573,73.9277,16.4,27,23.1,89,12.6,270,3.5,0.0,3.7,4.5,active
2026-08-27T06:00,PUN_11609,"Mhada Colony, Pune - IITM",18.573,73.9277,24.9,41,23.6,87,12.8,260,3.502,0.617,3.8,4.7,active
2026-08-27T07:00,PUN_11609,"Mhada Colony, Pune - IITM",18.573,73.9277,18.3,30,24.0,84,14.5,263,3.998,0.491,4.0,4.9,active
2026-08-27T08:00,PUN_11609,"Mhada Colony, Pune - IITM",18.573,73.9277,31.2,52,24.7,81,18.3,264,5.056,0.531,6.9,4.8,active
2026-08-27T09:00,PUN_11609,"Mhada Colony, Pune - IITM",18.573,73.9277,22.8,38,25.9,73,20.2,265,5.59,0.489,10.2,4.0,active
2026-08-27T10:00,PUN_11609,"Mhada Colony, Pune - IITM",18.573,73.9277,22.4,37,27.2,68,18.2,269,5.055,0.088,11.1,2.8,active
2026-08-27T11:00,PUN_11609,"Mhada Colony, Pune - IITM",18.573,73.9277,20.6,34,28.0,63,20.2,262,5.557,0.781,11.4,2.0,active
2026-08-27T12:00,PUN_11609,"Mhada Colony, Pune - IITM",18.573,73.9277,18.6,31,28.4,62,18.7,270,5.194,0.0,11.6,1.7,active
2026-08-27T13:00,PUN_11609,"Mhada Colony, Pune - IITM",18.573,73.9277,23.9,39,28.3,62,23.0,270,6.389,0.0,10.7,1.8,active
2026-08-27T14:00,PUN_11609,"Mhada Colony, Pune - IITM",18.573,73.9277,25.3,42,27.7,66,20.3,269,5.638,0.098,9.1,2.1,active
2026-08-27T15:00,PUN_11609,"Mhada Colony, Pune - IITM",18.573,73.9277,22.7,37,27.7,65,22.0,266,6.096,0.426,8.7,2.3,active
2026-08-29T00:00,PUN_11609,"Mhada Colony, Pune - IITM",18.573,73.9277,32.8,54,23.3,88,14.5,264,4.006,0.421,3.6,8.5,active
2026-08-29T01:00,PUN_11609,"Mhada Colony, Pune - IITM",18.573,73.9277,23.6,39,23.3,89,12.2,269,3.388,0.059,2.7,7.7,active
2026-08-29T02:00,PUN_11609,"Mhada Colony, Pune - IITM",18.573,73.9277,22.7,37,23.3,89,16.4,269,4.555,0.08,2.2,6.8,active
2026-08-29T03:00,PUN_11609,"Mhada Colony, Pune - IITM",18.573,73.9277,15.9,26,23.2,89,16.0,267,4.438,0.233,1.7,5.8,active
2026-08-29T04:00,PUN_11609,"Mhada Colony, Pune - IITM",18.573,73.9277,15.9,26,23.3,87,18.1,264,5.0,0.526,1.6,4.8,active
2026-08-29T05:00,PUN_11609,"Mhada Colony, Pune - IITM",18.573,73.9277,20.7,34,23.0,89,18.4,267,5.104,0.267,3.4,4.2,active
2026-08-29T06:00,PUN_11609,"Mhada Colony, Pune - IITM",18.573,73.9277,25.2,42,22.9,88,18.0,272,4.997,-0.174,3.0,4.7,active
2026-08-29T07:00,PUN_11609,"Mhada Colony, Pune - IITM",18.573,73.9277,17.5,29,23.7,85,18.9,268,5.247,0.183,3.1,5.4,active
2026-08-30T19:00,PUN_11609,"Mhada Colony, Pune - IITM",18.573,73.9277,24.2,40,24.5,81,13.5,271,3.749,-0.065,7.3,6.8,active
2026-08-30T20:00,PUN_11609,"Mhada Colony, Pune - IITM",18.573,73.9277,33.3,55,23.9,86,12.6,270,3.5,0.0,7.0,8.4,active
2026-08-30T21:00,PUN_11609,"Mhada Colony, Pune - IITM",18.573,73.9277,36.2,60,23.9,87,11.9,269,3.305,0.058,6.5,8.7,active
2026-08-30T22:00,PUN_11609,"Mhada Colony, Pune - IITM",18.573,73.9277,29.5,49,23.9,87,13.9,276,3.84,-0.404,5.6,8.3,active
2026-08-30T23:00,PUN_11609,"Mhada Colony, Pune - IITM",18.573,73.9277,24.8,41,23.3,88,14.4,267,3.995,0.209,4.9,7.7,active
2026-08-31T00:00,PUN_11609,"Mhada Colony, Pune - IITM",18.573,73.9277,24.3,40,23.2,87,15.1,267,4.189,0.22,4.0,7.0,active
2026-08-31T01:00,PUN_11609,"Mhada Colony, Pune - IITM",18.573,73.9277,20.0,33,22.8,88,14.9,271,4.138,-0.072,3.7,6.2,active
2026-08-31T02:00,PUN_11609,"Mhada Colony, Pune - IITM",18.573,73.9277,20.8,34,22.7,88,15.1,268,4.192,0.146,3.3,5.5,active
2026-08-31T03:00,PUN_11609,"Mhada Colony, Pune - IITM",18.573,73.9277,15.5,25,22.7,88,15.3,267,4.244,0.222,2.8,5.1,active
2026-08-31T04:00,PUN_11609,"Mhada Colony, Pune - IITM",18.573,73.9277,10.9,18,22.7,88,15.0,265,4.151,0.363,2.5,4.9,active
2026-08-31T05:00,PUN_11609,"Mhada Colony, Pune - IITM",18.573,73.9277,14.0,23,22.8,88,16.2,270,4.5,0.0,2.1,4.5,active
2026-08-31T06:00,PUN_11609,"Mhada Colony, Pune - IITM",18.573,73.9277,15.8,26,22.9,87,16.2,266,4.489,0.314,2.4,4.8,active
2026-08-31T07:00,PUN_11609,"Mhada Colony, Pune - IITM",18.573,73.9277,13.6,22,23.4,86,16.9,270,4.694,0.0,3.2,5.2,active
2026-08-31T08:00,PUN_11609,"Mhada Colony, Pune - IITM",18.573,73.9277,12.6,21,24.9,78,21.0,275,5.811,-0.508,3.1,5.2,active
2026-08-31T09:00,PUN_11609,"Mhada Colony, Pune - IITM",18.573,73.9277,16.7,27,26.2,72,23.2,277,6.396,-0.785,4.6,4.3,active
2026-08-31T10:00,PUN_11609,"Mhada Colony, Pune - IITM",18.573,73.9277,18.9,31,27.0,68,21.0,275,5.811,-0.508,5.5,2.9,active
2026-08-31T11:00,PUN_11609,"Mhada Colony, Pune - IITM",18.573,73.9277,21.0,35,28.3,61,19.8,274,5.487,-0.384,6.8,1.9,active
2026-08-31T12:00,PUN_11609,"Mhada Colony, Pune - IITM",18.573,73.9277,21.9,36,29.1,58,19.7,275,5.451,-0.477,7.3,1.5,active
2026-08-31T13:00,PUN_11609,"Mhada Colony, Pune - IITM",18.573,73.9277,19.0,31,29.2,58,20.9,283,5.657,-1.306,7.3,1.4,active
2026-08-31T14:00,PUN_11609,"Mhada Colony, Pune - IITM",18.573,73.9277,20.5,34,28.8,59,22.5,278,6.189,-0.87,7.3,1.8,active
2026-08-31T15:00,PUN_11609,"Mhada Colony, Pune - IITM",18.573,73.9277,23.1,38,28.3,62,21.3,279,5.844,-0.926,7.1,2.6,active
2026-08-31T16:00,PUN_11609,"Mhada Colony, Pune - IITM",18.573,73.9277,17.6,29,27.7,64,21.8,280,5.964,-1.052,6.3,3.7,active
2026-08-31T17:00,PUN_11609,"Mhada Colony, Pune - IITM",18.573,73.9277,21.5,35,26.5,70,19.0,275,5.258,-0.46,8.9,4.5,active
2026-08-31T18:00,PUN_11609,"Mhada Colony, Pune - IITM",18.573,73.9277,16.3,27,25.1,78,16.2,274,4.489,-0.314,8.6,7.1,active
2026-08-31T19:00,PUN_11609,"Mhada Colony, Pune - IITM",18.573,73.9277,23.1,38,24.1,83,13.6,265,3.763,0.329,9.2,10.6,active
2026-08-31T20:00,PUN_11609,"Mhada Colony, Pune - IITM",18.573,73.9277,33.9,56,23.8,84,12.7,264,3.508,0.369,8.6,13.1,active
2026-08-31T21:00,PUN_11609,"Mhada Colony, Pune - IITM",18.573,73.9277,36.1,60,23.6,86,11.4,259,3.109,0.604,8.7,13.8,active
2026-08-31T22:00,PUN_11609,"Mhada Colony, Pune - IITM",18.573,73.9277,33.0,55,23.4,86,12.7,257,3.437,0.794,8.8,13.4,active
2026-08-31T23:00,PUN_11609,"Mhada Colony, Pune - IITM",18.573,73.9277,27.3,45,23.3,85,12.1,264,3.343,0.351,7.5,12.3,active
2026-09-01T00:00,PUN_11609,"Mhada Colony, Pune - IITM",18.573,73.9277,25.7,42,23.0,87,11.7,267,3.246,0.17,5.1,10.2,active
2026-09-01T01:00,PUN_11609,"Mhada Colony, Pune - IITM",18.573,73.9277,19.5,32,22.8,89,11.9,268,3.304,0.115,4.4,7.5,active
2026-09-01T02:00,PUN_11609,"Mhada Colony, Pune - IITM",18.573,73.9277,20.9,34,22.7,90,12.8,264,3.536,0.372,3.4,5.5,active
2026-09-01T03:00,PUN_11609,"Mhada Colony, Pune - IITM",18.573,73.9277,23.7,39,22.8,88,14.8,267,4.106,0.215,2.7,4.9,active
2026-09-01T04:00,PUN_11609,"Mhada Colony, Pune - IITM",18.573,73.9277,16.6,27,22.8,89,12.8,272,3.553,-0.124,2.3,5.1,active
2026-09-01T05:00,PUN_11609,"Mhada Colony, Pune - IITM",18.573,73.9277,11.7,19,22.8,88,14.8,267,4.106,0.215,2.4,5.1,active
2026-09-01T06:00,PUN_11609,"Mhada Colony, Pune - IITM",18.573,73.9277,10.6,17,22.9,89,14.4,267,3.995,0.209,3.1,5.6,active
2026-09-01T07:00,PUN_11609,"Mhada Colony, Pune - IITM",18.573,73.9277,12.0,20,23.8,84,17.1,269,4.749,0.083,3.4,6.3,active
2026-09-01T08:00,PUN_11609,"Mhada Colony, Pune - IITM",18.573,73.9277,10.6,17,25.1,78,17.6,269,4.888,0.085,4.7,6.4,active
2026-09-01T09:00,PUN_11609,"Mhada Colony, Pune - IITM",18.573,73.9277,19.1,31,26.5,71,17.6,269,4.888,0.085,5.2,5.3,active
2026-09-01T10:00,PUN_11609,"Mhada Colony, Pune - IITM",18.573,73.9277,22.0,36,27.7,66,18.0,267,4.993,0.262,5.8,3.6,active
2026-09-01T11:00,PUN_11609,"Mhada Colony, Pune - IITM",18.573,73.9277,17.9,29,28.6,62,17.7,274,4.905,-0.343,6.3,2.3,active
2026-09-01T12:00,PUN_11609,"Mhada Colony, Pune - IITM",18.573,73.9277,13.7,22,29.5,57,17.3,278,4.759,-0.669,6.3,1.8,active
2026-09-01T13:00,PUN_11609,"Mhada Colony, Pune - IITM",18.573,73.9277,9.8,16,29.6,56,18.4,276,5.083,-0.534,6.1,1.7,active
2026-09-01T14:00,PUN_11609,"Mhada Colony, Pune - IITM",18.573,73.9277,22.7,37,29.9,55,19.8,272,5.497,-0.192,6.2,2.0,active
2026-09-01T15:00,PUN_11609,"Mhada Colony, Pune - IITM",18.573,73.9277,28.8,48,29.3,56,19.5,274,5.404,-0.378,6.4,2.6,active
2026-09-01T16:00,PUN_11609,"Mhada Colony, Pune - IITM",18.573,73.9277,20.0,33,27.7,63,22.3,276,6.161,-0.648,6.0,3.5,active
2026-09-01T17:00,PUN_11609,"Mhada Colony, Pune - IITM",18.573,73.9277,19.5,32,26.6,72,20.1,280,5.499,-0.97,6.8,4.8,active
2026-09-01T18:00,PUN_11609,"Mhada Colony, Pune - IITM",18.573,73.9277,20.3,33,25.2,79,15.8,277,4.356,-0.535,6.0,8.1,active
2026-09-01T19:00,PUN_11609,"Mhada Colony, Pune - IITM",18.573,73.9277,20.1,33,24.5,82,13.7,268,3.803,0.133,6.7,12.5,active
2026-09-01T20:00,PUN_11609,"Mhada Colony, Pune - IITM",18.573,73.9277,35.7,59,24.0,85,12.2,270,3.389,0.0,7.6,15.4,active
2026-09-01T21:00,PUN_11609,"Mhada Colony, Pune - IITM",18.573,73.9277,28.9,48,23.9,86,11.9,272,3.304,-0.115,7.9,15.1,active
2026-09-01T22:00,PUN_11609,"Mhada Colony, Pune - IITM",18.573,73.9277,24.1,40,23.8,87,11.9,267,3.301,0.173,7.5,13.2,active
2026-09-01T23:00,PUN_11609,"Mhada Colony, Pune - IITM",18.573,73.9277,26.1,43,23.4,86,10.1,260,2.763,0.487,6.7,11.6,active
2026-09-02T00:00,PUN_11609,"Mhada Colony, Pune - IITM",18.573,73.9277,18.9,31,23.0,88,7.5,260,2.052,0.362,6.1,11.0,active
2026-09-02T01:00,PUN_11609,"Mhada Colony, Pune - IITM",18.573,73.9277,22.8,38,22.8,89,7.8,255,2.093,0.561,5.9,10.6,active
2026-09-02T02:00,PUN_11609,"Mhada Colony, Pune - IITM",18.573,73.9277,22.3,37,22.5,90,7.6,265,2.103,0.184,5.8,10.1,active
2026-09-02T03:00,PUN_11609,"Mhada Colony, Pune - IITM",18.573,73.9277,19.5,32,22.5,90,7.7,269,2.139,0.037,5.7,9.4,active
2026-09-02T04:00,PUN_11609,"Mhada Colony, Pune - IITM",18.573,73.9277,13.2,22,22.8,88,8.1,270,2.25,0.0,5.7,8.5,active
2026-09-02T05:00,PUN_11609,"Mhada Colony, Pune - IITM",18.573,73.9277,15.5,25,23.5,88,10.3,267,2.857,0.15,4.4,6.8,active
2026-09-02T06:00,PUN_11609,"Mhada Colony, Pune - IITM",18.573,73.9277,13.9,23,22.9,90,8.5,271,2.361,-0.041,3.7,6.8,active
2026-09-02T07:00,PUN_11609,"Mhada Colony, Pune - IITM",18.573,73.9277,13.3,22,24.0,84,10.2,260,2.79,0.492,3.5,6.8,active
2026-09-02T08:00,PUN_11609,"Mhada Colony, Pune - IITM",18.573,73.9277,25.6,42,25.5,76,14.3,258,3.885,0.826,3.7,6.4,active
2026-09-02T09:00,PUN_11609,"Mhada Colony, Pune - IITM",18.573,73.9277,18.6,31,26.6,71,15.0,259,4.09,0.795,3.5,5.1,active
2026-09-02T10:00,PUN_11609,"Mhada Colony, Pune - IITM",18.573,73.9277,25.3,42,27.9,66,16.3,263,4.494,0.552,3.5,3.4,active
2026-09-02T11:00,PUN_11609,"Mhada Colony, Pune - IITM",18.573,73.9277,18.8,31,28.9,61,17.0,266,4.711,0.329,3.2,2.1,active
2026-09-02T12:00,PUN_11609,"Mhada Colony, Pune - IITM",18.573,73.9277,13.3,22,29.4,62,16.8,265,4.649,0.407,3.1,1.6,active
2026-09-02T13:00,PUN_11609,"Mhada Colony, Pune - IITM",18.573,73.9277,11.6,19,27.8,67,20.9,268,5.802,0.203,3.3,1.7,active
2026-09-02T14:00,PUN_11609,"Mhada Colony, Pune - IITM",18.573,73.9277,13.9,23,27.5,69,21.1,274,5.847,-0.409,3.8,2.1,active
2026-09-02T15:00,PUN_11609,"Mhada Colony, Pune - IITM",18.573,73.9277,17.3,28,28.0,68,19.2,276,5.304,-0.557,4.4,2.9,active
2026-09-02T16:00,PUN_11609,"Mhada Colony, Pune - IITM",18.573,73.9277,17.6,29,27.2,67,19.1,274,5.293,-0.37,3.8,4.1,active
2026-09-02T17:00,PUN_11609,"Mhada Colony, Pune - IITM",18.573,73.9277,16.3,27,26.4,74,18.3,280,5.006,-0.883,3.6,5.6,active
2026-09-02T18:00,PUN_11609,"Mhada Colony, Pune - IITM",18.573,73.9277,20.2,33,25.1,79,16.4,272,4.553,-0.159,4.4,8.9,active
2026-09-02T19:00,PUN_11609,"Mhada Colony, Pune - IITM",18.573,73.9277,18.1,30,24.2,83,13.7,268,3.803,0.133,6.0,13.4,active
2026-09-02T20:00,PUN_11609,"Mhada Colony, Pune - IITM",18.573,73.9277,21.8,36,23.8,85,12.1,269,3.361,0.059,6.9,16.3,active
2026-09-02T21:00,PUN_11609,"Mhada Colony, Pune - IITM",18.573,73.9277,22.3,37,23.4,87,10.3,269,2.861,0.05,6.8,16.2,active
2026-09-02T22:00,PUN_11609,"Mhada Colony, Pune - IITM",18.573,73.9277,22.2,37,23.2,89,8.5,268,2.36,0.082,7.1,14.5,active
2026-09-02T23:00,PUN_11609,"Mhada Colony, Pune - IITM",18.573,73.9277,21.4,35,23.4,86,9.4,267,2.608,0.137,6.2,12.7,active
2026-09-03T00:00,PUN_11609,"Mhada Colony, Pune - IITM",18.573,73.9277,15.9,26,23.0,88,9.1,262,2.503,0.352,4.9,11.0,active
2026-09-03T01:00,PUN_11609,"Mhada Colony, Pune - IITM",18.573,73.9277,16.1,26,22.7,89,8.0,256,2.156,0.538,4.8,9.1,active
2026-09-03T02:00,PUN_11609,"Mhada Colony, Pune - IITM",18.573,73.9277,12.0,20,22.5,90,6.8,253,1.806,0.552,4.6,7.7,active
2026-09-03T03:00,PUN_11609,"Mhada Colony, Pune - IITM",18.573,73.9277,15.5,25,22.4,91,7.2,257,1.949,0.45,4.3,7.2,active
2026-09-03T04:00,PUN_11609,"Mhada Colony, Pune - IITM",18.573,73.9277,12.4,20,22.6,90,7.8,263,2.151,0.264,3.7,7.1,active
2026-09-03T05:00,PUN_11609,"Mhada Colony, Pune - IITM",18.573,73.9277,24.1,40,22.7,88,8.1,271,2.25,-0.039,2.5,6.1,active
2026-09-03T06:00,PUN_11609,"Mhada Colony, Pune - IITM",18.573,73.9277,18.7,31,22.5,89,6.7,279,1.838,-0.291,2.3,6.3,active
2026-09-03T07:00,PUN_11609,"Mhada Colony, Pune - IITM",18.573,73.9277,14.3,23,23.3,85,9.0,269,2.5,0.044,2.5,6.6,active
2026-09-03T08:00,PUN_11609,"Mhada Colony, Pune - IITM",18.573,73.9277,10.2,17,24.7,78,13.6,259,3.708,0.721,3.3,6.4,active
2026-09-03T09:00,PUN_11609,"Mhada Colony, Pune - IITM",18.573,73.9277,17.4,29,26.1,71,14.9,258,4.048,0.861,3.9,5.2,active
2026-09-03T10:00,PUN_11609,"Mhada Colony, Pune - IITM",18.573,73.9277,17.8,29,26.9,68,16.9,263,4.659,0.572,4.8,3.5,active
2026-09-03T11:00,PUN_11609,"Mhada Colony, Pune - IITM",18.573,73.9277,19.9,33,28.3,63,18.6,267,5.16,0.27,5.9,2.3,active
2026-09-03T12:00,PUN_11609,"Mhada Colony, Pune - IITM",18.573,73.9277,15.8,26,29.0,60,18.4,269,5.11,0.089,6.3,1.9,active
2026-09-03T13:00,PUN_11609,"Mhada Colony, Pune - IITM",18.573,73.9277,10.6,17,29.5,57,19.1,272,5.302,-0.185,6.4,1.9,active
2026-09-03T14:00,PUN_11609,"Mhada Colony, Pune - IITM",18.573,73.9277,18.4,30,28.9,60,22.5,272,6.246,-0.218,6.2,2.2,active
2026-09-03T15:00,PUN_11609,"Mhada Colony, Pune - IITM",18.573,73.9277,20.2,33,28.2,64,20.3,277,5.597,-0.687,5.9,2.6,active
2026-09-03T16:00,PUN_11609,"Mhada Colony, Pune - IITM",18.573,73.9277,14.6,24,27.8,65,20.5,273,5.687,-0.298,6.0,3.2,active
2026-09-03T17:00,PUN_11609,"Mhada Colony, Pune - IITM",18.573,73.9277,12.4,20,26.6,68,17.1,271,4.749,-0.083,9.1,4.4,active
2026-09-03T18:00,PUN_11609,"Mhada Colony, Pune - IITM",18.573,73.9277,14.8,24,25.3,76,14.7,264,4.061,0.427,8.8,7.4,active
2026-09-03T19:00,PUN_11609,"Mhada Colony, Pune - IITM",18.573,73.9277,25.8,43,24.4,80,12.8,267,3.551,0.186,9.0,11.5,active
2026-09-03T20:00,PUN_11609,"Mhada Colony, Pune - IITM",18.573,73.9277,33.4,55,23.8,83,11.2,266,3.104,0.217,9.6,14.4,active
2026-09-03T21:00,PUN_11609,"Mhada Colony, Pune - IITM",18.573,73.9277,32.4,54,23.5,86,10.7,261,2.936,0.465,11.0,15.3,active
2026-09-03T22:00,PUN_11609,"Mhada Colony, Pune - IITM",18.573,73.9277,26.7,44,23.4,88,10.1,259,2.754,0.535,10.9,15.0,active
2026-09-03T23:00,PUN_11609,"Mhada Colony, Pune - IITM",18.573,73.9277,23.4,39,23.2,88,10.7,265,2.961,0.259,9.3,14.1,active
2026-09-04T00:00,PUN_11609,"Mhada Colony, Pune - IITM",18.573,73.9277,23.7,39,23.0,88,11.2,264,3.094,0.325,7.6,12.6,active
2026-08-21T10:00,PUN_11613,"Revenue Colony-Shivajinagar, Pune - IITM",18.5301,73.8496,27.9,46,26.5,69,16.7,269,4.638,0.081,7.8,3.1,active
2026-08-21T11:00,PUN_11613,"Revenue Colony-Shivajinagar, Pune - IITM",18.5301,73.8496,24.3,40,27.4,65,17.3,267,4.799,0.252,9.2,2.2,active
2026-08-21T12:00,PUN_11613,"Revenue Colony-Shivajinagar, Pune - IITM",18.5301,73.8496,17.6,29,28.1,63,15.9,265,4.4,0.385,9.7,1.8,active
2026-08-21T13:00,PUN_11613,"Revenue Colony-Shivajinagar, Pune - IITM",18.5301,73.8496,13.7,22,28.1,61,16.8,265,4.649,0.407,9.9,1.8,active
2026-08-21T14:00,PUN_11613,"Revenue Colony-Shivajinagar, Pune - IITM",18.5301,73.8496,16.9,28,27.0,67,18.8,265,5.202,0.455,9.7,2.0,active
2026-08-21T15:00,PUN_11613,"Revenue Colony-Shivajinagar, Pune - IITM",18.5301,73.8496,18.9,31,26.8,70,19.4,264,5.359,0.563,8.6,2.4,active
2026-08-21T16:00,PUN_11613,"Revenue Colony-Shivajinagar, Pune - IITM",18.5301,73.8496,16.4,27,26.2,72,18.9,267,5.243,0.275,7.4,3.1,active
2026-08-21T17:00,PUN_11613,"Revenue Colony-Shivajinagar, Pune - IITM",18.5301,73.8496,18.7,31,25.5,75,15.9,261,4.362,0.691,9.2,3.9,active
2026-08-21T18:00,PUN_11613,"Revenue Colony-Shivajinagar, Pune - IITM",18.5301,73.8496,17.3,28,24.5,79,14.5,265,4.012,0.351,9.6,6.4,active
2026-08-21T19:00,PUN_11613,"Revenue Colony-Shivajinagar, Pune - IITM",18.5301,73.8496,21.2,35,23.5,85,12.9,261,3.539,0.561,9.4,9.8,active
2026-08-21T20:00,PUN_11613,"Revenue Colony-Shivajinagar, Pune - IITM",18.5301,73.8496,24.3,40,23.1,86,12.8,260,3.502,0.617,9.1,12.0,active
2026-08-21T21:00,PUN_11613,"Revenue Colony-Shivajinagar, Pune - IITM",18.5301,73.8496,18.6,31,23.1,87,11.9,259,3.245,0.631,9.1,12.1,active
2026-08-21T22:00,PUN_11613,"Revenue Colony-Shivajinagar, Pune - IITM",18.5301,73.8496,27.5,45,23.0,88,12.7,259,3.463,0.673,7.9,11.0,active
2026-08-21T23:00,PUN_11613,"Revenue Colony-Shivajinagar, Pune - IITM",18.5301,73.8496,30.0,50,22.7,88,12.3,258,3.342,0.71,6.0,9.8,active
2026-08-22T01:00,PUN_11613,"Revenue Colony-Shivajinagar, Pune - IITM",18.5301,73.8496,14.1,23,22.3,90,10.2,256,2.749,0.685,4.2,7.3,active
2026-08-22T02:00,PUN_11613,"Revenue Colony-Shivajinagar, Pune - IITM",18.5301,73.8496,12.1,20,22.3,91,10.0,255,2.683,0.719,3.8,6.3,active
2026-08-22T03:00,PUN_11613,"Revenue Colony-Shivajinagar, Pune - IITM",18.5301,73.8496,12.5,20,22.4,90,11.4,252,3.012,0.979,3.1,5.9,active
2026-08-22T04:00,PUN_11613,"Revenue Colony-Shivajinagar, Pune - IITM",18.5301,73.8496,11.9,19,22.4,90,10.1,254,2.697,0.773,2.7,5.9,active
2026-08-22T05:00,PUN_11613,"Revenue Colony-Shivajinagar, Pune - IITM",18.5301,73.8496,14.8,24,23.0,89,12.5,254,3.338,0.957,2.1,5.2,active
2026-08-22T06:00,PUN_11613,"Revenue Colony-Shivajinagar, Pune - IITM",18.5301,73.8496,14.8,24,23.1,88,10.9,261,2.991,0.474,2.2,5.6,active
2026-08-22T07:00,PUN_11613,"Revenue Colony-Shivajinagar, Pune - IITM",18.5301,73.8496,19.2,32,23.3,87,11.6,257,3.14,0.725,3.5,6.1,active
2026-08-22T08:00,PUN_11613,"Revenue Colony-Shivajinagar, Pune - IITM",18.5301,73.8496,20.1,33,23.9,84,14.9,255,3.998,1.071,3.8,6.1,active
2026-08-22T09:00,PUN_11613,"Revenue Colony-Shivajinagar, Pune - IITM",18.5301,73.8496,19.7,32,24.8,79,15.8,258,4.293,0.913,5.3,5.0,active
2026-08-22T10:00,PUN_11613,"Revenue Colony-Shivajinagar, Pune - IITM",18.5301,73.8496,18.1,30,25.7,74,17.2,264,4.752,0.499,6.4,3.3,active
2026-08-22T11:00,PUN_11613,"Revenue Colony-Shivajinagar, Pune - IITM",18.5301,73.8496,15.7,26,26.1,74,20.1,276,5.553,-0.584,7.0,2.2,active
2026-08-22T12:00,PUN_11613,"Revenue Colony-Shivajinagar, Pune - IITM",18.5301,73.8496,10.9,18,27.0,71,17.4,277,4.797,-0.589,7.6,2.0,active
2026-08-22T13:00,PUN_11613,"Revenue Colony-Shivajinagar, Pune - IITM",18.5301,73.8496,14.5,24,26.6,68,20.4,282,5.543,-1.178,7.9,2.3,active
2026-08-22T14:00,PUN_11613,"Revenue Colony-Shivajinagar, Pune - IITM",18.5301,73.8496,16.7,27,25.9,73,16.8,274,4.655,-0.326,8.0,3.0,active
2026-08-22T15:00,PUN_11613,"Revenue Colony-Shivajinagar, Pune - IITM",18.5301,73.8496,13.5,22,25.9,75,18.1,276,5.0,-0.526,8.6,4.4,active
2026-08-22T16:00,PUN_11613,"Revenue Colony-Shivajinagar, Pune - IITM",18.5301,73.8496,15.2,25,25.1,77,18.6,283,5.034,-1.162,8.7,6.2,active
2026-08-22T17:00,PUN_11613,"Revenue Colony-Shivajinagar, Pune - IITM",18.5301,73.8496,15.2,25,25.0,79,17.5,272,4.858,-0.17,9.5,5.9,active
2026-08-22T18:00,PUN_11613,"Revenue Colony-Shivajinagar, Pune - IITM",18.5301,73.8496,15.1,25,24.0,85,15.3,272,4.247,-0.148,9.1,8.2,active
2026-08-22T19:00,PUN_11613,"Revenue Colony-Shivajinagar, Pune - IITM",18.5301,73.8496,11.9,19,23.7,87,13.7,261,3.759,0.595,9.6,11.4,active
2026-08-22T20:00,PUN_11613,"Revenue Colony-Shivajinagar, Pune - IITM",18.5301,73.8496,14.9,24,23.2,88,12.1,260,3.31,0.584,10.1,13.6,active
2026-08-22T21:00,PUN_11613,"Revenue Colony-Shivajinagar, Pune - IITM",18.5301,73.8496,27.9,46,23.2,88,11.8,258,3.206,0.681,9.2,14.0,active
2026-08-22T22:00,PUN_11613,"Revenue Colony-Shivajinagar, Pune - IITM",18.5301,73.8496,30.8,51,23.1,89,11.1,261,3.045,0.482,8.4,13.3,active
2026-08-22T23:00,PUN_11613,"Revenue Colony-Shivajinagar, Pune - IITM",18.5301,73.8496,22.1,36,23.4,89,10.0,252,2.642,0.858,6.9,12.2,active
2026-08-23T00:00,PUN_11613,"Revenue Colony-Shivajinagar, Pune - IITM",18.5301,73.8496,18.5,30,23.3,89,12.2,244,3.046,1.486,5.6,10.4,active
2026-08-23T01:00,PUN_11613,"Revenue Colony-Shivajinagar, Pune - IITM",18.5301,73.8496,11.5,19,22.9,89,10.8,252,2.853,0.927,4.3,8.1,active
2026-08-23T02:00,PUN_11613,"Revenue Colony-Shivajinagar, Pune - IITM",18.5301,73.8496,10.5,17,22.8,90,9.9,261,2.716,0.43,3.4,6.4,active
2026-08-23T04:00,PUN_11613,"Revenue Colony-Shivajinagar, Pune - IITM",18.5301,73.8496,15.3,25,22.6,89,10.4,270,2.889,0.0,2.2,5.5,active
2026-08-23T05:00,PUN_11613,"Revenue Colony-Shivajinagar, Pune - IITM",18.5301,73.8496,14.9,24,22.9,91,10.7,262,2.943,0.414,2.9,5.8,active
2026-08-23T06:00,PUN_11613,"Revenue Colony-Shivajinagar, Pune - IITM",18.5301,73.8496,15.9,26,22.9,90,9.9,265,2.74,0.24,2.8,5.3,active
2026-08-23T07:00,PUN_11613,"Revenue Colony-Shivajinagar, Pune - IITM",18.5301,73.8496,19.3,32,23.4,87,10.9,261,2.991,0.474,3.3,4.6,active
2026-08-23T08:00,PUN_11613,"Revenue Colony-Shivajinagar, Pune - IITM",18.5301,73.8496,18.2,30,24.4,82,14.9,258,4.048,0.861,4.0,3.9,active
2026-08-23T09:00,PUN_11613,"Revenue Colony-Shivajinagar, Pune - IITM",18.5301,73.8496,15.6,26,25.8,74,15.9,264,4.393,0.462,5.7,3.1,active
2026-08-23T10:00,PUN_11613,"Revenue Colony-Shivajinagar, Pune - IITM",18.5301,73.8496,10.6,17,26.4,71,15.5,265,4.289,0.375,7.6,2.4,active
2026-08-23T11:00,PUN_11613,"Revenue Colony-Shivajinagar, Pune - IITM",18.5301,73.8496,13.9,23,26.8,72,18.4,265,5.092,0.445,8.8,1.8,active
2026-08-23T12:00,PUN_11613,"Revenue Colony-Shivajinagar, Pune - IITM",18.5301,73.8496,17.5,29,27.6,69,18.9,271,5.249,-0.092,9.4,1.5,active
2026-08-23T13:00,PUN_11613,"Revenue Colony-Shivajinagar, Pune - IITM",18.5301,73.8496,11.7,19,27.4,71,19.3,268,5.358,0.187,9.3,1.4,active
2026-08-23T14:00,PUN_11613,"Revenue Colony-Shivajinagar, Pune - IITM",18.5301,73.8496,7.7,12,27.1,72,19.8,267,5.493,0.288,9.3,1.6,active
2026-08-23T15:00,PUN_11613,"Revenue Colony-Shivajinagar, Pune - IITM",18.5301,73.8496,8.0,13,26.7,74,19.3,269,5.36,0.094,8.1,2.0,active
2026-08-23T16:00,PUN_11613,"Revenue Colony-Shivajinagar, Pune - IITM",18.5301,73.8496,15.3,25,26.2,77,20.4,273,5.659,-0.297,7.0,2.7,active
2026-08-23T17:00,PUN_11613,"Revenue Colony-Shivajinagar, Pune - IITM",18.5301,73.8496,17.5,29,25.7,77,17.5,267,4.854,0.254,7.3,3.2,active
2026-08-23T18:00,PUN_11613,"Revenue Colony-Shivajinagar, Pune - IITM",18.5301,73.8496,15.0,25,24.6,83,14.8,269,4.111,0.072,7.7,5.6,active
2026-08-23T19:00,PUN_11613,"Revenue Colony-Shivajinagar, Pune - IITM",18.5301,73.8496,12.2,20,23.8,87,13.6,263,3.75,0.46,8.2,8.9,active
2026-08-23T20:00,PUN_11613,"Revenue Colony-Shivajinagar, Pune - IITM",18.5301,73.8496,25.3,42,23.5,88,13.1,261,3.594,0.569,9.3,11.0,active
2026-08-23T21:00,PUN_11613,"Revenue Colony-Shivajinagar, Pune - IITM",18.5301,73.8496,27.2,45,23.3,89,11.9,264,3.287,0.346,9.6,11.0,active
2026-08-23T22:00,PUN_11613,"Revenue Colony-Shivajinagar, Pune - IITM",18.5301,73.8496,24.3,40,23.2,90,10.8,267,2.996,0.157,9.0,9.8,active
2026-08-23T23:00,PUN_11613,"Revenue Colony-Shivajinagar, Pune - IITM",18.5301,73.8496,24.0,40,23.3,89,11.6,265,3.21,0.281,8.4,8.5,active
2026-08-24T01:00,PUN_11613,"Revenue Colony-Shivajinagar, Pune - IITM",18.5301,73.8496,21.1,35,22.9,91,10.8,265,2.989,0.261,5.8,6.0,active
2026-08-24T02:00,PUN_11613,"Revenue Colony-Shivajinagar, Pune - IITM",18.5301,73.8496,21.0,35,22.9,91,10.3,265,2.85,0.249,4.4,5.1,active
2026-08-24T03:00,PUN_11613,"Revenue Colony-Shivajinagar, Pune - IITM",18.5301,73.8496,17.4,29,22.7,92,9.4,265,2.601,0.228,3.6,4.8,active
2026-08-24T04:00,PUN_11613,"Revenue Colony-Shivajinagar, Pune - IITM",18.5301,73.8496,12.7,21,22.6,93,8.4,260,2.298,0.405,3.3,4.8,active
2026-08-24T05:00,PUN_11613,"Revenue Colony-Shivajinagar, Pune - IITM",18.5301,73.8496,12.0,20,23.4,90,10.3,265,2.85,0.249,3.9,4.3,active
2026-08-24T06:00,PUN_11613,"Revenue Colony-Shivajinagar, Pune - IITM",18.5301,73.8496,12.6,21,23.2,91,10.3,270,2.861,0.0,4.3,4.8,active
2026-08-24T07:00,PUN_11613,"Revenue Colony-Shivajinagar, Pune - IITM",18.5301,73.8496,17.1,28,23.5,89,10.3,272,2.859,-0.1,5.0,5.5,active
2026-08-24T08:00,PUN_11613,"Revenue Colony-Shivajinagar, Pune - IITM",18.5301,73.8496,20.4,34,24.6,83,13.5,273,3.745,-0.196,6.2,5.6,active
2026-08-24T09:00,PUN_11613,"Revenue Colony-Shivajinagar, Pune - IITM",18.5301,73.8496,23.1,38,25.8,76,13.2,275,3.653,-0.32,8.2,4.8,active
2026-08-24T10:00,PUN_11613,"Revenue Colony-Shivajinagar, Pune - IITM",18.5301,73.8496,21.4,35,26.9,70,13.5,273,3.745,-0.196,10.2,3.4,active
2026-08-24T11:00,PUN_11613,"Revenue Colony-Shivajinagar, Pune - IITM",18.5301,73.8496,18.7,31,27.5,69,17.3,268,4.803,0.168,11.1,2.4,active
2026-08-24T12:00,PUN_11613,"Revenue Colony-Shivajinagar, Pune - IITM",18.5301,73.8496,12.8,21,28.2,65,15.9,267,4.411,0.231,11.2,1.9,active
2026-08-24T13:00,PUN_11613,"Revenue Colony-Shivajinagar, Pune - IITM",18.5301,73.8496,10.7,17,28.2,66,18.0,279,4.938,-0.782,10.4,1.7,active
2026-08-24T14:00,PUN_11613,"Revenue Colony-Shivajinagar, Pune - IITM",18.5301,73.8496,11.5,19,27.0,73,20.7,271,5.749,-0.1,10.2,1.9,active
2026-08-24T15:00,PUN_11613,"Revenue Colony-Shivajinagar, Pune - IITM",18.5301,73.8496,13.5,22,27.5,69,18.9,272,5.247,-0.183,9.6,2.4,active
2026-08-24T16:00,PUN_11613,"Revenue Colony-Shivajinagar, Pune - IITM",18.5301,73.8496,15.3,25,27.1,70,20.4,273,5.659,-0.297,9.1,3.3,active
2026-08-24T17:00,PUN_11613,"Revenue Colony-Shivajinagar, Pune - IITM",18.5301,73.8496,16.0,26,26.0,76,17.1,266,4.738,0.331,11.3,4.5,active
2026-08-24T18:00,PUN_11613,"Revenue Colony-Shivajinagar, Pune - IITM",18.5301,73.8496,18.3,30,24.6,83,14.2,266,3.935,0.275,11.2,6.4,active
2026-08-24T19:00,PUN_11613,"Revenue Colony-Shivajinagar, Pune - IITM",18.5301,73.8496,18.0,30,23.9,85,14.0,261,3.841,0.608,10.8,8.9,active
2026-08-24T20:00,PUN_11613,"Revenue Colony-Shivajinagar, Pune - IITM",18.5301,73.8496,13.5,22,23.4,87,12.7,254,3.391,0.972,11.1,10.7,active
2026-08-24T21:00,PUN_11613,"Revenue Colony-Shivajinagar, Pune - IITM",18.5301,73.8496,14.4,24,23.3,89,11.7,256,3.153,0.786,11.1,11.2,active
2026-08-24T22:00,PUN_11613,"Revenue Colony-Shivajinagar, Pune - IITM",18.5301,73.8496,22.9,38,23.2,90,11.4,255,3.059,0.82,11.5,10.9,active
2026-08-24T23:00,PUN_11613,"Revenue Colony-Shivajinagar, Pune - IITM",18.5301,73.8496,22.4,37,23.2,89,11.2,254,2.991,0.858,10.7,10.3,active
2026-08-25T00:00,PUN_11613,"Revenue Colony-Shivajinagar, Pune - IITM",18.5301,73.8496,18.5,30,23.0,89,11.0,264,3.039,0.319,7.9,9.1,active
2026-08-25T01:00,PUN_11613,"Revenue Colony-Shivajinagar, Pune - IITM",18.5301,73.8496,17.0,28,22.8,91,11.5,261,3.155,0.5,6.2,7.5,active
2026-08-25T02:00,PUN_11613,"Revenue Colony-Shivajinagar, Pune - IITM",18.5301,73.8496,19.5,32,22.9,90,12.2,262,3.356,0.472,5.5,6.3,active
2026-08-25T03:00,PUN_11613,"Revenue Colony-Shivajinagar, Pune - IITM",18.5301,73.8496,14.9,24,22.6,90,11.2,264,3.094,0.325,4.4,5.7,active
2026-08-25T04:00,PUN_11613,"Revenue Colony-Shivajinagar, Pune - IITM",18.5301,73.8496,14.8,24,22.6,90,10.9,279,2.991,-0.474,3.5,5.5,active
2026-08-25T05:00,PUN_11613,"Revenue Colony-Shivajinagar, Pune - IITM",18.5301,73.8496,20.5,34,22.6,90,10.5,264,2.901,0.305,3.5,4.8,active
2026-08-25T06:00,PUN_11613,"Revenue Colony-Shivajinagar, Pune - IITM",18.5301,73.8496,27.0,45,22.6,91,9.0,264,2.486,0.261,3.5,5.3,active
2026-08-25T07:00,PUN_11613,"Revenue Colony-Shivajinagar, Pune - IITM",18.5301,73.8496,18.1,30,23.1,89,9.6,266,2.66,0.186,4.1,5.8,active
2026-08-25T08:00,PUN_11613,"Revenue Colony-Shivajinagar, Pune - IITM",18.5301,73.8496,17.8,29,24.3,83,13.7,268,3.803,0.133,5.3,5.9,active
2026-08-25T09:00,PUN_11613,"Revenue Colony-Shivajinagar, Pune - IITM",18.5301,73.8496,26.2,43,25.3,77,14.6,274,4.046,-0.283,8.2,5.0,active
2026-08-25T10:00,PUN_11613,"Revenue Colony-Shivajinagar, Pune - IITM",18.5301,73.8496,24.5,40,26.6,71,15.3,279,4.198,-0.665,10.3,3.5,active
2026-08-25T11:00,PUN_11613,"Revenue Colony-Shivajinagar, Pune - IITM",18.5301,73.8496,20.7,34,26.6,73,17.7,273,4.91,-0.257,11.5,2.4,active
2026-08-25T12:00,PUN_11613,"Revenue Colony-Shivajinagar, Pune - IITM",18.5301,73.8496,28.6,47,27.3,69,16.4,274,4.544,-0.318,12.2,1.9,active
2026-08-25T13:00,PUN_11613,"Revenue Colony-Shivajinagar, Pune - IITM",18.5301,73.8496,36.9,61,28.1,65,17.3,268,4.803,0.168,12.6,1.8,active
2026-08-25T14:00,PUN_11613,"Revenue Colony-Shivajinagar, Pune - IITM",18.5301,73.8496,34.2,57,28.3,64,20.2,270,5.611,0.0,12.3,2.0,active
2026-08-25T15:00,PUN_11613,"Revenue Colony-Shivajinagar, Pune - IITM",18.5301,73.8496,19.9,33,27.4,68,19.4,270,5.389,0.0,11.2,2.6,active
2026-08-25T16:00,PUN_11613,"Revenue Colony-Shivajinagar, Pune - IITM",18.5301,73.8496,17.6,29,26.6,71,19.3,269,5.36,0.094,11.0,3.5,active
2026-08-25T17:00,PUN_11613,"Revenue Colony-Shivajinagar, Pune - IITM",18.5301,73.8496,18.6,31,26.0,74,17.6,262,4.841,0.68,21.3,4.4,active
2026-08-25T18:00,PUN_11613,"Revenue Colony-Shivajinagar, Pune - IITM",18.5301,73.8496,21.4,35,24.7,81,15.1,262,4.154,0.584,18.6,6.2,active
2026-08-25T19:00,PUN_11613,"Revenue Colony-Shivajinagar, Pune - IITM",18.5301,73.8496,31.3,52,23.7,85,14.1,260,3.857,0.68,17.0,8.6,active
2026-08-25T20:00,PUN_11613,"Revenue Colony-Shivajinagar, Pune - IITM",18.5301,73.8496,31.9,53,23.3,88,13.6,258,3.695,0.785,15.8,10.6,active
2026-08-25T21:00,PUN_11613,"Revenue Colony-Shivajinagar, Pune - IITM",18.5301,73.8496,35.0,58,23.3,88,12.4,261,3.402,0.539,15.2,11.8,active
2026-08-25T22:00,PUN_11613,"Revenue Colony-Shivajinagar, Pune - IITM",18.5301,73.8496,37.5,62,23.4,89,11.9,260,3.255,0.574,14.9,12.5,active
2026-08-25T23:00,PUN_11613,"Revenue Colony-Shivajinagar, Pune - IITM",18.5301,73.8496,27.8,46,23.2,89,11.9,265,3.293,0.288,14.4,12.5,active
2026-08-26T00:00,PUN_11613,"Revenue Colony-Shivajinagar, Pune - IITM",18.5301,73.8496,23.7,39,23.0,89,14.4,261,3.951,0.626,12.7,11.2,active
2026-08-26T01:00,PUN_11613,"Revenue Colony-Shivajinagar, Pune - IITM",18.5301,73.8496,27.9,46,22.7,91,13.8,263,3.805,0.467,10.6,9.2,active
2026-08-26T02:00,PUN_11613,"Revenue Colony-Shivajinagar, Pune - IITM",18.5301,73.8496,30.6,51,22.7,90,13.7,265,3.791,0.332,8.7,7.5,active
2026-08-26T03:00,PUN_11613,"Revenue Colony-Shivajinagar, Pune - IITM",18.5301,73.8496,17.9,29,22.6,90,13.9,266,3.852,0.269,6.9,6.5,active
2026-08-26T04:00,PUN_11613,"Revenue Colony-Shivajinagar, Pune - IITM",18.5301,73.8496,17.8,29,22.6,90,13.9,264,3.84,0.404,6.2,5.9,active
2026-08-26T05:00,PUN_11613,"Revenue Colony-Shivajinagar, Pune - IITM",18.5301,73.8496,22.6,37,22.9,90,12.0,261,3.292,0.521,4.4,4.8,active
2026-08-26T06:00,PUN_11613,"Revenue Colony-Shivajinagar, Pune - IITM",18.5301,73.8496,22.2,37,22.6,92,11.2,273,3.107,-0.163,4.1,5.3,active
2026-08-26T07:00,PUN_11613,"Revenue Colony-Shivajinagar, Pune - IITM",18.5301,73.8496,22.0,36,22.9,91,13.9,276,3.84,-0.404,4.4,6.0,active
2026-08-26T08:00,PUN_11613,"Revenue Colony-Shivajinagar, Pune - IITM",18.5301,73.8496,20.7,34,24.0,85,15.3,279,4.198,-0.665,5.2,6.1,active
2026-08-26T09:00,PUN_11613,"Revenue Colony-Shivajinagar, Pune - IITM",18.5301,73.8496,21.5,35,25.4,78,16.6,280,4.541,-0.801,7.6,5.1,active
2026-08-26T10:00,PUN_11613,"Revenue Colony-Shivajinagar, Pune - IITM",18.5301,73.8496,22.6,37,26.5,73,19.1,275,5.285,-0.462,10.4,3.5,active
2026-08-26T11:00,PUN_11613,"Revenue Colony-Shivajinagar, Pune - IITM",18.5301,73.8496,25.9,43,27.5,69,18.1,276,5.0,-0.526,13.5,2.3,active
2026-08-26T12:00,PUN_11613,"Revenue Colony-Shivajinagar, Pune - IITM",18.5301,73.8496,23.6,39,28.1,66,17.5,274,4.849,-0.339,15.4,1.8,active
2026-08-26T13:00,PUN_11613,"Revenue Colony-Shivajinagar, Pune - IITM",18.5301,73.8496,28.6,47,28.3,64,18.2,273,5.049,-0.265,14.9,1.7,active
2026-08-26T14:00,PUN_11613,"Revenue Colony-Shivajinagar, Pune - IITM",18.5301,73.8496,30.9,51,28.1,66,19.1,272,5.302,-0.185,15.4,2.0,active
2026-08-26T15:00,PUN_11613,"Revenue Colony-Shivajinagar, Pune - IITM",18.5301,73.8496,27.0,45,27.7,67,18.2,272,5.053,-0.176,16.1,2.5,active
2026-08-26T16:00,PUN_11613,"Revenue Colony-Shivajinagar, Pune - IITM",18.5301,73.8496,21.0,35,27.0,71,18.8,273,5.215,-0.273,15.8,3.4,active
2026-08-26T17:00,PUN_11613,"Revenue Colony-Shivajinagar, Pune - IITM",18.5301,73.8496,19.4,32,26.1,74,16.6,271,4.61,-0.08,17.6,4.2,active
2026-08-26T18:00,PUN_11613,"Revenue Colony-Shivajinagar, Pune - IITM",18.5301,73.8496,24.0,40,25.0,79,14.3,265,3.957,0.346,16.4,6.6,active
2026-08-26T19:00,PUN_11613,"Revenue Colony-Shivajinagar, Pune - IITM",18.5301,73.8496,21.7,36,23.9,85,13.9,264,3.84,0.404,15.5,9.8,active
2026-08-26T20:00,PUN_11613,"Revenue Colony-Shivajinagar, Pune - IITM",18.5301,73.8496,23.2,38,23.7,85,13.4,256,3.612,0.9,13.8,12.2,active
2026-08-26T21:00,PUN_11613,"Revenue Colony-Shivajinagar, Pune - IITM",18.5301,73.8496,27.4,45,23.3,86,12.1,260,3.31,0.584,11.2,13.0,active
2026-08-26T22:00,PUN_11613,"Revenue Colony-Shivajinagar, Pune - IITM",18.5301,73.8496,31.1,51,23.1,89,10.5,258,2.853,0.606,9.0,12.8,active
2026-08-26T23:00,PUN_11613,"Revenue Colony-Shivajinagar, Pune - IITM",18.5301,73.8496,30.8,51,23.1,88,12.4,257,3.356,0.775,7.0,12.0,active
2026-08-27T00:00,PUN_11613,"Revenue Colony-Shivajinagar, Pune - IITM",18.5301,73.8496,28.8,48,23.1,89,12.5,266,3.464,0.242,5.1,10.1,active
2026-08-27T01:00,PUN_11613,"Revenue Colony-Shivajinagar, Pune - IITM",18.5301,73.8496,24.4,40,23.2,89,12.2,261,3.347,0.53,4.2,7.4,active
2026-08-27T02:00,PUN_11613,"Revenue Colony-Shivajinagar, Pune - IITM",18.5301,73.8496,19.9,33,23.0,90,12.1,264,3.343,0.351,3.8,5.5,active
2026-08-27T03:00,PUN_11613,"Revenue Colony-Shivajinagar, Pune - IITM",18.5301,73.8496,16.0,26,22.9,89,12.6,267,3.495,0.183,3.2,5.0,active
2026-08-27T04:00,PUN_11613,"Revenue Colony-Shivajinagar, Pune - IITM",18.5301,73.8496,13.5,22,22.8,90,12.5,265,3.459,0.303,2.6,5.1,active
2026-08-27T05:00,PUN_11613,"Revenue Colony-Shivajinagar, Pune - IITM",18.5301,73.8496,15.8,26,22.8,91,12.8,261,3.512,0.556,3.7,4.5,active
2026-08-27T06:00,PUN_11613,"Revenue Colony-Shivajinagar, Pune - IITM",18.5301,73.8496,18.3,30,23.1,88,14.1,256,3.8,0.948,3.8,4.7,active
2026-08-27T07:00,PUN_11613,"Revenue Colony-Shivajinagar, Pune - IITM",18.5301,73.8496,18.6,31,23.3,86,13.3,261,3.649,0.578,4.0,4.9,active
2026-08-27T08:00,PUN_11613,"Revenue Colony-Shivajinagar, Pune - IITM",18.5301,73.8496,22.3,37,24.0,83,17.7,260,4.842,0.854,6.9,4.8,active
2026-08-27T09:00,PUN_11613,"Revenue Colony-Shivajinagar, Pune - IITM",18.5301,73.8496,30.1,50,25.4,75,19.7,264,5.442,0.572,10.2,4.0,active
2026-08-27T10:00,PUN_11613,"Revenue Colony-Shivajinagar, Pune - IITM",18.5301,73.8496,27.5,45,26.4,70,17.5,269,4.86,0.085,11.1,2.8,active
2026-08-27T11:00,PUN_11613,"Revenue Colony-Shivajinagar, Pune - IITM",18.5301,73.8496,18.0,30,27.3,64,18.8,260,5.143,0.907,11.4,2.0,active
2026-08-27T12:00,PUN_11613,"Revenue Colony-Shivajinagar, Pune - IITM",18.5301,73.8496,22.1,36,27.6,63,17.5,270,4.861,0.0,11.6,1.7,active
2026-08-27T13:00,PUN_11613,"Revenue Colony-Shivajinagar, Pune - IITM",18.5301,73.8496,18.5,30,26.8,66,22.0,268,6.107,0.213,10.7,1.8,active
2026-08-27T14:00,PUN_11613,"Revenue Colony-Shivajinagar, Pune - IITM",18.5301,73.8496,17.5,29,26.6,70,19.1,269,5.305,0.093,9.1,2.1,active
2026-08-27T15:00,PUN_11613,"Revenue Colony-Shivajinagar, Pune - IITM",18.5301,73.8496,17.9,29,26.5,68,19.4,264,5.359,0.563,8.7,2.3,active
2026-08-29T00:00,PUN_11613,"Revenue Colony-Shivajinagar, Pune - IITM",18.5301,73.8496,20.4,34,22.8,90,14.4,261,3.951,0.626,3.6,8.5,active
2026-08-29T01:00,PUN_11613,"Revenue Colony-Shivajinagar, Pune - IITM",18.5301,73.8496,21.5,35,23.0,90,12.8,264,3.536,0.372,2.7,7.7,active
2026-08-29T02:00,PUN_11613,"Revenue Colony-Shivajinagar, Pune - IITM",18.5301,73.8496,16.9,28,23.0,89,16.0,267,4.438,0.233,2.2,6.8,active
2026-08-29T03:00,PUN_11613,"Revenue Colony-Shivajinagar, Pune - IITM",18.5301,73.8496,10.8,18,22.9,89,17.1,266,4.738,0.331,1.7,5.8,active
2026-08-29T04:00,PUN_11613,"Revenue Colony-Shivajinagar, Pune - IITM",18.5301,73.8496,13.4,22,22.8,90,17.1,263,4.715,0.579,1.6,4.8,active
2026-08-29T05:00,PUN_11613,"Revenue Colony-Shivajinagar, Pune - IITM",18.5301,73.8496,12.0,20,22.5,91,18.4,266,5.099,0.357,3.4,4.2,active
2026-08-29T06:00,PUN_11613,"Revenue Colony-Shivajinagar, Pune - IITM",18.5301,73.8496,10.5,17,22.3,92,16.4,269,4.555,0.08,3.0,4.7,active
2026-08-29T07:00,PUN_11613,"Revenue Colony-Shivajinagar, Pune - IITM",18.5301,73.8496,8.6,14,22.9,89,17.5,266,4.849,0.339,3.1,5.4,active
2026-08-30T07:00,PUN_11613,"Revenue Colony-Shivajinagar, Pune - IITM",18.5301,73.8496,15.6,26,22.6,89,18.5,263,5.101,0.626,3.0,3.8,active
2026-08-30T08:00,PUN_11613,"Revenue Colony-Shivajinagar, Pune - IITM",18.5301,73.8496,21.2,35,23.5,84,20.4,264,5.636,0.592,3.6,3.6,active
2026-08-30T09:00,PUN_11613,"Revenue Colony-Shivajinagar, Pune - IITM",18.5301,73.8496,16.4,27,25.4,73,20.2,268,5.608,0.196,4.9,3.0,active
2026-08-30T10:00,PUN_11613,"Revenue Colony-Shivajinagar, Pune - IITM",18.5301,73.8496,10.3,17,26.6,68,21.1,267,5.853,0.307,5.8,2.1,active
2026-08-30T11:00,PUN_11613,"Revenue Colony-Shivajinagar, Pune - IITM",18.5301,73.8496,16.3,27,27.0,66,19.8,266,5.487,0.384,6.1,1.5,active
2026-08-30T12:00,PUN_11613,"Revenue Colony-Shivajinagar, Pune - IITM",18.5301,73.8496,15.0,25,27.7,63,23.4,272,6.496,-0.227,5.8,1.3,active
2026-08-30T13:00,PUN_11613,"Revenue Colony-Shivajinagar, Pune - IITM",18.5301,73.8496,9.4,15,28.0,62,24.2,273,6.713,-0.352,5.5,1.4,active
2026-08-30T14:00,PUN_11613,"Revenue Colony-Shivajinagar, Pune - IITM",18.5301,73.8496,10.4,17,28.0,61,23.9,271,6.638,-0.116,5.0,1.7,active
2026-08-30T15:00,PUN_11613,"Revenue Colony-Shivajinagar, Pune - IITM",18.5301,73.8496,11.5,19,27.0,67,21.6,270,6.0,0.0,5.1,2.1,active
2026-08-30T16:00,PUN_11613,"Revenue Colony-Shivajinagar, Pune - IITM",18.5301,73.8496,9.5,15,26.3,71,19.1,271,5.305,-0.093,5.4,2.6,active
2026-08-30T17:00,PUN_11613,"Revenue Colony-Shivajinagar, Pune - IITM",18.5301,73.8496,11.9,19,25.8,73,16.3,264,4.503,0.473,8.1,2.8,active
2026-08-30T18:00,PUN_11613,"Revenue Colony-Shivajinagar, Pune - IITM",18.5301,73.8496,18.8,31,24.6,78,15.2,263,4.191,0.515,7.5,4.5,active
2026-08-30T19:00,PUN_11613,"Revenue Colony-Shivajinagar, Pune - IITM",18.5301,73.8496,18.9,31,23.7,82,13.1,263,3.612,0.443,7.3,6.8,active
2026-08-30T20:00,PUN_11613,"Revenue Colony-Shivajinagar, Pune - IITM",18.5301,73.8496,15.7,26,23.3,87,11.6,265,3.21,0.281,7.0,8.4,active
2026-08-30T21:00,PUN_11613,"Revenue Colony-Shivajinagar, Pune - IITM",18.5301,73.8496,11.8,19,23.5,87,11.9,264,3.287,0.346,6.5,8.7,active
2026-08-30T22:00,PUN_11613,"Revenue Colony-Shivajinagar, Pune - IITM",18.5301,73.8496,16.6,27,23.4,87,13.3,267,3.689,0.193,5.6,8.3,active
2026-08-30T23:00,PUN_11613,"Revenue Colony-Shivajinagar, Pune - IITM",18.5301,73.8496,15.3,25,22.8,89,13.8,263,3.805,0.467,4.9,7.7,active
2026-08-31T00:00,PUN_11613,"Revenue Colony-Shivajinagar, Pune - IITM",18.5301,73.8496,15.0,25,22.6,89,13.9,266,3.852,0.269,4.0,7.0,active
2026-08-31T01:00,PUN_11613,"Revenue Colony-Shivajinagar, Pune - IITM",18.5301,73.8496,20.7,34,22.3,90,13.9,266,3.852,0.269,3.7,6.2,active
2026-08-31T02:00,PUN_11613,"Revenue Colony-Shivajinagar, Pune - IITM",18.5301,73.8496,17.3,28,22.3,90,14.2,268,3.942,0.138,3.3,5.5,active
2026-08-31T03:00,PUN_11613,"Revenue Colony-Shivajinagar, Pune - IITM",18.5301,73.8496,11.8,19,22.4,89,15.0,266,4.157,0.291,2.8,5.1,active
2026-08-31T04:00,PUN_11613,"Revenue Colony-Shivajinagar, Pune - IITM",18.5301,73.8496,9.6,16,22.3,90,15.0,263,4.136,0.508,2.5,4.9,active
2026-08-31T05:00,PUN_11613,"Revenue Colony-Shivajinagar, Pune - IITM",18.5301,73.8496,7.7,12,22.4,88,15.5,266,4.295,0.3,2.1,4.5,active
2026-08-31T06:00,PUN_11613,"Revenue Colony-Shivajinagar, Pune - IITM",18.5301,73.8496,10.1,16,22.3,89,15.2,264,4.199,0.441,2.4,4.8,active
2026-08-31T07:00,PUN_11613,"Revenue Colony-Shivajinagar, Pune - IITM",18.5301,73.8496,15.9,26,23.0,87,13.9,266,3.852,0.269,3.2,5.2,active
2026-08-31T08:00,PUN_11613,"Revenue Colony-Shivajinagar, Pune - IITM",18.5301,73.8496,15.1,25,24.0,82,19.7,274,5.459,-0.382,3.1,5.2,active
2026-08-31T09:00,PUN_11613,"Revenue Colony-Shivajinagar, Pune - IITM",18.5301,73.8496,18.2,30,25.5,74,20.6,274,5.708,-0.399,4.6,4.3,active
2026-08-31T10:00,PUN_11613,"Revenue Colony-Shivajinagar, Pune - IITM",18.5301,73.8496,19.5,32,26.6,69,18.8,275,5.202,-0.455,5.5,2.9,active
2026-08-31T11:00,PUN_11613,"Revenue Colony-Shivajinagar, Pune - IITM",18.5301,73.8496,15.6,26,27.6,63,17.9,273,4.965,-0.26,6.8,1.9,active
2026-08-31T12:00,PUN_11613,"Revenue Colony-Shivajinagar, Pune - IITM",18.5301,73.8496,19.6,32,28.3,60,18.0,272,4.997,-0.174,7.3,1.5,active
2026-08-31T13:00,PUN_11613,"Revenue Colony-Shivajinagar, Pune - IITM",18.5301,73.8496,17.8,29,28.6,58,18.8,279,5.158,-0.817,7.3,1.4,active
2026-09-01T10:00,PUN_11613,"Revenue Colony-Shivajinagar, Pune - IITM",18.5301,73.8496,22.2,37,27.1,67,16.7,271,4.638,-0.081,5.8,3.6,active
2026-09-01T11:00,PUN_11613,"Revenue Colony-Shivajinagar, Pune - IITM",18.5301,73.8496,18.4,30,28.1,61,15.7,272,4.358,-0.152,6.3,2.3,active
2026-09-01T12:00,PUN_11613,"Revenue Colony-Shivajinagar, Pune - IITM",18.5301,73.8496,12.9,21,28.9,57,16.0,273,4.438,-0.233,6.3,1.8,active
2026-09-01T13:00,PUN_11613,"Revenue Colony-Shivajinagar, Pune - IITM",18.5301,73.8496,10.1,16,29.1,57,17.2,276,4.752,-0.499,6.1,1.7,active
2026-09-01T14:00,PUN_11613,"Revenue Colony-Shivajinagar, Pune - IITM",18.5301,73.8496,13.9,23,29.1,57,18.0,269,4.999,0.087,6.2,2.0,active
2026-09-01T15:00,PUN_11613,"Revenue Colony-Shivajinagar, Pune - IITM",18.5301,73.8496,17.9,29,28.4,57,18.7,271,5.194,-0.091,6.4,2.6,active
2026-09-01T16:00,PUN_11613,"Revenue Colony-Shivajinagar, Pune - IITM",18.5301,73.8496,13.0,21,27.1,65,19.8,273,5.493,-0.288,6.0,3.5,active
2026-09-01T17:00,PUN_11613,"Revenue Colony-Shivajinagar, Pune - IITM",18.5301,73.8496,12.1,20,26.1,74,18.4,280,5.034,-0.888,6.8,4.8,active
2026-09-01T18:00,PUN_11613,"Revenue Colony-Shivajinagar, Pune - IITM",18.5301,73.8496,13.1,21,24.6,80,14.6,272,4.053,-0.142,6.0,8.1,active
2026-09-01T19:00,PUN_11613,"Revenue Colony-Shivajinagar, Pune - IITM",18.5301,73.8496,14.2,23,23.9,83,13.0,269,3.611,0.063,6.7,12.5,active
2026-09-01T20:00,PUN_11613,"Revenue Colony-Shivajinagar, Pune - IITM",18.5301,73.8496,18.0,30,23.4,87,11.9,269,3.305,0.058,7.6,15.4,active
2026-09-01T21:00,PUN_11613,"Revenue Colony-Shivajinagar, Pune - IITM",18.5301,73.8496,23.5,39,23.4,88,11.5,269,3.194,0.056,7.9,15.1,active
2026-09-01T22:00,PUN_11613,"Revenue Colony-Shivajinagar, Pune - IITM",18.5301,73.8496,24.7,41,23.3,89,10.6,267,2.94,0.154,7.5,13.2,active
2026-09-01T23:00,PUN_11613,"Revenue Colony-Shivajinagar, Pune - IITM",18.5301,73.8496,17.5,29,23.0,87,10.4,256,2.803,0.699,6.7,11.6,active
2026-09-02T00:00,PUN_11613,"Revenue Colony-Shivajinagar, Pune - IITM",18.5301,73.8496,21.7,36,22.7,88,8.7,248,2.241,0.905,6.1,11.0,active
2026-09-02T01:00,PUN_11613,"Revenue Colony-Shivajinagar, Pune - IITM",18.5301,73.8496,23.3,38,22.4,90,9.6,249,2.49,0.956,5.9,10.6,active
2026-09-02T02:00,PUN_11613,"Revenue Colony-Shivajinagar, Pune - IITM",18.5301,73.8496,17.1,28,22.3,90,9.4,259,2.563,0.498,5.8,10.1,active
2026-09-02T03:00,PUN_11613,"Revenue Colony-Shivajinagar, Pune - IITM",18.5301,73.8496,12.5,20,22.5,90,9.5,261,2.606,0.413,5.7,9.4,active
2026-09-02T04:00,PUN_11613,"Revenue Colony-Shivajinagar, Pune - IITM",18.5301,73.8496,13.3,22,22.7,88,9.6,257,2.598,0.6,5.7,8.5,active
2026-09-02T05:00,PUN_11613,"Revenue Colony-Shivajinagar, Pune - IITM",18.5301,73.8496,15.0,25,22.9,90,10.4,262,2.861,0.402,4.4,6.8,active
2026-09-02T06:00,PUN_11613,"Revenue Colony-Shivajinagar, Pune - IITM",18.5301,73.8496,12.7,21,22.7,90,9.3,262,2.558,0.36,3.7,6.8,active
2026-09-02T07:00,PUN_11613,"Revenue Colony-Shivajinagar, Pune - IITM",18.5301,73.8496,14.9,24,23.5,85,11.3,257,3.058,0.706,3.5,6.8,active
2026-09-02T08:00,PUN_11613,"Revenue Colony-Shivajinagar, Pune - IITM",18.5301,73.8496,24.7,41,25.0,77,13.4,253,3.56,1.088,3.7,6.4,active
2026-09-02T09:00,PUN_11613,"Revenue Colony-Shivajinagar, Pune - IITM",18.5301,73.8496,26.9,44,26.1,72,14.5,253,3.852,1.178,3.5,5.1,active
2026-09-02T10:00,PUN_11613,"Revenue Colony-Shivajinagar, Pune - IITM",18.5301,73.8496,16.6,27,27.3,67,15.5,262,4.264,0.599,3.5,3.4,active
2026-09-02T11:00,PUN_11613,"Revenue Colony-Shivajinagar, Pune - IITM",18.5301,73.8496,17.6,29,27.8,65,16.0,259,4.363,0.848,3.2,2.1,active
2026-09-02T12:00,PUN_11613,"Revenue Colony-Shivajinagar, Pune - IITM",18.5301,73.8496,21.0,35,28.3,64,16.0,262,4.401,0.619,3.1,1.6,active
2026-09-02T13:00,PUN_11613,"Revenue Colony-Shivajinagar, Pune - IITM",18.5301,73.8496,13.9,23,27.6,65,19.9,264,5.498,0.578,3.3,1.7,active
2026-09-02T14:00,PUN_11613,"Revenue Colony-Shivajinagar, Pune - IITM",18.5301,73.8496,10.9,18,27.0,69,20.3,271,5.638,-0.098,3.8,2.1,active
2026-09-02T15:00,PUN_11613,"Revenue Colony-Shivajinagar, Pune - IITM",18.5301,73.8496,9.2,15,27.1,70,17.0,274,4.711,-0.329,4.4,2.9,active
2026-09-02T16:00,PUN_11613,"Revenue Colony-Shivajinagar, Pune - IITM",18.5301,73.8496,8.8,14,26.4,69,17.8,273,4.938,-0.259,3.8,4.1,active
2026-09-02T17:00,PUN_11613,"Revenue Colony-Shivajinagar, Pune - IITM",18.5301,73.8496,10.1,16,25.5,76,15.8,272,4.386,-0.153,3.6,5.6,active
2026-09-02T18:00,PUN_11613,"Revenue Colony-Shivajinagar, Pune - IITM",18.5301,73.8496,10.0,16,24.4,81,14.6,267,4.05,0.212,4.4,8.9,active
2026-09-02T19:00,PUN_11613,"Revenue Colony-Shivajinagar, Pune - IITM",18.5301,73.8496,8.6,14,23.5,86,13.2,258,3.587,0.762,6.0,13.4,active
2026-09-02T20:00,PUN_11613,"Revenue Colony-Shivajinagar, Pune - IITM",18.5301,73.8496,8.0,13,23.2,88,10.9,263,3.005,0.369,6.9,16.3,active
2026-09-02T21:00,PUN_11613,"Revenue Colony-Shivajinagar, Pune - IITM",18.5301,73.8496,11.1,18,22.9,90,9.6,262,2.641,0.371,6.8,16.2,active
2026-09-02T22:00,PUN_11613,"Revenue Colony-Shivajinagar, Pune - IITM",18.5301,73.8496,17.1,28,22.8,90,8.4,259,2.29,0.445,7.1,14.5,active
2026-09-02T23:00,PUN_11613,"Revenue Colony-Shivajinagar, Pune - IITM",18.5301,73.8496,22.9,38,22.8,88,9.0,254,2.403,0.689,6.2,12.7,active
2026-09-03T00:00,PUN_11613,"Revenue Colony-Shivajinagar, Pune - IITM",18.5301,73.8496,18.4,30,22.4,90,9.2,253,2.444,0.747,4.9,11.0,active
2026-09-03T01:00,PUN_11613,"Revenue Colony-Shivajinagar, Pune - IITM",18.5301,73.8496,13.0,21,22.2,90,8.1,253,2.152,0.658,4.8,9.1,active
2026-09-03T02:00,PUN_11613,"Revenue Colony-Shivajinagar, Pune - IITM",18.5301,73.8496,11.3,18,22.2,91,7.9,246,2.005,0.893,4.6,7.7,active
2026-09-03T03:00,PUN_11613,"Revenue Colony-Shivajinagar, Pune - IITM",18.5301,73.8496,11.4,19,22.2,91,8.1,252,2.14,0.695,4.3,7.2,active
2026-09-03T04:00,PUN_11613,"Revenue Colony-Shivajinagar, Pune - IITM",18.5301,73.8496,15.2,25,22.4,90,8.9,249,2.308,0.886,3.7,7.1,active
2026-09-03T05:00,PUN_11613,"Revenue Colony-Shivajinagar, Pune - IITM",18.5301,73.8496,20.2,33,22.3,90,8.9,256,2.399,0.598,2.5,6.1,active
2026-09-03T06:00,PUN_11613,"Revenue Colony-Shivajinagar, Pune - IITM",18.5301,73.8496,12.9,21,22.2,90,8.4,259,2.29,0.445,2.3,6.3,active
2026-09-03T07:00,PUN_11613,"Revenue Colony-Shivajinagar, Pune - IITM",18.5301,73.8496,10.5,17,22.9,87,9.9,265,2.74,0.24,2.5,6.6,active
2026-09-03T08:00,PUN_11613,"Revenue Colony-Shivajinagar, Pune - IITM",18.5301,73.8496,17.4,29,24.1,80,13.4,259,3.654,0.71,3.3,6.4,active
2026-09-03T09:00,PUN_11613,"Revenue Colony-Shivajinagar, Pune - IITM",18.5301,73.8496,22.2,37,25.4,73,15.0,260,4.103,0.724,3.9,5.2,active
2026-09-03T10:00,PUN_11613,"Revenue Colony-Shivajinagar, Pune - IITM",18.5301,73.8496,19.9,33,26.4,70,15.8,263,4.356,0.535,4.8,3.5,active
2026-09-03T11:00,PUN_11613,"Revenue Colony-Shivajinagar, Pune - IITM",18.5301,73.8496,21.3,35,27.6,65,17.0,266,4.711,0.329,5.9,2.3,active
2026-09-03T12:00,PUN_11613,"Revenue Colony-Shivajinagar, Pune - IITM",18.5301,73.8496,15.9,26,28.1,63,16.6,266,4.6,0.322,6.3,1.9,active
2026-09-03T13:00,PUN_11613,"Revenue Colony-Shivajinagar, Pune - IITM",18.5301,73.8496,13.3,22,28.6,60,17.6,269,4.888,0.085,6.4,1.9,active
2026-09-03T14:00,PUN_11613,"Revenue Colony-Shivajinagar, Pune - IITM",18.5301,73.8496,15.1,25,27.8,62,19.6,269,5.444,0.095,6.2,2.2,active
2026-09-03T15:00,PUN_11613,"Revenue Colony-Shivajinagar, Pune - IITM",18.5301,73.8496,18.4,30,27.2,66,17.5,274,4.849,-0.339,5.9,2.6,active
2026-09-03T16:00,PUN_11613,"Revenue Colony-Shivajinagar, Pune - IITM",18.5301,73.8496,12.0,20,26.6,68,18.6,268,5.164,0.18,6.0,3.2,active
2026-09-03T17:00,PUN_11613,"Revenue Colony-Shivajinagar, Pune - IITM",18.5301,73.8496,8.2,13,25.6,73,16.0,269,4.444,0.078,9.1,4.4,active
2026-09-03T18:00,PUN_11613,"Revenue Colony-Shivajinagar, Pune - IITM",18.5301,73.8496,15.3,25,24.2,82,13.5,261,3.704,0.587,8.8,7.4,active
2026-09-03T19:00,PUN_11613,"Revenue Colony-Shivajinagar, Pune - IITM",18.5301,73.8496,23.0,38,23.6,84,12.7,263,3.502,0.43,9.0,11.5,active
2026-09-03T20:00,PUN_11613,"Revenue Colony-Shivajinagar, Pune - IITM",18.5301,73.8496,15.6,26,23.0,88,10.3,257,2.788,0.644,9.6,14.4,active
2026-09-03T21:00,PUN_11613,"Revenue Colony-Shivajinagar, Pune - IITM",18.5301,73.8496,18.3,30,22.9,89,10.0,256,2.695,0.672,11.0,15.3,active
2026-09-03T22:00,PUN_11613,"Revenue Colony-Shivajinagar, Pune - IITM",18.5301,73.8496,21.5,35,23.1,88,11.1,256,2.992,0.746,10.9,15.0,active
2026-09-03T23:00,PUN_11613,"Revenue Colony-Shivajinagar, Pune - IITM",18.5301,73.8496,16.5,27,22.8,88,11.6,263,3.198,0.393,9.3,14.1,active
2026-09-04T00:00,PUN_11613,"Revenue Colony-Shivajinagar, Pune - IITM",18.5301,73.8496,17.1,28,22.5,90,11.1,257,3.004,0.694,7.6,12.6,active
2026-08-21T01:00,PUN_60658,"Hadapsar, Pune - IITM",18.5018,73.9275,15.5,25,22.8,89,10.5,267,2.913,0.153,3.8,6.8,active
2026-08-21T02:00,PUN_60658,"Hadapsar, Pune - IITM",18.5018,73.9275,25.3,42,22.9,89,10.5,265,2.906,0.254,2.5,5.1,active
2026-08-21T03:00,PUN_60658,"Hadapsar, Pune - IITM",18.5018,73.9275,28.4,47,22.7,89,10.4,271,2.888,-0.05,2.1,4.6,active
2026-08-21T04:00,PUN_60658,"Hadapsar, Pune - IITM",18.5018,73.9275,21.9,36,22.6,90,10.4,271,2.888,-0.05,2.1,4.7,active
2026-08-21T05:00,PUN_60658,"Hadapsar, Pune - IITM",18.5018,73.9275,21.0,35,22.6,90,11.4,266,3.159,0.221,2.6,5.0,active
2026-08-21T06:00,PUN_60658,"Hadapsar, Pune - IITM",18.5018,73.9275,18.8,31,22.5,89,11.6,266,3.214,0.225,2.7,5.2,active
2026-08-21T07:00,PUN_60658,"Hadapsar, Pune - IITM",18.5018,73.9275,16.8,28,23.3,85,13.5,270,3.75,0.0,2.8,5.4,active
2026-08-21T08:00,PUN_60658,"Hadapsar, Pune - IITM",18.5018,73.9275,16.5,27,24.3,80,15.7,271,4.36,-0.076,3.8,5.3,active
2026-08-21T09:00,PUN_60658,"Hadapsar, Pune - IITM",18.5018,73.9275,31.4,52,25.7,73,15.3,270,4.25,0.0,5.9,4.4,active
2026-08-21T10:00,PUN_60658,"Hadapsar, Pune - IITM",18.5018,73.9275,28.8,48,27.1,66,17.1,271,4.749,-0.083,7.8,3.1,active
2026-08-21T11:00,PUN_60658,"Hadapsar, Pune - IITM",18.5018,73.9275,21.6,36,28.0,62,18.5,270,5.139,0.0,9.2,2.2,active
2026-08-21T12:00,PUN_60658,"Hadapsar, Pune - IITM",18.5018,73.9275,23.7,39,28.6,61,17.1,268,4.747,0.166,9.7,1.8,active
2026-08-21T13:00,PUN_60658,"Hadapsar, Pune - IITM",18.5018,73.9275,31.9,53,28.9,59,17.6,269,4.888,0.085,9.9,1.8,active
2026-08-21T14:00,PUN_60658,"Hadapsar, Pune - IITM",18.5018,73.9275,27.2,45,28.1,61,20.2,268,5.608,0.196,9.7,2.0,active
2026-08-21T15:00,PUN_60658,"Hadapsar, Pune - IITM",18.5018,73.9275,19.7,32,27.6,66,20.9,266,5.791,0.405,8.6,2.4,active
2026-08-21T16:00,PUN_60658,"Hadapsar, Pune - IITM",18.5018,73.9275,26.0,43,26.9,69,20.5,267,5.687,0.298,7.4,3.1,active
2026-08-21T17:00,PUN_60658,"Hadapsar, Pune - IITM",18.5018,73.9275,29.8,49,26.2,73,17.8,262,4.896,0.688,9.2,3.9,active
2026-08-21T18:00,PUN_60658,"Hadapsar, Pune - IITM",18.5018,73.9275,29.5,49,25.1,77,15.7,264,4.337,0.456,9.6,6.4,active
2026-08-21T19:00,PUN_60658,"Hadapsar, Pune - IITM",18.5018,73.9275,23.8,39,24.0,82,13.6,265,3.763,0.329,9.4,9.8,active
2026-08-21T20:00,PUN_60658,"Hadapsar, Pune - IITM",18.5018,73.9275,23.5,39,23.5,85,13.3,261,3.649,0.578,9.1,12.0,active
2026-08-21T21:00,PUN_60658,"Hadapsar, Pune - IITM",18.5018,73.9275,25.5,42,23.4,86,13.1,261,3.594,0.569,9.1,12.1,active
2026-08-21T22:00,PUN_60658,"Hadapsar, Pune - IITM",18.5018,73.9275,24.5,40,23.3,86,13.4,262,3.686,0.518,7.9,11.0,active
2026-08-21T23:00,PUN_60658,"Hadapsar, Pune - IITM",18.5018,73.9275,21.7,36,23.1,86,14.4,262,3.961,0.557,6.0,9.8,active
2026-08-22T00:00,PUN_60658,"Hadapsar, Pune - IITM",18.5018,73.9275,20.5,34,22.7,88,12.0,263,3.309,0.406,4.9,8.6,active
2026-08-22T01:00,PUN_60658,"Hadapsar, Pune - IITM",18.5018,73.9275,26.3,43,22.5,89,10.7,258,2.907,0.618,4.2,7.3,active
2026-08-22T02:00,PUN_60658,"Hadapsar, Pune - IITM",18.5018,73.9275,29.7,49,22.5,90,10.2,261,2.798,0.443,3.8,6.3,active
2026-08-22T03:00,PUN_60658,"Hadapsar, Pune - IITM",18.5018,73.9275,24.5,40,22.6,89,10.5,254,2.804,0.804,3.1,5.9,active
2026-08-22T10:00,PUN_60658,"Hadapsar, Pune - IITM",18.5018,73.9275,30.5,50,26.0,73,17.3,269,4.805,0.084,6.4,3.3,active
2026-08-22T11:00,PUN_60658,"Hadapsar, Pune - IITM",18.5018,73.9275,29.6,49,26.8,71,21.0,276,5.801,-0.61,7.0,2.2,active
2026-08-22T12:00,PUN_60658,"Hadapsar, Pune - IITM",18.5018,73.9275,25.4,42,27.2,70,18.1,275,5.009,-0.438,7.6,2.0,active
2026-08-22T13:00,PUN_60658,"Hadapsar, Pune - IITM",18.5018,73.9275,28.6,47,27.5,63,22.6,286,6.035,-1.73,7.9,2.3,active
2026-08-22T14:00,PUN_60658,"Hadapsar, Pune - IITM",18.5018,73.9275,34.5,57,26.4,71,19.1,278,5.254,-0.738,8.0,3.0,active
2026-08-22T15:00,PUN_60658,"Hadapsar, Pune - IITM",18.5018,73.9275,28.9,48,26.6,71,20.2,278,5.557,-0.781,8.6,4.4,active
2026-08-22T16:00,PUN_60658,"Hadapsar, Pune - IITM",18.5018,73.9275,26.9,44,25.8,74,20.0,283,5.413,-1.25,8.7,6.2,active
2026-08-22T17:00,PUN_60658,"Hadapsar, Pune - IITM",18.5018,73.9275,28.4,47,25.6,77,19.5,274,5.404,-0.378,9.5,5.9,active
2026-08-22T18:00,PUN_60658,"Hadapsar, Pune - IITM",18.5018,73.9275,34.3,57,24.5,83,16.1,274,4.461,-0.312,9.1,8.2,active
2026-08-22T19:00,PUN_60658,"Hadapsar, Pune - IITM",18.5018,73.9275,30.2,50,24.1,86,13.1,263,3.612,0.443,9.6,11.4,active
2026-08-22T20:00,PUN_60658,"Hadapsar, Pune - IITM",18.5018,73.9275,30.8,51,23.6,86,13.6,258,3.695,0.785,10.1,13.6,active
2026-08-22T21:00,PUN_60658,"Hadapsar, Pune - IITM",18.5018,73.9275,27.1,45,23.5,87,12.5,255,3.354,0.899,9.2,14.0,active
2026-08-22T22:00,PUN_60658,"Hadapsar, Pune - IITM",18.5018,73.9275,26.2,43,23.5,87,12.5,263,3.446,0.423,8.4,13.3,active
2026-08-22T23:00,PUN_60658,"Hadapsar, Pune - IITM",18.5018,73.9275,32.1,53,23.6,88,10.1,258,2.744,0.583,6.9,12.2,active
2026-08-23T00:00,PUN_60658,"Hadapsar, Pune - IITM",18.5018,73.9275,27.4,45,23.6,87,11.6,248,2.988,1.207,5.6,10.4,active
2026-08-23T01:00,PUN_60658,"Hadapsar, Pune - IITM",18.5018,73.9275,19.9,33,23.2,87,10.8,249,2.801,1.075,4.3,8.1,active
2026-08-23T02:00,PUN_60658,"Hadapsar, Pune - IITM",18.5018,73.9275,15.1,25,23.0,89,10.4,256,2.803,0.699,3.4,6.4,active
2026-08-23T04:00,PUN_60658,"Hadapsar, Pune - IITM",18.5018,73.9275,13.0,21,22.7,89,9.6,275,2.657,-0.232,2.2,5.5,active
2026-08-23T05:00,PUN_60658,"Hadapsar, Pune - IITM",18.5018,73.9275,9.7,16,23.2,89,10.9,262,2.998,0.421,2.9,5.8,active
2026-08-23T06:00,PUN_60658,"Hadapsar, Pune - IITM",18.5018,73.9275,9.2,15,23.1,89,10.1,269,2.805,0.049,2.8,5.3,active
2026-08-23T07:00,PUN_60658,"Hadapsar, Pune - IITM",18.5018,73.9275,9.2,15,23.9,85,11.8,263,3.253,0.399,3.3,4.6,active
2026-08-23T08:00,PUN_60658,"Hadapsar, Pune - IITM",18.5018,73.9275,22.9,38,24.9,80,14.7,262,4.044,0.568,4.0,3.9,active
2026-08-23T09:00,PUN_60658,"Hadapsar, Pune - IITM",18.5018,73.9275,25.2,42,26.2,73,16.5,264,4.558,0.479,5.7,3.1,active
2026-08-23T10:00,PUN_60658,"Hadapsar, Pune - IITM",18.5018,73.9275,22.6,37,27.0,70,16.6,268,4.608,0.161,7.6,2.4,active
2026-08-23T11:00,PUN_60658,"Hadapsar, Pune - IITM",18.5018,73.9275,24.1,40,27.6,69,19.8,268,5.497,0.192,8.8,1.8,active
2026-08-23T12:00,PUN_60658,"Hadapsar, Pune - IITM",18.5018,73.9275,26.1,43,28.2,65,20.5,272,5.691,-0.199,9.4,1.5,active
2026-08-23T13:00,PUN_60658,"Hadapsar, Pune - IITM",18.5018,73.9275,24.6,41,28.1,68,21.2,270,5.889,0.0,9.3,1.4,active
2026-08-23T14:00,PUN_60658,"Hadapsar, Pune - IITM",18.5018,73.9275,36.2,60,27.8,70,21.8,269,6.055,0.106,9.3,1.6,active
2026-08-23T15:00,PUN_60658,"Hadapsar, Pune - IITM",18.5018,73.9275,47.4,79,27.2,72,21.6,270,6.0,0.0,8.1,2.0,active
2026-08-23T16:00,PUN_60658,"Hadapsar, Pune - IITM",18.5018,73.9275,37.5,62,26.8,74,22.6,275,6.254,-0.547,7.0,2.7,active
2026-08-23T17:00,PUN_60658,"Hadapsar, Pune - IITM",18.5018,73.9275,26.8,44,26.4,74,19.8,269,5.499,0.096,7.3,3.2,active
2026-08-23T18:00,PUN_60658,"Hadapsar, Pune - IITM",18.5018,73.9275,31.8,53,25.2,80,16.2,270,4.5,0.0,7.7,5.6,active
2026-08-23T19:00,PUN_60658,"Hadapsar, Pune - IITM",18.5018,73.9275,27.6,46,24.3,85,14.4,266,3.99,0.279,8.2,8.9,active
2026-08-23T20:00,PUN_60658,"Hadapsar, Pune - IITM",18.5018,73.9275,26.8,44,23.9,86,13.8,263,3.805,0.467,9.3,11.0,active
2026-08-23T21:00,PUN_60658,"Hadapsar, Pune - IITM",18.5018,73.9275,35.7,59,23.7,87,12.6,265,3.487,0.305,9.6,11.0,active
2026-08-23T22:00,PUN_60658,"Hadapsar, Pune - IITM",18.5018,73.9275,33.5,55,23.5,89,11.7,268,3.248,0.113,9.0,9.8,active
2026-08-23T23:00,PUN_60658,"Hadapsar, Pune - IITM",18.5018,73.9275,24.4,40,23.5,88,11.5,267,3.19,0.167,8.4,8.5,active
2026-08-24T00:00,PUN_60658,"Hadapsar, Pune - IITM",18.5018,73.9275,20.5,34,23.4,88,11.7,268,3.248,0.113,7.6,7.3,active
2026-08-24T01:00,PUN_60658,"Hadapsar, Pune - IITM",18.5018,73.9275,24.5,40,23.2,90,11.7,267,3.246,0.17,5.8,6.0,active
2026-08-24T02:00,PUN_60658,"Hadapsar, Pune - IITM",18.5018,73.9275,26.3,43,23.2,90,11.4,267,3.162,0.166,4.4,5.1,active
2026-08-24T03:00,PUN_60658,"Hadapsar, Pune - IITM",18.5018,73.9275,19.1,31,23.0,90,10.3,267,2.857,0.15,3.6,4.8,active
2026-08-24T04:00,PUN_60658,"Hadapsar, Pune - IITM",18.5018,73.9275,15.2,25,22.7,92,8.4,263,2.316,0.284,3.3,4.8,active
2026-08-24T05:00,PUN_60658,"Hadapsar, Pune - IITM",18.5018,73.9275,12.8,21,23.6,89,10.3,271,2.861,-0.05,3.9,4.3,active
2026-08-24T06:00,PUN_60658,"Hadapsar, Pune - IITM",18.5018,73.9275,10.5,17,23.5,90,10.3,268,2.859,0.1,4.3,4.8,active
2026-08-24T07:00,PUN_60658,"Hadapsar, Pune - IITM",18.5018,73.9275,19.8,33,23.9,88,11.6,277,3.198,-0.393,5.0,5.5,active
2026-08-24T08:00,PUN_60658,"Hadapsar, Pune - IITM",18.5018,73.9275,25.2,42,25.0,82,14.5,276,4.006,-0.421,6.2,5.6,active
2026-08-24T09:00,PUN_60658,"Hadapsar, Pune - IITM",18.5018,73.9275,16.1,26,26.1,75,14.3,274,3.963,-0.277,8.2,4.8,active
2026-08-24T10:00,PUN_60658,"Hadapsar, Pune - IITM",18.5018,73.9275,24.4,40,27.4,69,15.0,273,4.161,-0.218,10.2,3.4,active
2026-08-24T11:00,PUN_60658,"Hadapsar, Pune - IITM",18.5018,73.9275,32.0,53,28.2,66,18.9,269,5.249,0.092,11.1,2.4,active
2026-08-24T12:00,PUN_60658,"Hadapsar, Pune - IITM",18.5018,73.9275,32.8,54,28.5,65,17.1,268,4.747,0.166,11.2,1.9,active
2026-08-24T13:00,PUN_60658,"Hadapsar, Pune - IITM",18.5018,73.9275,24.0,40,28.7,64,19.3,278,5.309,-0.746,10.4,1.7,active
2026-08-24T14:00,PUN_60658,"Hadapsar, Pune - IITM",18.5018,73.9275,15.7,26,27.7,70,22.0,274,6.096,-0.426,10.2,1.9,active
2026-08-24T15:00,PUN_60658,"Hadapsar, Pune - IITM",18.5018,73.9275,21.2,35,28.1,67,21.3,272,5.913,-0.206,9.6,2.4,active
2026-08-24T16:00,PUN_60658,"Hadapsar, Pune - IITM",18.5018,73.9275,22.2,37,27.7,68,21.5,273,5.964,-0.313,9.1,3.3,active
2026-08-24T17:00,PUN_60658,"Hadapsar, Pune - IITM",18.5018,73.9275,24.0,40,26.6,72,18.7,268,5.191,0.181,11.3,4.5,active
2026-08-24T18:00,PUN_60658,"Hadapsar, Pune - IITM",18.5018,73.9275,27.8,46,25.3,80,17.1,267,4.744,0.249,11.2,6.4,active
2026-08-24T19:00,PUN_60658,"Hadapsar, Pune - IITM",18.5018,73.9275,36.1,60,24.3,83,15.6,263,4.301,0.528,10.8,8.9,active
2026-08-24T20:00,PUN_60658,"Hadapsar, Pune - IITM",18.5018,73.9275,34.4,57,23.8,86,13.7,257,3.708,0.856,11.1,10.7,active
2026-08-24T21:00,PUN_60658,"Hadapsar, Pune - IITM",18.5018,73.9275,34.0,56,23.6,87,12.4,257,3.356,0.775,11.1,11.2,active
2026-08-24T22:00,PUN_60658,"Hadapsar, Pune - IITM",18.5018,73.9275,38.5,64,23.5,89,11.1,256,2.992,0.746,11.5,10.9,active
2026-08-24T23:00,PUN_60658,"Hadapsar, Pune - IITM",18.5018,73.9275,29.3,48,23.5,88,10.8,255,2.898,0.776,10.7,10.3,active
2026-08-25T00:00,PUN_60658,"Hadapsar, Pune - IITM",18.5018,73.9275,22.8,38,23.3,88,10.6,261,2.908,0.461,7.9,9.1,active
2026-08-25T01:00,PUN_60658,"Hadapsar, Pune - IITM",18.5018,73.9275,28.1,46,23.1,89,11.2,264,3.094,0.325,6.2,7.5,active
2026-08-25T02:00,PUN_60658,"Hadapsar, Pune - IITM",18.5018,73.9275,24.4,40,23.1,89,12.3,260,3.365,0.593,5.5,6.3,active
2026-08-25T03:00,PUN_60658,"Hadapsar, Pune - IITM",18.5018,73.9275,22.2,37,23.1,88,11.4,265,3.155,0.276,4.4,5.7,active
2026-08-25T04:00,PUN_60658,"Hadapsar, Pune - IITM",18.5018,73.9275,16.6,27,22.9,89,11.1,277,3.06,-0.376,3.5,5.5,active
2026-08-25T05:00,PUN_60658,"Hadapsar, Pune - IITM",18.5018,73.9275,21.6,36,22.8,90,9.2,266,2.549,0.178,3.5,4.8,active
2026-08-25T06:00,PUN_60658,"Hadapsar, Pune - IITM",18.5018,73.9275,19.8,33,23.0,89,9.2,264,2.542,0.267,3.5,5.3,active
2026-08-25T07:00,PUN_60658,"Hadapsar, Pune - IITM",18.5018,73.9275,21.6,36,23.5,87,9.7,266,2.688,0.188,4.1,5.8,active
2026-08-25T08:00,PUN_60658,"Hadapsar, Pune - IITM",18.5018,73.9275,23.5,39,24.8,80,14.6,270,4.056,0.0,5.3,5.9,active
2026-08-25T09:00,PUN_60658,"Hadapsar, Pune - IITM",18.5018,73.9275,19.9,33,25.9,75,15.9,273,4.411,-0.231,8.2,5.0,active
2026-08-25T10:00,PUN_60658,"Hadapsar, Pune - IITM",18.5018,73.9275,18.2,30,27.1,69,16.5,278,4.539,-0.638,10.3,3.5,active
2026-08-25T11:00,PUN_60658,"Hadapsar, Pune - IITM",18.5018,73.9275,29.4,49,27.1,70,19.5,272,5.413,-0.189,11.5,2.4,active
2026-08-25T12:00,PUN_60658,"Hadapsar, Pune - IITM",18.5018,73.9275,23.8,39,28.0,66,18.4,274,5.099,-0.357,12.2,1.9,active
2026-08-25T13:00,PUN_60658,"Hadapsar, Pune - IITM",18.5018,73.9275,23.9,39,28.6,63,19.1,270,5.306,0.0,12.6,1.8,active
2026-08-25T14:00,PUN_60658,"Hadapsar, Pune - IITM",18.5018,73.9275,26.8,44,29.1,61,21.8,271,6.055,-0.106,12.3,2.0,active
2026-08-25T15:00,PUN_60658,"Hadapsar, Pune - IITM",18.5018,73.9275,29.1,48,28.2,65,21.8,272,6.052,-0.211,11.2,2.6,active
2026-08-25T16:00,PUN_60658,"Hadapsar, Pune - IITM",18.5018,73.9275,37.7,62,27.3,69,21.1,270,5.861,0.0,11.0,3.5,active
2026-08-25T17:00,PUN_60658,"Hadapsar, Pune - IITM",18.5018,73.9275,42.4,70,26.6,72,19.7,265,5.451,0.477,21.3,4.4,active
2026-08-25T18:00,PUN_60658,"Hadapsar, Pune - IITM",18.5018,73.9275,50.0,83,25.2,78,17.6,264,4.862,0.511,18.6,6.2,active
2026-08-25T19:00,PUN_60658,"Hadapsar, Pune - IITM",18.5018,73.9275,52.8,88,24.2,83,15.5,261,4.253,0.674,17.0,8.6,active
2026-08-25T20:00,PUN_60658,"Hadapsar, Pune - IITM",18.5018,73.9275,57.3,95,23.7,86,15.3,261,4.198,0.665,15.8,10.6,active
2026-08-25T21:00,PUN_60658,"Hadapsar, Pune - IITM",18.5018,73.9275,55.3,92,23.6,86,13.1,263,3.612,0.443,15.2,11.8,active
2026-08-25T22:00,PUN_60658,"Hadapsar, Pune - IITM",18.5018,73.9275,40.5,67,23.7,87,13.1,262,3.604,0.506,14.9,12.5,active
2026-08-26T00:00,PUN_60658,"Hadapsar, Pune - IITM",18.5018,73.9275,34.1,56,23.2,89,14.6,261,4.006,0.634,12.7,11.2,active
2026-08-26T02:00,PUN_60658,"Hadapsar, Pune - IITM",18.5018,73.9275,26.2,43,22.8,90,13.8,264,3.812,0.401,8.7,7.5,active
2026-08-26T03:00,PUN_60658,"Hadapsar, Pune - IITM",18.5018,73.9275,26.9,44,22.8,89,14.3,265,3.957,0.346,6.9,6.5,active
2026-08-26T04:00,PUN_60658,"Hadapsar, Pune - IITM",18.5018,73.9275,26.9,44,22.8,89,14.7,264,4.061,0.427,6.2,5.9,active
2026-08-26T05:00,PUN_60658,"Hadapsar, Pune - IITM",18.5018,73.9275,36.6,61,23.3,88,12.9,264,3.564,0.375,4.4,4.8,active
2026-08-26T06:00,PUN_60658,"Hadapsar, Pune - IITM",18.5018,73.9275,31.5,52,22.9,90,12.2,270,3.389,0.0,4.1,5.3,active
2026-08-26T07:00,PUN_60658,"Hadapsar, Pune - IITM",18.5018,73.9275,19.6,32,23.4,89,15.0,275,4.151,-0.363,4.4,6.0,active
2026-08-26T08:00,PUN_60658,"Hadapsar, Pune - IITM",18.5018,73.9275,16.6,27,24.6,81,17.0,280,4.651,-0.82,5.2,6.1,active
2026-08-26T11:00,PUN_60658,"Hadapsar, Pune - IITM",18.5018,73.9275,26.2,43,28.0,66,19.8,277,5.459,-0.67,13.5,2.3,active
2026-08-26T12:00,PUN_60658,"Hadapsar, Pune - IITM",18.5018,73.9275,42.4,70,28.5,63,19.4,276,5.359,-0.563,15.4,1.8,active
2026-08-26T13:00,PUN_60658,"Hadapsar, Pune - IITM",18.5018,73.9275,38.5,64,28.9,62,19.7,275,5.451,-0.477,14.9,1.7,active
2026-08-26T14:00,PUN_60658,"Hadapsar, Pune - IITM",18.5018,73.9275,25.5,42,28.8,63,20.9,274,5.791,-0.405,15.4,2.0,active
2026-08-26T15:00,PUN_60658,"Hadapsar, Pune - IITM",18.5018,73.9275,24.2,40,28.4,64,20.0,275,5.534,-0.484,16.1,2.5,active
2026-08-26T16:00,PUN_60658,"Hadapsar, Pune - IITM",18.5018,73.9275,31.5,52,27.7,68,20.4,273,5.659,-0.297,15.8,3.4,active
2026-08-26T17:00,PUN_60658,"Hadapsar, Pune - IITM",18.5018,73.9275,41.8,69,26.7,72,17.8,271,4.944,-0.086,17.6,4.2,active
2026-08-26T18:00,PUN_60658,"Hadapsar, Pune - IITM",18.5018,73.9275,40.1,66,25.6,77,15.4,265,4.262,0.373,16.4,6.6,active
2026-08-26T19:00,PUN_60658,"Hadapsar, Pune - IITM",18.5018,73.9275,30.8,51,24.4,82,15.4,265,4.262,0.373,15.5,9.8,active
2026-08-26T20:00,PUN_60658,"Hadapsar, Pune - IITM",18.5018,73.9275,31.9,53,24.0,83,13.9,256,3.746,0.934,13.8,12.2,active
2026-08-26T21:00,PUN_60658,"Hadapsar, Pune - IITM",18.5018,73.9275,28.3,47,23.7,84,12.2,262,3.356,0.472,11.2,13.0,active
2026-08-26T22:00,PUN_60658,"Hadapsar, Pune - IITM",18.5018,73.9275,35.0,58,23.3,87,11.2,258,3.043,0.647,9.0,12.8,active
2026-08-26T23:00,PUN_60658,"Hadapsar, Pune - IITM",18.5018,73.9275,29.3,48,23.4,87,12.0,257,3.248,0.75,7.0,12.0,active
2026-08-27T00:00,PUN_60658,"Hadapsar, Pune - IITM",18.5018,73.9275,21.6,36,23.3,88,12.6,268,3.498,0.122,5.1,10.1,active
2026-08-27T01:00,PUN_60658,"Hadapsar, Pune - IITM",18.5018,73.9275,20.3,33,23.3,89,11.2,268,3.109,0.109,4.2,7.4,active
2026-08-27T02:00,PUN_60658,"Hadapsar, Pune - IITM",18.5018,73.9275,29.4,49,23.3,89,11.5,268,3.193,0.111,3.8,5.5,active
2026-08-27T03:00,PUN_60658,"Hadapsar, Pune - IITM",18.5018,73.9275,27.4,45,23.2,89,11.9,273,3.301,-0.173,3.2,5.0,active
2026-08-27T04:00,PUN_60658,"Hadapsar, Pune - IITM",18.5018,73.9275,25.2,42,23.1,89,12.6,268,3.498,0.122,2.6,5.1,active
2026-08-27T05:00,PUN_60658,"Hadapsar, Pune - IITM",18.5018,73.9275,27.5,45,23.0,90,12.1,265,3.348,0.293,3.7,4.5,active
2026-08-27T06:00,PUN_60658,"Hadapsar, Pune - IITM",18.5018,73.9275,23.6,39,23.3,87,13.4,258,3.641,0.774,3.8,4.7,active
2026-08-27T07:00,PUN_60658,"Hadapsar, Pune - IITM",18.5018,73.9275,31.5,52,23.7,85,14.4,261,3.951,0.626,4.0,4.9,active
2026-08-27T08:00,PUN_60658,"Hadapsar, Pune - IITM",18.5018,73.9275,27.1,45,24.6,80,18.3,263,5.045,0.62,6.9,4.8,active
2026-08-27T09:00,PUN_60658,"Hadapsar, Pune - IITM",18.5018,73.9275,23.6,39,25.9,72,20.4,265,5.645,0.494,10.2,4.0,active
2026-08-27T10:00,PUN_60658,"Hadapsar, Pune - IITM",18.5018,73.9275,32.2,53,27.1,68,18.4,269,5.11,0.089,11.1,2.8,active
2026-08-27T11:00,PUN_60658,"Hadapsar, Pune - IITM",18.5018,73.9275,31.6,52,27.8,63,19.9,261,5.46,0.865,11.4,2.0,active
2026-08-27T12:00,PUN_60658,"Hadapsar, Pune - IITM",18.5018,73.9275,29.2,48,28.2,62,18.7,269,5.194,0.091,11.6,1.7,active
2026-08-27T13:00,PUN_60658,"Hadapsar, Pune - IITM",18.5018,73.9275,28.2,47,27.6,63,23.9,271,6.638,-0.116,10.7,1.8,active
2026-08-27T14:00,PUN_60658,"Hadapsar, Pune - IITM",18.5018,73.9275,27.5,45,27.3,66,20.3,270,5.639,0.0,9.1,2.1,active
2026-08-27T15:00,PUN_60658,"Hadapsar, Pune - IITM",18.5018,73.9275,25.6,42,27.2,66,21.9,264,6.05,0.636,8.7,2.3,active
2026-08-29T00:00,PUN_60658,"Hadapsar, Pune - IITM",18.5018,73.9275,24.4,40,23.1,89,15.7,261,4.307,0.682,3.6,8.5,active
2026-08-29T01:00,PUN_60658,"Hadapsar, Pune - IITM",18.5018,73.9275,18.8,31,23.1,90,11.9,265,3.293,0.288,2.7,7.7,active
2026-08-29T02:00,PUN_60658,"Hadapsar, Pune - IITM",18.5018,73.9275,16.4,27,23.3,87,16.4,267,4.549,0.238,2.2,6.8,active
2026-08-29T03:00,PUN_60658,"Hadapsar, Pune - IITM",18.5018,73.9275,19.6,32,23.1,88,16.7,268,4.636,0.162,1.7,5.8,active
2026-08-29T04:00,PUN_60658,"Hadapsar, Pune - IITM",18.5018,73.9275,28.9,48,23.1,88,18.3,264,5.056,0.531,1.6,4.8,active
2026-08-29T05:00,PUN_60658,"Hadapsar, Pune - IITM",18.5018,73.9275,24.8,41,22.8,89,18.9,267,5.243,0.275,3.4,4.2,active
2026-08-29T06:00,PUN_60658,"Hadapsar, Pune - IITM",18.5018,73.9275,20.4,34,22.6,90,17.1,269,4.749,0.083,3.0,4.7,active
2026-08-29T07:00,PUN_60658,"Hadapsar, Pune - IITM",18.5018,73.9275,16.4,27,23.4,86,17.8,269,4.944,0.086,3.1,5.4,active
2026-08-30T07:00,PUN_60658,"Hadapsar, Pune - IITM",18.5018,73.9275,28.8,48,22.9,87,19.3,265,5.341,0.467,3.0,3.8,active
2026-08-30T08:00,PUN_60658,"Hadapsar, Pune - IITM",18.5018,73.9275,28.8,48,24.1,80,21.5,266,5.958,0.417,3.6,3.6,active
2026-08-30T10:00,PUN_60658,"Hadapsar, Pune - IITM",18.5018,73.9275,25.0,41,27.3,65,22.5,269,6.249,0.109,5.8,2.1,active
2026-08-30T11:00,PUN_60658,"Hadapsar, Pune - IITM",18.5018,73.9275,33.0,55,27.6,63,21.2,269,5.888,0.103,6.1,1.5,active
2026-08-30T12:00,PUN_60658,"Hadapsar, Pune - IITM",18.5018,73.9275,32.5,54,28.5,59,25.2,272,6.996,-0.244,5.8,1.3,active
2026-08-30T13:00,PUN_60658,"Hadapsar, Pune - IITM",18.5018,73.9275,23.6,39,28.6,59,25.0,276,6.906,-0.726,5.5,1.4,active
2026-08-30T14:00,PUN_60658,"Hadapsar, Pune - IITM",18.5018,73.9275,17.0,28,28.6,59,25.1,275,6.946,-0.608,5.0,1.7,active
2026-08-30T15:00,PUN_60658,"Hadapsar, Pune - IITM",18.5018,73.9275,30.4,50,27.7,63,23.4,272,6.496,-0.227,5.1,2.1,active
2026-08-30T16:00,PUN_60658,"Hadapsar, Pune - IITM",18.5018,73.9275,28.0,46,26.8,68,20.7,272,5.747,-0.201,5.4,2.6,active
2026-08-30T17:00,PUN_60658,"Hadapsar, Pune - IITM",18.5018,73.9275,17.4,29,26.3,70,17.5,268,4.858,0.17,8.1,2.8,active
2026-08-30T18:00,PUN_60658,"Hadapsar, Pune - IITM",18.5018,73.9275,21.7,36,25.2,75,16.3,265,4.511,0.395,7.5,4.5,active
2026-08-30T19:00,PUN_60658,"Hadapsar, Pune - IITM",18.5018,73.9275,23.8,39,24.2,80,13.0,264,3.591,0.377,7.3,6.8,active
2026-08-30T20:00,PUN_60658,"Hadapsar, Pune - IITM",18.5018,73.9275,37.2,62,23.7,84,11.9,266,3.298,0.231,7.0,8.4,active
2026-08-30T21:00,PUN_60658,"Hadapsar, Pune - IITM",18.5018,73.9275,33.4,55,23.8,86,12.5,265,3.459,0.303,6.5,8.7,active
2026-08-30T22:00,PUN_60658,"Hadapsar, Pune - IITM",18.5018,73.9275,25.4,42,23.8,86,14.2,270,3.944,0.0,5.6,8.3,active
2026-08-30T23:00,PUN_60658,"Hadapsar, Pune - IITM",18.5018,73.9275,24.2,40,23.2,87,15.0,265,4.151,0.363,4.9,7.7,active
2026-08-31T00:00,PUN_60658,"Hadapsar, Pune - IITM",18.5018,73.9275,19.1,31,23.0,87,14.6,265,4.04,0.353,4.0,7.0,active
2026-08-31T01:00,PUN_60658,"Hadapsar, Pune - IITM",18.5018,73.9275,18.4,30,22.6,89,14.4,266,3.99,0.279,3.7,6.2,active
2026-08-31T02:00,PUN_60658,"Hadapsar, Pune - IITM",18.5018,73.9275,15.0,25,22.4,90,14.8,266,4.101,0.287,3.3,5.5,active
2026-08-31T03:00,PUN_60658,"Hadapsar, Pune - IITM",18.5018,73.9275,20.6,34,22.6,88,15.7,267,4.355,0.228,2.8,5.1,active
2026-08-31T04:00,PUN_60658,"Hadapsar, Pune - IITM",18.5018,73.9275,29.4,49,22.6,88,15.6,264,4.31,0.453,2.5,4.9,active
2026-08-31T05:00,PUN_60658,"Hadapsar, Pune - IITM",18.5018,73.9275,27.6,46,22.7,87,16.6,269,4.61,0.08,2.1,4.5,active
2026-08-31T06:00,PUN_60658,"Hadapsar, Pune - IITM",18.5018,73.9275,25.1,41,22.8,87,16.8,266,4.655,0.326,2.4,4.8,active
2026-08-31T07:00,PUN_60658,"Hadapsar, Pune - IITM",18.5018,73.9275,20.9,34,23.3,86,15.7,268,4.358,0.152,3.2,5.2,active
2026-08-31T08:00,PUN_60658,"Hadapsar, Pune - IITM",18.5018,73.9275,26.8,44,24.7,78,21.0,275,5.811,-0.508,3.1,5.2,active
2026-08-31T09:00,PUN_60658,"Hadapsar, Pune - IITM",18.5018,73.9275,30.4,50,26.1,71,22.6,275,6.254,-0.547,4.6,4.3,active
2026-08-31T10:00,PUN_60658,"Hadapsar, Pune - IITM",18.5018,73.9275,27.7,46,26.9,68,20.5,278,5.639,-0.793,5.5,2.9,active
2026-08-31T11:00,PUN_60658,"Hadapsar, Pune - IITM",18.5018,73.9275,33.6,56,28.2,61,19.3,275,5.341,-0.467,6.8,1.9,active
2026-08-31T12:00,PUN_60658,"Hadapsar, Pune - IITM",18.5018,73.9275,42.6,71,29.0,57,19.5,275,5.396,-0.472,7.3,1.5,active
2026-08-31T13:00,PUN_60658,"Hadapsar, Pune - IITM",18.5018,73.9275,34.7,57,29.2,55,20.2,281,5.508,-1.071,7.3,1.4,active
2026-08-31T14:00,PUN_60658,"Hadapsar, Pune - IITM",18.5018,73.9275,33.9,56,28.7,56,22.3,280,6.1,-1.076,7.3,1.8,active
2026-08-31T15:00,PUN_60658,"Hadapsar, Pune - IITM",18.5018,73.9275,29.2,48,28.2,61,20.9,278,5.749,-0.808,7.1,2.6,active
2026-08-31T16:00,PUN_60658,"Hadapsar, Pune - IITM",18.5018,73.9275,37.0,61,27.7,62,21.8,279,5.981,-0.947,6.3,3.7,active
2026-08-31T17:00,PUN_60658,"Hadapsar, Pune - IITM",18.5018,73.9275,43.4,72,26.4,70,18.4,273,5.104,-0.267,8.9,4.5,active
2026-08-31T18:00,PUN_60658,"Hadapsar, Pune - IITM",18.5018,73.9275,37.1,61,25.1,76,15.7,272,4.358,-0.152,8.6,7.1,active
2026-08-31T19:00,PUN_60658,"Hadapsar, Pune - IITM",18.5018,73.9275,33.3,55,24.2,81,14.1,266,3.907,0.273,9.2,10.6,active
2026-08-31T20:00,PUN_60658,"Hadapsar, Pune - IITM",18.5018,73.9275,34.1,56,23.7,84,12.9,263,3.557,0.437,8.6,13.1,active
2026-08-31T21:00,PUN_60658,"Hadapsar, Pune - IITM",18.5018,73.9275,25.2,42,23.6,84,12.3,258,3.342,0.71,8.7,13.8,active
2026-08-31T22:00,PUN_60658,"Hadapsar, Pune - IITM",18.5018,73.9275,20.6,34,23.3,86,14.4,261,3.951,0.626,8.8,13.4,active
2026-08-31T23:00,PUN_60658,"Hadapsar, Pune - IITM",18.5018,73.9275,17.2,28,23.1,85,12.7,263,3.502,0.43,7.5,12.3,active
2026-09-01T00:00,PUN_60658,"Hadapsar, Pune - IITM",18.5018,73.9275,22.5,37,22.9,87,12.3,267,3.412,0.179,5.1,10.2,active
2026-09-01T01:00,PUN_60658,"Hadapsar, Pune - IITM",18.5018,73.9275,16.9,28,22.9,87,13.2,265,3.653,0.32,4.4,7.5,active
2026-09-01T02:00,PUN_60658,"Hadapsar, Pune - IITM",18.5018,73.9275,13.0,21,22.8,88,13.9,264,3.84,0.404,3.4,5.5,active
2026-09-01T03:00,PUN_60658,"Hadapsar, Pune - IITM",18.5018,73.9275,10.4,17,22.8,88,13.0,269,3.611,0.063,2.7,4.9,active
2026-09-01T04:00,PUN_60658,"Hadapsar, Pune - IITM",18.5018,73.9275,14.7,24,22.8,88,12.4,272,3.442,-0.12,2.3,5.1,active
2026-09-01T05:00,PUN_60658,"Hadapsar, Pune - IITM",18.5018,73.9275,15.3,25,22.7,87,14.4,270,4.0,0.0,2.4,5.1,active
2026-09-01T06:00,PUN_60658,"Hadapsar, Pune - IITM",18.5018,73.9275,10.9,18,22.8,87,15.3,269,4.249,0.074,3.1,5.6,active
2026-09-01T07:00,PUN_60658,"Hadapsar, Pune - IITM",18.5018,73.9275,14.2,23,23.7,82,17.1,269,4.749,0.083,3.4,6.3,active
2026-09-01T08:00,PUN_60658,"Hadapsar, Pune - IITM",18.5018,73.9275,22.9,38,24.9,76,17.8,270,4.944,0.0,4.7,6.4,active
2026-09-01T09:00,PUN_60658,"Hadapsar, Pune - IITM",18.5018,73.9275,25.5,42,26.6,67,17.1,273,4.744,-0.249,5.2,5.3,active
2026-09-01T10:00,PUN_60658,"Hadapsar, Pune - IITM",18.5018,73.9275,24.6,41,27.7,64,17.3,271,4.805,-0.084,5.8,3.6,active
2026-09-01T11:00,PUN_60658,"Hadapsar, Pune - IITM",18.5018,73.9275,25.9,43,28.7,59,17.5,274,4.849,-0.339,6.3,2.3,active
2026-09-01T14:00,PUN_60658,"Hadapsar, Pune - IITM",18.5018,73.9275,4.0,6,29.8,54,19.3,271,5.36,-0.094,6.2,2.0,active
2026-09-01T15:00,PUN_60658,"Hadapsar, Pune - IITM",18.5018,73.9275,4.0,6,29.3,56,19.1,273,5.298,-0.278,6.4,2.6,active
2026-09-01T16:00,PUN_60658,"Hadapsar, Pune - IITM",18.5018,73.9275,4.0,6,27.9,62,21.1,271,5.86,-0.102,6.0,3.5,active
2026-09-01T17:00,PUN_60658,"Hadapsar, Pune - IITM",18.5018,73.9275,8.2,13,26.8,70,19.5,279,5.35,-0.847,6.8,4.8,active
2026-09-01T18:00,PUN_60658,"Hadapsar, Pune - IITM",18.5018,73.9275,21.7,36,25.1,78,15.7,273,4.355,-0.228,6.0,8.1,active
2026-09-01T19:00,PUN_60658,"Hadapsar, Pune - IITM",18.5018,73.9275,27.3,45,24.4,81,14.0,270,3.889,0.0,6.7,12.5,active
2026-09-01T20:00,PUN_60658,"Hadapsar, Pune - IITM",18.5018,73.9275,26.5,44,23.8,85,13.5,269,3.749,0.065,7.6,15.4,active
2026-09-01T21:00,PUN_60658,"Hadapsar, Pune - IITM",18.5018,73.9275,38.9,64,23.7,86,12.6,270,3.5,0.0,7.9,15.1,active
2026-09-01T22:00,PUN_60658,"Hadapsar, Pune - IITM",18.5018,73.9275,32.4,54,23.6,87,11.9,269,3.305,0.058,7.5,13.2,active
2026-09-01T23:00,PUN_60658,"Hadapsar, Pune - IITM",18.5018,73.9275,23.2,38,23.2,86,10.5,258,2.853,0.606,6.7,11.6,active
2026-09-02T00:00,PUN_60658,"Hadapsar, Pune - IITM",18.5018,73.9275,17.1,28,22.9,87,8.0,247,2.046,0.868,6.1,11.0,active
2026-09-02T01:00,PUN_60658,"Hadapsar, Pune - IITM",18.5018,73.9275,20.8,34,22.7,88,9.4,244,2.347,1.145,5.9,10.6,active
2026-09-02T02:00,PUN_60658,"Hadapsar, Pune - IITM",18.5018,73.9275,15.3,25,22.6,89,8.5,257,2.301,0.531,5.8,10.1,active
2026-09-02T03:00,PUN_60658,"Hadapsar, Pune - IITM",18.5018,73.9275,17.0,28,22.6,89,8.5,265,2.352,0.206,5.7,9.4,active
2026-09-02T04:00,PUN_60658,"Hadapsar, Pune - IITM",18.5018,73.9275,23.3,38,22.9,88,9.0,265,2.491,0.218,5.7,8.5,active
2026-09-02T05:00,PUN_60658,"Hadapsar, Pune - IITM",18.5018,73.9275,20.2,33,23.5,89,10.5,266,2.91,0.203,4.4,6.8,active
2026-09-02T06:00,PUN_60658,"Hadapsar, Pune - IITM",18.5018,73.9275,13.5,22,23.1,89,8.8,268,2.443,0.085,3.7,6.8,active
2026-09-02T07:00,PUN_60658,"Hadapsar, Pune - IITM",18.5018,73.9275,16.5,27,24.0,84,10.9,261,2.991,0.474,3.5,6.8,active
2026-09-02T08:00,PUN_60658,"Hadapsar, Pune - IITM",18.5018,73.9275,23.1,38,25.4,75,14.1,256,3.8,0.948,3.7,6.4,active
2026-09-02T09:00,PUN_60658,"Hadapsar, Pune - IITM",18.5018,73.9275,27.4,45,26.5,70,15.0,256,4.043,1.008,3.5,5.1,active
2026-09-02T10:00,PUN_60658,"Hadapsar, Pune - IITM",18.5018,73.9275,23.5,39,27.8,65,16.3,263,4.494,0.552,3.5,3.4,active
2026-09-02T11:00,PUN_60658,"Hadapsar, Pune - IITM",18.5018,73.9275,25.9,43,28.3,63,16.7,262,4.594,0.646,3.2,2.1,active
2026-09-02T12:00,PUN_60658,"Hadapsar, Pune - IITM",18.5018,73.9275,24.5,40,29.0,62,16.2,262,4.456,0.626,3.1,1.6,active
2026-09-02T13:00,PUN_60658,"Hadapsar, Pune - IITM",18.5018,73.9275,17.0,28,28.2,62,20.8,266,5.764,0.403,3.3,1.7,active
2026-09-02T14:00,PUN_60658,"Hadapsar, Pune - IITM",18.5018,73.9275,24.9,41,27.6,66,21.8,274,6.041,-0.422,3.8,2.1,active
2026-09-02T15:00,PUN_60658,"Hadapsar, Pune - IITM",18.5018,73.9275,25.6,42,27.7,66,19.4,276,5.359,-0.563,4.4,2.9,active
2026-09-02T16:00,PUN_60658,"Hadapsar, Pune - IITM",18.5018,73.9275,20.5,34,26.8,70,19.7,275,5.451,-0.477,3.8,4.1,active
2026-09-02T17:00,PUN_60658,"Hadapsar, Pune - IITM",18.5018,73.9275,19.3,32,26.2,73,18.2,274,5.043,-0.353,3.6,5.6,active
2026-09-02T18:00,PUN_60658,"Hadapsar, Pune - IITM",18.5018,73.9275,21.5,35,24.9,79,15.4,265,4.262,0.373,4.4,8.9,active
2026-09-02T19:00,PUN_60658,"Hadapsar, Pune - IITM",18.5018,73.9275,26.2,43,24.1,83,14.7,262,4.044,0.568,6.0,13.4,active
2026-09-02T20:00,PUN_60658,"Hadapsar, Pune - IITM",18.5018,73.9275,20.7,34,23.6,86,12.8,268,3.553,0.124,6.9,16.3,active
2026-09-02T21:00,PUN_60658,"Hadapsar, Pune - IITM",18.5018,73.9275,17.5,29,23.2,88,10.6,269,2.944,0.051,6.8,16.2,active
2026-09-02T22:00,PUN_60658,"Hadapsar, Pune - IITM",18.5018,73.9275,14.0,23,23.1,89,9.6,266,2.66,0.186,7.1,14.5,active
2026-09-02T23:00,PUN_60658,"Hadapsar, Pune - IITM",18.5018,73.9275,9.6,16,23.2,86,10.0,262,2.751,0.387,6.2,12.7,active
2026-09-03T00:00,PUN_60658,"Hadapsar, Pune - IITM",18.5018,73.9275,7.1,11,22.8,88,10.0,257,2.707,0.625,4.9,11.0,active
2026-09-03T01:00,PUN_60658,"Hadapsar, Pune - IITM",18.5018,73.9275,5.3,8,22.6,88,9.0,255,2.415,0.647,4.8,9.1,active
2026-09-03T02:00,PUN_60658,"Hadapsar, Pune - IITM",18.5018,73.9275,5.9,9,22.5,89,8.0,247,2.046,0.868,4.6,7.7,active
2026-09-03T03:00,PUN_60658,"Hadapsar, Pune - IITM",18.5018,73.9275,7.8,13,22.5,90,8.4,255,2.254,0.604,4.3,7.2,active
2026-09-03T04:00,PUN_60658,"Hadapsar, Pune - IITM",18.5018,73.9275,9.6,16,22.5,90,8.4,254,2.243,0.643,3.7,7.1,active
2026-09-03T05:00,PUN_60658,"Hadapsar, Pune - IITM",18.5018,73.9275,10.4,17,22.7,88,9.1,263,2.509,0.308,2.5,6.1,active
2026-09-03T06:00,PUN_60658,"Hadapsar, Pune - IITM",18.5018,73.9275,14.8,24,22.5,89,7.6,267,2.108,0.11,2.3,6.3,active
2026-09-03T07:00,PUN_60658,"Hadapsar, Pune - IITM",18.5018,73.9275,17.2,28,23.3,85,10.1,271,2.805,-0.049,2.5,6.6,active
2026-09-03T08:00,PUN_60658,"Hadapsar, Pune - IITM",18.5018,73.9275,17.3,28,24.5,78,13.6,262,3.741,0.526,3.3,6.4,active
2026-09-03T09:00,PUN_60658,"Hadapsar, Pune - IITM",18.5018,73.9275,19.1,31,26.0,71,15.5,262,4.264,0.599,3.9,5.2,active
2026-09-03T10:00,PUN_60658,"Hadapsar, Pune - IITM",18.5018,73.9275,15.5,25,27.0,67,16.8,265,4.649,0.407,4.8,3.5,active
2026-09-03T11:00,PUN_60658,"Hadapsar, Pune - IITM",18.5018,73.9275,18.0,30,28.2,63,18.6,266,5.154,0.36,5.9,2.3,active
2026-09-03T12:00,PUN_60658,"Hadapsar, Pune - IITM",18.5018,73.9275,24.9,41,28.8,60,18.4,268,5.108,0.178,6.3,1.9,active
2026-09-03T13:00,PUN_60658,"Hadapsar, Pune - IITM",18.5018,73.9275,20.8,34,29.3,57,18.9,271,5.249,-0.092,6.4,1.9,active
2026-09-03T14:00,PUN_60658,"Hadapsar, Pune - IITM",18.5018,73.9275,16.1,26,28.7,59,22.3,270,6.194,0.0,6.2,2.2,active
2026-09-03T15:00,PUN_60658,"Hadapsar, Pune - IITM",18.5018,73.9275,13.8,23,28.1,63,19.3,274,5.348,-0.374,5.9,2.6,active
2026-09-03T16:00,PUN_60658,"Hadapsar, Pune - IITM",18.5018,73.9275,21.7,36,27.5,64,20.5,271,5.694,-0.099,6.0,3.2,active
2026-09-03T17:00,PUN_60658,"Hadapsar, Pune - IITM",18.5018,73.9275,23.1,38,26.4,69,17.3,274,4.794,-0.335,9.1,4.4,active
2026-09-03T18:00,PUN_60658,"Hadapsar, Pune - IITM",18.5018,73.9275,19.9,33,24.8,78,14.8,264,4.089,0.43,8.8,7.4,active
2026-09-03T19:00,PUN_60658,"Hadapsar, Pune - IITM",18.5018,73.9275,21.1,35,24.1,82,13.3,262,3.659,0.514,9.0,11.5,active
2026-09-03T20:00,PUN_60658,"Hadapsar, Pune - IITM",18.5018,73.9275,24.8,41,23.5,85,11.7,261,3.21,0.508,9.6,14.4,active
2026-09-03T21:00,PUN_60658,"Hadapsar, Pune - IITM",18.5018,73.9275,27.7,46,23.2,87,11.4,258,3.097,0.658,11.0,15.3,active
2026-09-03T22:00,PUN_60658,"Hadapsar, Pune - IITM",18.5018,73.9275,21.1,35,23.3,87,11.6,258,3.152,0.67,10.9,15.0,active
2026-09-03T23:00,PUN_60658,"Hadapsar, Pune - IITM",18.5018,73.9275,21.6,36,23.1,87,11.6,265,3.21,0.281,9.3,14.1,active
2026-09-04T00:00,PUN_60658,"Hadapsar, Pune - IITM",18.5018,73.9275,20.7,34,22.8,88,11.8,259,3.218,0.625,7.6,12.6,active
2026-08-21T01:00,PUN_3409435,"Gavalinagar, Pimpri Chinchwad - MPCB",18.6367,73.8249,23.5,39,22.6,92,11.1,261,3.045,0.482,6.0,7.1,active
2026-08-21T02:00,PUN_3409435,"Gavalinagar, Pimpri Chinchwad - MPCB",18.6367,73.8249,20.0,33,22.6,92,10.9,261,2.991,0.474,3.6,5.0,active
2026-08-21T03:00,PUN_3409435,"Gavalinagar, Pimpri Chinchwad - MPCB",18.6367,73.8249,18.7,31,22.2,93,9.8,257,2.652,0.612,2.4,4.4,active
2026-08-21T04:00,PUN_3409435,"Gavalinagar, Pimpri Chinchwad - MPCB",18.6367,73.8249,16.3,27,22.2,94,8.6,262,2.366,0.332,2.2,4.7,active
2026-08-21T05:00,PUN_3409435,"Gavalinagar, Pimpri Chinchwad - MPCB",18.6367,73.8249,14.7,24,22.2,93,11.7,266,3.242,0.227,3.1,4.5,active
2026-08-21T06:00,PUN_3409435,"Gavalinagar, Pimpri Chinchwad - MPCB",18.6367,73.8249,17.6,29,22.1,93,10.4,269,2.888,0.05,3.2,4.4,active
2026-08-21T07:00,PUN_3409435,"Gavalinagar, Pimpri Chinchwad - MPCB",18.6367,73.8249,15.1,25,22.5,93,13.2,273,3.662,-0.192,3.5,4.3,active
2026-08-21T08:00,PUN_3409435,"Gavalinagar, Pimpri Chinchwad - MPCB",18.6367,73.8249,17.3,28,23.9,83,16.0,269,4.444,0.078,4.8,4.0,active
2026-08-21T09:00,PUN_3409435,"Gavalinagar, Pimpri Chinchwad - MPCB",18.6367,73.8249,18.1,30,25.3,76,15.8,269,4.388,0.077,7.0,3.4,active
2026-08-21T10:00,PUN_3409435,"Gavalinagar, Pimpri Chinchwad - MPCB",18.6367,73.8249,21.4,35,26.5,70,18.2,268,5.053,0.176,9.4,2.5,active
2026-08-21T11:00,PUN_3409435,"Gavalinagar, Pimpri Chinchwad - MPCB",18.6367,73.8249,20.1,33,27.1,68,17.5,266,4.849,0.339,11.5,1.9,active
2026-08-21T12:00,PUN_3409435,"Gavalinagar, Pimpri Chinchwad - MPCB",18.6367,73.8249,24.1,40,28.0,63,16.6,264,4.586,0.482,12.2,1.6,active
2026-08-21T13:00,PUN_3409435,"Gavalinagar, Pimpri Chinchwad - MPCB",18.6367,73.8249,20.1,33,27.5,65,20.0,274,5.542,-0.388,12.2,1.5,active
2026-08-21T14:00,PUN_3409435,"Gavalinagar, Pimpri Chinchwad - MPCB",18.6367,73.8249,18.3,30,27.0,68,20.6,274,5.708,-0.399,11.0,1.6,active
2026-08-21T15:00,PUN_3409435,"Gavalinagar, Pimpri Chinchwad - MPCB",18.6367,73.8249,18.8,31,26.7,70,21.5,266,5.958,0.417,9.6,1.9,active
2026-08-21T16:00,PUN_3409435,"Gavalinagar, Pimpri Chinchwad - MPCB",18.6367,73.8249,15.9,26,25.8,75,20.6,266,5.708,0.399,8.4,2.4,active
2026-08-21T17:00,PUN_3409435,"Gavalinagar, Pimpri Chinchwad - MPCB",18.6367,73.8249,14.5,24,25.5,75,19.0,261,5.213,0.826,12.4,3.1,active
2026-08-21T18:00,PUN_3409435,"Gavalinagar, Pimpri Chinchwad - MPCB",18.6367,73.8249,15.9,26,23.9,84,14.9,263,4.108,0.504,12.0,5.4,active
2026-08-21T19:00,PUN_3409435,"Gavalinagar, Pimpri Chinchwad - MPCB",18.6367,73.8249,15.3,25,23.1,88,11.9,260,3.255,0.574,10.9,8.5,active
2026-08-21T20:00,PUN_3409435,"Gavalinagar, Pimpri Chinchwad - MPCB",18.6367,73.8249,22.1,36,22.8,90,11.2,255,3.005,0.805,10.5,10.7,active
2026-08-21T21:00,PUN_3409435,"Gavalinagar, Pimpri Chinchwad - MPCB",18.6367,73.8249,22.9,38,22.9,90,11.6,258,3.152,0.67,9.6,11.3,active
2026-08-21T22:00,PUN_3409435,"Gavalinagar, Pimpri Chinchwad - MPCB",18.6367,73.8249,26.6,44,22.7,91,11.6,257,3.14,0.725,8.4,11.0,active
2026-08-21T23:00,PUN_3409435,"Gavalinagar, Pimpri Chinchwad - MPCB",18.6367,73.8249,23.7,39,22.3,92,11.3,256,3.046,0.759,7.4,10.3,active
2026-08-22T00:00,PUN_3409435,"Gavalinagar, Pimpri Chinchwad - MPCB",18.6367,73.8249,22.8,38,22.1,93,10.9,263,3.005,0.369,6.3,9.1,active
2026-08-22T01:00,PUN_3409435,"Gavalinagar, Pimpri Chinchwad - MPCB",18.6367,73.8249,19.3,32,21.9,93,10.9,262,2.998,0.421,5.9,7.6,active
2026-08-22T02:00,PUN_3409435,"Gavalinagar, Pimpri Chinchwad - MPCB",18.6367,73.8249,16.5,27,21.9,93,11.0,260,3.009,0.531,5.4,6.2,active
2026-08-22T03:00,PUN_3409435,"Gavalinagar, Pimpri Chinchwad - MPCB",18.6367,73.8249,14.2,23,22.0,92,10.7,257,2.896,0.669,4.4,5.2,active
2026-08-22T04:00,PUN_3409435,"Gavalinagar, Pimpri Chinchwad - MPCB",18.6367,73.8249,12.9,21,22.2,91,10.5,257,2.842,0.656,2.8,4.3,active
2026-08-22T05:00,PUN_3409435,"Gavalinagar, Pimpri Chinchwad - MPCB",18.6367,73.8249,15.6,26,22.8,91,11.5,260,3.146,0.555,2.8,4.7,active
2026-08-22T06:00,PUN_3409435,"Gavalinagar, Pimpri Chinchwad - MPCB",18.6367,73.8249,16.1,26,22.6,91,11.0,269,3.055,0.053,2.5,4.6,active
2026-08-22T07:00,PUN_3409435,"Gavalinagar, Pimpri Chinchwad - MPCB",18.6367,73.8249,14.8,24,23.0,89,11.9,260,3.255,0.574,3.3,4.4,active
2026-08-22T08:00,PUN_3409435,"Gavalinagar, Pimpri Chinchwad - MPCB",18.6367,73.8249,23.4,39,23.8,85,14.9,261,4.088,0.647,4.0,4.0,active
2026-08-22T09:00,PUN_3409435,"Gavalinagar, Pimpri Chinchwad - MPCB",18.6367,73.8249,19.7,32,24.9,78,16.6,265,4.594,0.402,4.2,3.3,active
2026-08-22T10:00,PUN_3409435,"Gavalinagar, Pimpri Chinchwad - MPCB",18.6367,73.8249,16.5,27,25.6,77,18.2,269,5.055,0.088,5.4,2.5,active
2026-08-22T11:00,PUN_3409435,"Gavalinagar, Pimpri Chinchwad - MPCB",18.6367,73.8249,22.8,38,25.4,83,17.8,264,4.917,0.517,6.9,2.0,active
2026-08-22T12:00,PUN_3409435,"Gavalinagar, Pimpri Chinchwad - MPCB",18.6367,73.8249,18.8,31,27.3,66,21.6,271,5.999,-0.105,7.2,1.9,active
2026-08-22T13:00,PUN_3409435,"Gavalinagar, Pimpri Chinchwad - MPCB",18.6367,73.8249,17.9,29,26.1,72,19.5,280,5.334,-0.941,7.2,2.2,active
2026-08-22T14:00,PUN_3409435,"Gavalinagar, Pimpri Chinchwad - MPCB",18.6367,73.8249,17.4,29,25.5,75,21.2,288,5.601,-1.82,7.4,2.7,active
2026-08-22T15:00,PUN_3409435,"Gavalinagar, Pimpri Chinchwad - MPCB",18.6367,73.8249,15.5,25,26.0,73,19.8,277,5.459,-0.67,7.7,3.6,active
2026-08-22T16:00,PUN_3409435,"Gavalinagar, Pimpri Chinchwad - MPCB",18.6367,73.8249,14.4,24,24.9,79,20.1,276,5.553,-0.584,7.4,4.8,active
2026-08-22T17:00,PUN_3409435,"Gavalinagar, Pimpri Chinchwad - MPCB",18.6367,73.8249,18.0,30,24.6,81,18.5,281,5.045,-0.981,10.0,5.7,active
2026-08-22T18:00,PUN_3409435,"Gavalinagar, Pimpri Chinchwad - MPCB",18.6367,73.8249,16.2,27,23.9,86,14.6,268,4.053,0.142,10.4,8.0,active
2026-08-22T19:00,PUN_3409435,"Gavalinagar, Pimpri Chinchwad - MPCB",18.6367,73.8249,14.1,23,23.4,89,12.3,258,3.342,0.71,11.1,11.1,active
2026-08-22T20:00,PUN_3409435,"Gavalinagar, Pimpri Chinchwad - MPCB",18.6367,73.8249,13.0,21,23.1,89,12.9,257,3.492,0.806,11.3,13.3,active
2026-08-22T21:00,PUN_3409435,"Gavalinagar, Pimpri Chinchwad - MPCB",18.6367,73.8249,13.1,21,22.9,91,11.4,254,3.044,0.873,10.5,14.0,active
2026-08-22T22:00,PUN_3409435,"Gavalinagar, Pimpri Chinchwad - MPCB",18.6367,73.8249,17.2,28,22.8,92,11.4,247,2.915,1.237,9.4,13.9,active
2026-08-22T23:00,PUN_3409435,"Gavalinagar, Pimpri Chinchwad - MPCB",18.6367,73.8249,18.1,30,23.4,90,10.9,257,2.95,0.681,7.8,13.0,active
2026-08-23T00:00,PUN_3409435,"Gavalinagar, Pimpri Chinchwad - MPCB",18.6367,73.8249,15.8,26,22.8,96,10.5,246,2.665,1.186,5.5,10.8,active
2026-08-23T01:00,PUN_3409435,"Gavalinagar, Pimpri Chinchwad - MPCB",18.6367,73.8249,22.7,37,22.5,96,10.0,256,2.695,0.672,4.1,7.9,active
2026-08-23T04:00,PUN_3409435,"Gavalinagar, Pimpri Chinchwad - MPCB",18.6367,73.8249,18.0,30,21.9,96,9.4,266,2.605,0.182,2.5,4.4,active
2026-08-23T05:00,PUN_3409435,"Gavalinagar, Pimpri Chinchwad - MPCB",18.6367,73.8249,21.6,36,22.6,93,10.1,264,2.79,0.293,2.5,5.1,active
2026-08-23T06:00,PUN_3409435,"Gavalinagar, Pimpri Chinchwad - MPCB",18.6367,73.8249,18.5,30,22.6,92,10.1,265,2.795,0.245,2.6,4.7,active
2026-08-23T07:00,PUN_3409435,"Gavalinagar, Pimpri Chinchwad - MPCB",18.6367,73.8249,15.9,26,23.2,89,11.3,261,3.1,0.491,3.0,4.1,active
2026-08-23T08:00,PUN_3409435,"Gavalinagar, Pimpri Chinchwad - MPCB",18.6367,73.8249,13.8,23,24.4,82,15.0,264,4.144,0.436,4.0,3.5,active
2026-08-23T09:00,PUN_3409435,"Gavalinagar, Pimpri Chinchwad - MPCB",18.6367,73.8249,12.9,21,25.6,76,16.6,264,4.586,0.482,5.1,2.7,active
2026-08-23T10:00,PUN_3409435,"Gavalinagar, Pimpri Chinchwad - MPCB",18.6367,73.8249,17.2,28,26.6,72,17.2,265,4.76,0.416,7.6,1.8,active
2026-08-23T11:00,PUN_3409435,"Gavalinagar, Pimpri Chinchwad - MPCB",18.6367,73.8249,17.5,29,26.8,71,19.0,266,5.265,0.368,9.9,1.2,active
2026-08-23T12:00,PUN_3409435,"Gavalinagar, Pimpri Chinchwad - MPCB",18.6367,73.8249,15.5,25,27.5,68,19.4,269,5.388,0.094,11.8,1.0,active
2026-08-23T13:00,PUN_3409435,"Gavalinagar, Pimpri Chinchwad - MPCB",18.6367,73.8249,14.3,23,27.5,70,20.4,266,5.653,0.395,13.1,1.0,active
2026-08-23T14:00,PUN_3409435,"Gavalinagar, Pimpri Chinchwad - MPCB",18.6367,73.8249,19.9,33,27.4,71,20.7,270,5.75,0.0,12.7,1.2,active
2026-08-23T15:00,PUN_3409435,"Gavalinagar, Pimpri Chinchwad - MPCB",18.6367,73.8249,22.1,36,26.9,73,21.5,275,5.95,-0.521,11.6,1.6,active
2026-08-23T16:00,PUN_3409435,"Gavalinagar, Pimpri Chinchwad - MPCB",18.6367,73.8249,18.7,31,26.5,74,20.2,273,5.603,-0.294,10.1,2.2,active
2026-08-23T17:00,PUN_3409435,"Gavalinagar, Pimpri Chinchwad - MPCB",18.6367,73.8249,15.9,26,25.5,78,19.1,271,5.305,-0.093,9.9,2.6,active
2026-08-23T18:00,PUN_3409435,"Gavalinagar, Pimpri Chinchwad - MPCB",18.6367,73.8249,13.7,22,24.6,82,15.9,266,4.406,0.308,9.0,4.3,active
2026-08-23T19:00,PUN_3409435,"Gavalinagar, Pimpri Chinchwad - MPCB",18.6367,73.8249,12.8,21,23.6,87,13.7,266,3.796,0.265,9.2,6.6,active
2026-08-23T20:00,PUN_3409435,"Gavalinagar, Pimpri Chinchwad - MPCB",18.6367,73.8249,11.5,19,23.2,90,13.4,265,3.708,0.324,9.7,8.3,active
2026-08-23T21:00,PUN_3409435,"Gavalinagar, Pimpri Chinchwad - MPCB",18.6367,73.8249,11.0,18,23.1,90,12.4,268,3.442,0.12,9.7,8.9,active
2026-08-23T22:00,PUN_3409435,"Gavalinagar, Pimpri Chinchwad - MPCB",18.6367,73.8249,16.1,26,23.1,91,12.1,267,3.357,0.176,9.3,8.8,active
2026-08-23T23:00,PUN_3409435,"Gavalinagar, Pimpri Chinchwad - MPCB",18.6367,73.8249,16.2,27,23.2,90,10.9,264,3.011,0.316,8.6,8.4,active
2026-08-24T00:00,PUN_3409435,"Gavalinagar, Pimpri Chinchwad - MPCB",18.6367,73.8249,16.8,28,23.0,91,11.5,269,3.194,0.056,7.3,7.6,active
2026-08-24T01:00,PUN_3409435,"Gavalinagar, Pimpri Chinchwad - MPCB",18.6367,73.8249,14.5,24,22.9,92,11.2,273,3.107,-0.163,5.7,6.4,active
2026-08-24T02:00,PUN_3409435,"Gavalinagar, Pimpri Chinchwad - MPCB",18.6367,73.8249,21.8,36,22.7,92,10.6,273,2.94,-0.154,4.1,5.6,active
2026-08-24T03:00,PUN_3409435,"Gavalinagar, Pimpri Chinchwad - MPCB",18.6367,73.8249,23.3,38,22.4,94,9.9,273,2.746,-0.144,3.8,5.4,active
2026-08-24T04:00,PUN_3409435,"Gavalinagar, Pimpri Chinchwad - MPCB",18.6367,73.8249,24.9,41,22.5,94,9.0,275,2.491,-0.218,4.1,5.5,active
2026-08-24T05:00,PUN_3409435,"Gavalinagar, Pimpri Chinchwad - MPCB",18.6367,73.8249,21.1,35,23.3,91,11.7,273,3.246,-0.17,4.0,4.1,active
2026-08-24T06:00,PUN_3409435,"Gavalinagar, Pimpri Chinchwad - MPCB",18.6367,73.8249,17.9,29,22.9,92,11.2,273,3.107,-0.163,4.4,4.3,active
2026-08-24T07:00,PUN_3409435,"Gavalinagar, Pimpri Chinchwad - MPCB",18.6367,73.8249,22.8,38,23.0,93,12.1,280,3.31,-0.584,5.0,4.6,active
2026-08-24T08:00,PUN_3409435,"Gavalinagar, Pimpri Chinchwad - MPCB",18.6367,73.8249,20.2,33,24.6,83,14.7,278,4.044,-0.568,5.7,4.5,active
2026-08-24T09:00,PUN_3409435,"Gavalinagar, Pimpri Chinchwad - MPCB",18.6367,73.8249,22.3,37,25.9,76,14.4,274,3.99,-0.279,8.5,3.7,active
2026-08-24T10:00,PUN_3409435,"Gavalinagar, Pimpri Chinchwad - MPCB",18.6367,73.8249,23.5,39,26.9,71,15.4,275,4.262,-0.373,9.3,2.6,active
2026-08-24T11:00,PUN_3409435,"Gavalinagar, Pimpri Chinchwad - MPCB",18.6367,73.8249,19.6,32,27.3,70,19.3,271,5.36,-0.094,12.0,1.8,active
2026-08-24T12:00,PUN_3409435,"Gavalinagar, Pimpri Chinchwad - MPCB",18.6367,73.8249,21.5,35,27.7,69,18.0,272,4.997,-0.174,13.7,1.4,active
2026-08-24T13:00,PUN_3409435,"Gavalinagar, Pimpri Chinchwad - MPCB",18.6367,73.8249,21.0,35,27.9,69,20.6,279,5.652,-0.895,13.5,1.4,active
2026-08-24T14:00,PUN_3409435,"Gavalinagar, Pimpri Chinchwad - MPCB",18.6367,73.8249,32.5,54,27.6,70,20.9,271,5.805,-0.101,12.9,1.6,active
2026-08-24T15:00,PUN_3409435,"Gavalinagar, Pimpri Chinchwad - MPCB",18.6367,73.8249,28.1,46,27.1,73,20.7,278,5.694,-0.8,12.7,2.1,active
2026-08-24T16:00,PUN_3409435,"Gavalinagar, Pimpri Chinchwad - MPCB",18.6367,73.8249,23.3,38,26.7,73,20.8,276,5.746,-0.604,13.4,2.9,active
2026-08-24T17:00,PUN_3409435,"Gavalinagar, Pimpri Chinchwad - MPCB",18.6367,73.8249,19.1,31,25.8,78,18.4,271,5.11,-0.089,14.9,4.1,active
2026-08-24T18:00,PUN_3409435,"Gavalinagar, Pimpri Chinchwad - MPCB",18.6367,73.8249,21.6,36,24.6,84,14.8,264,4.089,0.43,15.0,6.3,active
2026-08-24T19:00,PUN_3409435,"Gavalinagar, Pimpri Chinchwad - MPCB",18.6367,73.8249,25.4,42,23.6,88,14.5,265,4.012,0.351,14.1,9.3,active
2026-08-24T20:00,PUN_3409435,"Gavalinagar, Pimpri Chinchwad - MPCB",18.6367,73.8249,21.4,35,23.2,90,13.7,265,3.791,0.332,13.2,11.3,active
2026-08-24T21:00,PUN_3409435,"Gavalinagar, Pimpri Chinchwad - MPCB",18.6367,73.8249,19.8,33,23.3,90,13.9,266,3.852,0.269,11.8,11.4,active
2026-08-24T22:00,PUN_3409435,"Gavalinagar, Pimpri Chinchwad - MPCB",18.6367,73.8249,17.3,28,23.3,90,13.0,268,3.609,0.126,11.2,10.6,active
2026-08-25T01:00,PUN_3409435,"Gavalinagar, Pimpri Chinchwad - MPCB",18.6367,73.8249,19.1,31,22.7,93,11.8,264,3.26,0.343,6.2,6.8,active
2026-08-25T02:00,PUN_3409435,"Gavalinagar, Pimpri Chinchwad - MPCB",18.6367,73.8249,17.0,28,22.7,92,13.4,266,3.713,0.26,5.4,5.7,active
2026-08-25T03:00,PUN_3409435,"Gavalinagar, Pimpri Chinchwad - MPCB",18.6367,73.8249,17.9,29,22.5,93,13.0,264,3.591,0.377,4.7,5.4,active
2026-08-25T04:00,PUN_3409435,"Gavalinagar, Pimpri Chinchwad - MPCB",18.6367,73.8249,23.7,39,22.5,92,14.4,274,3.99,-0.279,4.1,5.4,active
2026-08-25T05:00,PUN_3409435,"Gavalinagar, Pimpri Chinchwad - MPCB",18.6367,73.8249,25.3,42,22.5,92,11.9,274,3.298,-0.231,3.6,5.8,active
2026-08-25T06:00,PUN_3409435,"Gavalinagar, Pimpri Chinchwad - MPCB",18.6367,73.8249,21.4,35,22.7,91,11.5,271,3.194,-0.056,3.9,6.0,active
2026-08-25T07:00,PUN_3409435,"Gavalinagar, Pimpri Chinchwad - MPCB",18.6367,73.8249,18.1,30,23.2,89,11.9,269,3.305,0.058,5.0,6.2,active
2026-08-25T08:00,PUN_3409435,"Gavalinagar, Pimpri Chinchwad - MPCB",18.6367,73.8249,15.7,26,24.2,84,15.7,274,4.351,-0.304,6.9,5.9,active
2026-08-25T09:00,PUN_3409435,"Gavalinagar, Pimpri Chinchwad - MPCB",18.6367,73.8249,14.2,23,25.3,78,14.8,273,4.106,-0.215,9.3,4.8,active
2026-08-25T10:00,PUN_3409435,"Gavalinagar, Pimpri Chinchwad - MPCB",18.6367,73.8249,18.4,30,26.4,73,16.1,274,4.461,-0.312,10.9,3.3,active
2026-08-25T11:00,PUN_3409435,"Gavalinagar, Pimpri Chinchwad - MPCB",18.6367,73.8249,28.0,46,26.8,72,19.6,270,5.444,0.0,12.7,2.1,active
2026-08-25T12:00,PUN_3409435,"Gavalinagar, Pimpri Chinchwad - MPCB",18.6367,73.8249,27.7,46,27.4,67,18.0,266,4.988,0.349,13.7,1.6,active
2026-08-25T13:00,PUN_3409435,"Gavalinagar, Pimpri Chinchwad - MPCB",18.6367,73.8249,23.5,39,28.1,64,19.5,272,5.413,-0.189,15.6,1.5,active
2026-08-25T14:00,PUN_3409435,"Gavalinagar, Pimpri Chinchwad - MPCB",18.6367,73.8249,27.7,46,27.9,65,22.0,270,6.111,0.0,17.8,1.6,active
2026-08-25T15:00,PUN_3409435,"Gavalinagar, Pimpri Chinchwad - MPCB",18.6367,73.8249,26.2,43,27.3,68,20.9,270,5.806,0.0,19.3,1.9,active
2026-08-25T16:00,PUN_3409435,"Gavalinagar, Pimpri Chinchwad - MPCB",18.6367,73.8249,27.6,46,26.5,71,20.4,267,5.659,0.297,18.7,2.5,active
2026-08-25T17:00,PUN_3409435,"Gavalinagar, Pimpri Chinchwad - MPCB",18.6367,73.8249,30.9,51,25.8,75,18.8,265,5.202,0.455,24.0,3.7,active
2026-08-25T18:00,PUN_3409435,"Gavalinagar, Pimpri Chinchwad - MPCB",18.6367,73.8249,34.1,56,24.6,81,17.1,263,4.715,0.579,21.7,6.0,active
2026-08-25T19:00,PUN_3409435,"Gavalinagar, Pimpri Chinchwad - MPCB",18.6367,73.8249,32.9,54,23.8,85,15.9,266,4.406,0.308,20.3,9.1,active
2026-08-25T20:00,PUN_3409435,"Gavalinagar, Pimpri Chinchwad - MPCB",18.6367,73.8249,26.5,44,23.3,88,14.4,266,3.99,0.279,19.1,11.6,active
2026-08-25T21:00,PUN_3409435,"Gavalinagar, Pimpri Chinchwad - MPCB",18.6367,73.8249,27.1,45,23.2,90,13.0,269,3.611,0.063,18.3,13.0,active
2026-08-25T22:00,PUN_3409435,"Gavalinagar, Pimpri Chinchwad - MPCB",18.6367,73.8249,24.8,41,23.2,91,12.3,267,3.412,0.179,16.8,13.8,active
2026-08-25T23:00,PUN_3409435,"Gavalinagar, Pimpri Chinchwad - MPCB",18.6367,73.8249,22.8,38,22.9,90,12.5,266,3.464,0.242,15.6,13.7,active
2026-08-26T00:00,PUN_3409435,"Gavalinagar, Pimpri Chinchwad - MPCB",18.6367,73.8249,22.6,37,22.8,92,13.2,267,3.662,0.192,13.9,12.2,active
2026-08-26T01:00,PUN_3409435,"Gavalinagar, Pimpri Chinchwad - MPCB",18.6367,73.8249,20.8,34,22.7,91,14.2,271,3.944,-0.069,10.9,9.7,active
2026-08-26T02:00,PUN_3409435,"Gavalinagar, Pimpri Chinchwad - MPCB",18.6367,73.8249,19.2,32,22.6,91,14.8,269,4.111,0.072,8.3,7.7,active
2026-08-26T03:00,PUN_3409435,"Gavalinagar, Pimpri Chinchwad - MPCB",18.6367,73.8249,18.0,30,22.4,92,13.5,269,3.749,0.065,6.9,6.7,active
2026-08-26T04:00,PUN_3409435,"Gavalinagar, Pimpri Chinchwad - MPCB",18.6367,73.8249,25.3,42,22.4,92,14.1,263,3.888,0.477,6.3,6.2,active
2026-08-26T05:00,PUN_3409435,"Gavalinagar, Pimpri Chinchwad - MPCB",18.6367,73.8249,22.0,36,23.1,89,13.9,267,3.856,0.202,4.5,6.0,active
2026-08-26T06:00,PUN_3409435,"Gavalinagar, Pimpri Chinchwad - MPCB",18.6367,73.8249,24.0,40,22.8,90,15.0,273,4.161,-0.218,3.8,6.3,active
2026-08-26T07:00,PUN_3409435,"Gavalinagar, Pimpri Chinchwad - MPCB",18.6367,73.8249,21.7,36,23.1,89,15.8,278,4.346,-0.611,3.9,6.6,active
2026-08-26T08:00,PUN_3409435,"Gavalinagar, Pimpri Chinchwad - MPCB",18.6367,73.8249,20.5,34,24.2,83,17.5,280,4.787,-0.844,4.6,6.4,active
2026-08-26T09:00,PUN_3409435,"Gavalinagar, Pimpri Chinchwad - MPCB",18.6367,73.8249,20.3,33,25.7,74,17.7,283,4.791,-1.106,9.2,5.2,active
2026-08-26T10:00,PUN_3409435,"Gavalinagar, Pimpri Chinchwad - MPCB",18.6367,73.8249,18.3,30,26.7,69,20.9,277,5.762,-0.708,12.9,3.6,active
2026-08-26T11:00,PUN_3409435,"Gavalinagar, Pimpri Chinchwad - MPCB",18.6367,73.8249,22.5,37,27.5,68,19.8,278,5.447,-0.765,16.4,2.3,active
2026-08-26T12:00,PUN_3409435,"Gavalinagar, Pimpri Chinchwad - MPCB",18.6367,73.8249,23.7,39,28.3,63,19.4,276,5.359,-0.563,18.4,1.8,active
2026-08-26T13:00,PUN_3409435,"Gavalinagar, Pimpri Chinchwad - MPCB",18.6367,73.8249,21.4,35,28.2,64,19.9,277,5.487,-0.674,21.0,1.7,active
2026-08-26T14:00,PUN_3409435,"Gavalinagar, Pimpri Chinchwad - MPCB",18.6367,73.8249,20.4,34,28.0,65,20.6,275,5.7,-0.499,20.0,1.8,active
2026-08-26T15:00,PUN_3409435,"Gavalinagar, Pimpri Chinchwad - MPCB",18.6367,73.8249,23.7,39,27.7,67,19.9,275,5.507,-0.482,19.0,2.0,active
2026-08-26T16:00,PUN_3409435,"Gavalinagar, Pimpri Chinchwad - MPCB",18.6367,73.8249,27.8,46,26.8,71,20.6,275,5.7,-0.499,17.6,2.5,active
2026-08-26T17:00,PUN_3409435,"Gavalinagar, Pimpri Chinchwad - MPCB",18.6367,73.8249,26.9,44,26.0,75,18.0,271,4.999,-0.087,20.6,3.6,active
2026-08-26T18:00,PUN_3409435,"Gavalinagar, Pimpri Chinchwad - MPCB",18.6367,73.8249,21.8,36,24.9,80,15.8,268,4.386,0.153,18.4,6.0,active
2026-08-26T19:00,PUN_3409435,"Gavalinagar, Pimpri Chinchwad - MPCB",18.6367,73.8249,18.7,31,23.6,87,13.6,262,3.741,0.526,17.0,9.3,active
2026-08-26T20:00,PUN_3409435,"Gavalinagar, Pimpri Chinchwad - MPCB",18.6367,73.8249,17.8,29,23.2,92,13.0,264,3.591,0.377,15.4,12.0,active
2026-08-26T21:00,PUN_3409435,"Gavalinagar, Pimpri Chinchwad - MPCB",18.6367,73.8249,21.8,36,23.1,92,11.9,266,3.298,0.231,14.1,13.5,active
2026-08-26T22:00,PUN_3409435,"Gavalinagar, Pimpri Chinchwad - MPCB",18.6367,73.8249,20.2,33,23.0,91,11.4,265,3.155,0.276,12.9,14.4,active
2026-08-26T23:00,PUN_3409435,"Gavalinagar, Pimpri Chinchwad - MPCB",18.6367,73.8249,22.3,37,23.0,91,11.3,261,3.1,0.491,10.9,14.3,active
2026-08-27T00:00,PUN_3409435,"Gavalinagar, Pimpri Chinchwad - MPCB",18.6367,73.8249,20.9,34,22.7,93,10.5,264,2.901,0.305,8.1,12.8,active
2026-08-27T01:00,PUN_3409435,"Gavalinagar, Pimpri Chinchwad - MPCB",18.6367,73.8249,25.2,42,22.9,92,11.6,262,3.191,0.448,5.5,10.3,active
2026-08-27T02:00,PUN_3409435,"Gavalinagar, Pimpri Chinchwad - MPCB",18.6367,73.8249,21.0,35,22.8,92,12.6,265,3.487,0.305,4.5,8.2,active
2026-08-27T03:00,PUN_3409435,"Gavalinagar, Pimpri Chinchwad - MPCB",18.6367,73.8249,24.2,40,22.6,92,13.2,265,3.653,0.32,3.9,6.8,active
2026-08-27T04:00,PUN_3409435,"Gavalinagar, Pimpri Chinchwad - MPCB",18.6367,73.8249,23.5,39,22.6,92,13.4,263,3.695,0.454,3.5,5.8,active
2026-08-27T05:00,PUN_3409435,"Gavalinagar, Pimpri Chinchwad - MPCB",18.6367,73.8249,22.0,36,22.6,92,14.4,267,3.995,0.209,2.5,3.8,active
2026-08-27T06:00,PUN_3409435,"Gavalinagar, Pimpri Chinchwad - MPCB",18.6367,73.8249,19.9,33,23.0,92,14.3,264,3.95,0.415,3.3,3.7,active
2026-08-27T07:00,PUN_3409435,"Gavalinagar, Pimpri Chinchwad - MPCB",18.6367,73.8249,17.3,28,23.2,88,14.6,265,4.04,0.353,4.1,3.6,active
2026-08-27T08:00,PUN_3409435,"Gavalinagar, Pimpri Chinchwad - MPCB",18.6367,73.8249,15.6,26,23.9,84,18.6,266,5.154,0.36,6.8,3.4,active
2026-08-27T09:00,PUN_3409435,"Gavalinagar, Pimpri Chinchwad - MPCB",18.6367,73.8249,15.4,25,25.0,79,20.6,266,5.708,0.399,9.4,2.9,active
2026-08-27T10:00,PUN_3409435,"Gavalinagar, Pimpri Chinchwad - MPCB",18.6367,73.8249,18.1,30,26.3,70,17.8,268,4.941,0.173,10.2,2.2,active
2026-08-27T11:00,PUN_3409435,"Gavalinagar, Pimpri Chinchwad - MPCB",18.6367,73.8249,18.9,31,27.0,66,21.0,264,5.801,0.61,11.6,1.7,active
2026-08-27T12:00,PUN_3409435,"Gavalinagar, Pimpri Chinchwad - MPCB",18.6367,73.8249,23.8,39,27.4,65,19.1,273,5.298,-0.278,12.2,1.5,active
2026-08-27T13:00,PUN_3409435,"Gavalinagar, Pimpri Chinchwad - MPCB",18.6367,73.8249,25.3,42,27.6,61,22.9,269,6.36,0.111,12.0,1.5,active
2026-08-27T14:00,PUN_3409435,"Gavalinagar, Pimpri Chinchwad - MPCB",18.6367,73.8249,21.1,35,27.3,64,21.6,270,6.0,0.0,12.0,1.7,active
2026-08-27T15:00,PUN_3409435,"Gavalinagar, Pimpri Chinchwad - MPCB",18.6367,73.8249,17.8,29,26.8,68,21.2,270,5.889,0.0,11.4,2.0,active
2026-08-29T00:00,PUN_3409435,"Gavalinagar, Pimpri Chinchwad - MPCB",18.6367,73.8249,16.6,27,22.8,90,13.5,267,3.745,0.196,2.8,7.9,active
2026-08-29T01:00,PUN_3409435,"Gavalinagar, Pimpri Chinchwad - MPCB",18.6367,73.8249,16.5,27,22.6,92,14.6,272,4.053,-0.142,2.5,6.7,active
2026-08-29T02:00,PUN_3409435,"Gavalinagar, Pimpri Chinchwad - MPCB",18.6367,73.8249,14.7,24,22.6,92,16.4,269,4.555,0.08,2.5,5.8,active
2026-08-29T03:00,PUN_3409435,"Gavalinagar, Pimpri Chinchwad - MPCB",18.6367,73.8249,13.9,23,22.5,94,14.7,264,4.061,0.427,1.9,5.2,active
2026-08-29T04:00,PUN_3409435,"Gavalinagar, Pimpri Chinchwad - MPCB",18.6367,73.8249,16.8,28,22.5,93,17.6,262,4.841,0.68,1.4,4.7,active
2026-08-29T05:00,PUN_3409435,"Gavalinagar, Pimpri Chinchwad - MPCB",18.6367,73.8249,15.8,26,22.4,93,17.7,266,4.905,0.343,3.7,5.5,active
2026-08-29T06:00,PUN_3409435,"Gavalinagar, Pimpri Chinchwad - MPCB",18.6367,73.8249,16.4,27,22.5,91,19.3,270,5.361,0.0,3.7,5.2,active
2026-08-29T07:00,PUN_3409435,"Gavalinagar, Pimpri Chinchwad - MPCB",18.6367,73.8249,16.3,27,22.9,89,16.8,268,4.664,0.163,4.3,4.7,active
2026-08-30T07:00,PUN_3409435,"Gavalinagar, Pimpri Chinchwad - MPCB",18.6367,73.8249,13.8,23,22.6,88,19.3,267,5.354,0.281,3.7,4.6,active
2026-08-30T08:00,PUN_3409435,"Gavalinagar, Pimpri Chinchwad - MPCB",18.6367,73.8249,15.4,25,23.6,82,19.8,263,5.459,0.67,4.4,3.9,active
2026-08-30T09:00,PUN_3409435,"Gavalinagar, Pimpri Chinchwad - MPCB",18.6367,73.8249,13.6,22,25.4,71,21.8,266,6.041,0.422,5.7,3.0,active
2026-08-30T10:00,PUN_3409435,"Gavalinagar, Pimpri Chinchwad - MPCB",18.6367,73.8249,14.4,24,26.5,66,23.8,267,6.602,0.346,6.7,2.0,active
2026-08-30T11:00,PUN_3409435,"Gavalinagar, Pimpri Chinchwad - MPCB",18.6367,73.8249,18.2,30,26.9,65,22.0,269,6.11,0.107,7.8,1.3,active
2026-08-30T12:00,PUN_3409435,"Gavalinagar, Pimpri Chinchwad - MPCB",18.6367,73.8249,19.2,32,27.5,63,25.2,268,6.996,0.244,8.6,1.1,active
2026-08-30T13:00,PUN_3409435,"Gavalinagar, Pimpri Chinchwad - MPCB",18.6367,73.8249,23.9,39,27.6,62,26.4,275,7.305,-0.639,8.7,1.2,active
2026-08-30T14:00,PUN_3409435,"Gavalinagar, Pimpri Chinchwad - MPCB",18.6367,73.8249,24.9,41,27.9,61,24.9,277,6.865,-0.843,8.7,1.4,active
2026-08-30T15:00,PUN_3409435,"Gavalinagar, Pimpri Chinchwad - MPCB",18.6367,73.8249,20.3,33,27.0,64,23.1,275,6.392,-0.559,9.1,1.7,active
2026-08-30T16:00,PUN_3409435,"Gavalinagar, Pimpri Chinchwad - MPCB",18.6367,73.8249,17.1,28,26.4,67,21.6,271,5.999,-0.105,8.7,2.1,active
2026-08-30T17:00,PUN_3409435,"Gavalinagar, Pimpri Chinchwad - MPCB",18.6367,73.8249,15.2,25,25.8,73,18.3,275,5.064,-0.443,9.8,2.4,active
2026-08-30T18:00,PUN_3409435,"Gavalinagar, Pimpri Chinchwad - MPCB",18.6367,73.8249,16.3,27,24.6,79,16.0,270,4.444,0.0,8.6,4.1,active
2026-08-30T19:00,PUN_3409435,"Gavalinagar, Pimpri Chinchwad - MPCB",18.6367,73.8249,16.8,28,23.6,84,13.3,272,3.692,-0.129,7.6,6.4,active
2026-08-30T20:00,PUN_3409435,"Gavalinagar, Pimpri Chinchwad - MPCB",18.6367,73.8249,19.9,33,23.4,87,13.1,268,3.637,0.127,7.3,8.0,active
2026-08-30T21:00,PUN_3409435,"Gavalinagar, Pimpri Chinchwad - MPCB",18.6367,73.8249,17.1,28,23.1,90,13.2,273,3.662,-0.192,6.2,8.1,active
2026-08-30T22:00,PUN_3409435,"Gavalinagar, Pimpri Chinchwad - MPCB",18.6367,73.8249,14.9,24,23.0,90,14.3,275,3.957,-0.346,5.4,7.5,active
2026-08-30T23:00,PUN_3409435,"Gavalinagar, Pimpri Chinchwad - MPCB",18.6367,73.8249,16.8,28,22.5,92,13.9,265,3.846,0.337,4.8,6.8,active
2026-08-31T00:00,PUN_3409435,"Gavalinagar, Pimpri Chinchwad - MPCB",18.6367,73.8249,23.9,39,22.5,91,15.1,268,4.192,0.146,4.1,6.3,active
2026-08-31T01:00,PUN_3409435,"Gavalinagar, Pimpri Chinchwad - MPCB",18.6367,73.8249,19.9,33,22.0,92,14.9,270,4.139,0.0,3.9,5.9,active
2026-08-31T02:00,PUN_3409435,"Gavalinagar, Pimpri Chinchwad - MPCB",18.6367,73.8249,19.2,32,22.0,91,15.3,268,4.247,0.148,3.9,5.5,active
2026-08-31T03:00,PUN_3409435,"Gavalinagar, Pimpri Chinchwad - MPCB",18.6367,73.8249,17.3,28,22.1,91,14.6,266,4.046,0.283,3.4,5.4,active
2026-08-31T04:00,PUN_3409435,"Gavalinagar, Pimpri Chinchwad - MPCB",18.6367,73.8249,16.4,27,22.2,91,15.2,263,4.191,0.515,2.8,5.4,active
2026-08-31T05:00,PUN_3409435,"Gavalinagar, Pimpri Chinchwad - MPCB",18.6367,73.8249,14.2,23,22.1,92,16.4,266,4.544,0.318,3.1,5.0,active
2026-08-31T06:00,PUN_3409435,"Gavalinagar, Pimpri Chinchwad - MPCB",18.6367,73.8249,13.8,23,22.1,92,15.9,266,4.406,0.308,2.8,5.0,active
2026-08-31T07:00,PUN_3409435,"Gavalinagar, Pimpri Chinchwad - MPCB",18.6367,73.8249,17.4,29,22.8,90,18.5,270,5.139,0.0,3.1,5.0,active
2026-08-31T08:00,PUN_3409435,"Gavalinagar, Pimpri Chinchwad - MPCB",18.6367,73.8249,18.5,30,24.1,83,21.1,273,5.853,-0.307,3.4,4.8,active
2026-08-31T09:00,PUN_3409435,"Gavalinagar, Pimpri Chinchwad - MPCB",18.6367,73.8249,15.8,26,25.2,77,21.3,275,5.894,-0.516,5.4,4.1,active
2026-08-31T10:00,PUN_3409435,"Gavalinagar, Pimpri Chinchwad - MPCB",18.6367,73.8249,14.2,23,26.1,72,21.2,276,5.857,-0.616,7.4,3.1,active
2026-08-31T11:00,PUN_3409435,"Gavalinagar, Pimpri Chinchwad - MPCB",18.6367,73.8249,15.1,25,27.4,65,19.1,275,5.285,-0.462,10.3,2.3,active
2026-08-31T12:00,PUN_3409435,"Gavalinagar, Pimpri Chinchwad - MPCB",18.6367,73.8249,14.8,24,27.9,62,19.6,273,5.437,-0.285,11.4,1.9,active
2026-08-31T13:00,PUN_3409435,"Gavalinagar, Pimpri Chinchwad - MPCB",18.6367,73.8249,16.6,27,27.9,63,20.6,284,5.552,-1.384,11.0,1.7,active
2026-08-31T14:00,PUN_3409435,"Gavalinagar, Pimpri Chinchwad - MPCB",18.6367,73.8249,21.2,35,27.6,64,22.2,275,6.143,-0.537,10.2,1.8,active
2026-08-31T15:00,PUN_3409435,"Gavalinagar, Pimpri Chinchwad - MPCB",18.6367,73.8249,21.1,35,27.5,64,21.0,279,5.762,-0.913,9.6,2.3,active
2026-08-31T16:00,PUN_3409435,"Gavalinagar, Pimpri Chinchwad - MPCB",18.6367,73.8249,22.2,37,26.3,71,20.7,284,5.579,-1.391,8.3,3.2,active
2026-08-31T17:00,PUN_3409435,"Gavalinagar, Pimpri Chinchwad - MPCB",18.6367,73.8249,18.8,31,25.5,76,19.9,277,5.487,-0.674,12.6,3.6,active
2026-08-31T18:00,PUN_3409435,"Gavalinagar, Pimpri Chinchwad - MPCB",18.6367,73.8249,15.8,26,23.8,84,15.1,271,4.194,-0.073,11.1,5.9,active
2026-08-31T19:00,PUN_3409435,"Gavalinagar, Pimpri Chinchwad - MPCB",18.6367,73.8249,14.2,23,23.1,88,11.9,260,3.255,0.574,10.7,9.2,active
2026-08-31T20:00,PUN_3409435,"Gavalinagar, Pimpri Chinchwad - MPCB",18.6367,73.8249,14.0,23,23.0,89,11.9,260,3.255,0.574,10.0,11.6,active
2026-08-31T21:00,PUN_3409435,"Gavalinagar, Pimpri Chinchwad - MPCB",18.6367,73.8249,17.6,29,22.9,90,10.3,254,2.75,0.789,9.9,12.8,active
2026-08-31T22:00,PUN_3409435,"Gavalinagar, Pimpri Chinchwad - MPCB",18.6367,73.8249,16.0,26,22.8,90,12.1,252,3.197,1.039,9.3,13.2,active
2026-08-31T23:00,PUN_3409435,"Gavalinagar, Pimpri Chinchwad - MPCB",18.6367,73.8249,17.9,29,22.6,90,12.1,259,3.299,0.641,8.0,12.6,active
2026-09-01T00:00,PUN_3409435,"Gavalinagar, Pimpri Chinchwad - MPCB",18.6367,73.8249,17.4,29,22.2,92,12.3,263,3.391,0.416,5.9,10.4,active
2026-09-01T01:00,PUN_3409435,"Gavalinagar, Pimpri Chinchwad - MPCB",18.6367,73.8249,15.9,26,22.1,93,12.9,262,3.548,0.499,4.8,7.2,active
2026-09-01T02:00,PUN_3409435,"Gavalinagar, Pimpri Chinchwad - MPCB",18.6367,73.8249,16.5,27,22.2,93,12.1,255,3.247,0.87,4.2,5.0,active
2026-09-01T03:00,PUN_3409435,"Gavalinagar, Pimpri Chinchwad - MPCB",18.6367,73.8249,20.8,34,22.3,91,14.9,259,4.063,0.79,4.0,4.7,active
2026-09-01T04:00,PUN_3409435,"Gavalinagar, Pimpri Chinchwad - MPCB",18.6367,73.8249,18.2,30,22.4,91,12.3,267,3.412,0.179,3.9,5.4,active
2026-09-01T05:00,PUN_3409435,"Gavalinagar, Pimpri Chinchwad - MPCB",18.6367,73.8249,15.2,25,22.3,93,13.9,266,3.852,0.269,2.5,5.2,active
2026-09-01T06:00,PUN_3409435,"Gavalinagar, Pimpri Chinchwad - MPCB",18.6367,73.8249,13.6,22,22.5,93,13.3,267,3.689,0.193,2.9,5.1,active
2026-09-01T07:00,PUN_3409435,"Gavalinagar, Pimpri Chinchwad - MPCB",18.6367,73.8249,12.4,20,22.9,91,16.6,269,4.61,0.08,3.0,4.9,active
2026-09-01T08:00,PUN_3409435,"Gavalinagar, Pimpri Chinchwad - MPCB",18.6367,73.8249,11.3,18,24.4,81,18.5,269,5.138,0.09,3.7,4.5,active
2026-09-01T09:00,PUN_3409435,"Gavalinagar, Pimpri Chinchwad - MPCB",18.6367,73.8249,11.1,18,25.3,76,17.3,269,4.805,0.084,4.9,3.7,active
2026-09-01T10:00,PUN_3409435,"Gavalinagar, Pimpri Chinchwad - MPCB",18.6367,73.8249,12.2,20,26.7,70,18.4,269,5.11,0.089,6.0,2.8,active
2026-09-01T11:00,PUN_3409435,"Gavalinagar, Pimpri Chinchwad - MPCB",18.6367,73.8249,16.5,27,27.5,65,17.5,271,4.86,-0.085,7.4,2.1,active
2026-09-01T12:00,PUN_3409435,"Gavalinagar, Pimpri Chinchwad - MPCB",18.6367,73.8249,15.2,25,28.3,61,17.3,274,4.794,-0.335,8.0,1.8,active
2026-09-01T13:00,PUN_3409435,"Gavalinagar, Pimpri Chinchwad - MPCB",18.6367,73.8249,14.3,23,28.6,60,17.9,276,4.945,-0.52,8.4,1.7,active
2026-09-01T14:00,PUN_3409435,"Gavalinagar, Pimpri Chinchwad - MPCB",18.6367,73.8249,12.2,20,28.4,60,20.5,269,5.694,0.099,8.3,1.9,active
2026-09-01T15:00,PUN_3409435,"Gavalinagar, Pimpri Chinchwad - MPCB",18.6367,73.8249,8.9,14,27.9,64,20.4,275,5.645,-0.494,8.5,2.4,active
2026-09-01T16:00,PUN_3409435,"Gavalinagar, Pimpri Chinchwad - MPCB",18.6367,73.8249,18.9,31,25.9,74,22.1,280,6.046,-1.066,8.5,3.1,active
2026-09-01T17:00,PUN_3409435,"Gavalinagar, Pimpri Chinchwad - MPCB",18.6367,73.8249,16.5,27,25.4,78,18.6,278,5.116,-0.719,7.3,5.3,active
2026-09-01T20:00,PUN_3409435,"Gavalinagar, Pimpri Chinchwad - MPCB",18.6367,73.8249,16.0,26,23.3,90,9.2,271,2.555,-0.045,7.5,12.8,active
2026-09-01T21:00,PUN_3409435,"Gavalinagar, Pimpri Chinchwad - MPCB",18.6367,73.8249,13.6,22,23.3,89,11.0,271,3.055,-0.053,7.6,13.4,active
2026-09-01T22:00,PUN_3409435,"Gavalinagar, Pimpri Chinchwad - MPCB",18.6367,73.8249,12.0,20,23.1,91,10.8,265,2.989,0.261,7.8,13.1,active
2026-09-01T23:00,PUN_3409435,"Gavalinagar, Pimpri Chinchwad - MPCB",18.6367,73.8249,11.4,19,22.7,91,10.4,260,2.845,0.502,7.5,12.6,active
2026-09-02T00:00,PUN_3409435,"Gavalinagar, Pimpri Chinchwad - MPCB",18.6367,73.8249,13.3,22,22.2,93,8.7,263,2.399,0.295,6.9,11.8,active
2026-09-02T01:00,PUN_3409435,"Gavalinagar, Pimpri Chinchwad - MPCB",18.6367,73.8249,12.8,21,22.1,94,8.8,259,2.4,0.466,6.6,10.8,active
2026-09-02T02:00,PUN_3409435,"Gavalinagar, Pimpri Chinchwad - MPCB",18.6367,73.8249,14.3,23,21.8,95,9.3,262,2.558,0.36,6.0,9.8,active
2026-09-02T03:00,PUN_3409435,"Gavalinagar, Pimpri Chinchwad - MPCB",18.6367,73.8249,13.7,22,21.8,94,8.7,263,2.399,0.295,6.0,9.2,active
2026-09-02T04:00,PUN_3409435,"Gavalinagar, Pimpri Chinchwad - MPCB",18.6367,73.8249,16.5,27,21.9,93,8.0,262,2.201,0.309,5.9,8.6,active
2026-09-02T05:00,PUN_3409435,"Gavalinagar, Pimpri Chinchwad - MPCB",18.6367,73.8249,15.8,26,22.6,92,10.3,259,2.809,0.546,5.1,6.0,active
2026-09-02T06:00,PUN_3409435,"Gavalinagar, Pimpri Chinchwad - MPCB",18.6367,73.8249,17.6,29,22.3,92,9.1,261,2.497,0.395,4.3,5.5,active
2026-09-02T07:00,PUN_3409435,"Gavalinagar, Pimpri Chinchwad - MPCB",18.6367,73.8249,14.9,24,23.2,88,11.2,251,2.942,1.013,3.4,4.8,active
2026-09-02T08:00,PUN_3409435,"Gavalinagar, Pimpri Chinchwad - MPCB",18.6367,73.8249,14.0,23,24.6,79,13.7,252,3.619,1.176,3.2,4.1,active
2026-09-02T09:00,PUN_3409435,"Gavalinagar, Pimpri Chinchwad - MPCB",18.6367,73.8249,18.0,30,25.8,73,14.9,258,4.048,0.861,3.2,3.2,active
2026-09-02T10:00,PUN_3409435,"Gavalinagar, Pimpri Chinchwad - MPCB",18.6367,73.8249,21.7,36,26.8,71,15.5,261,4.253,0.674,3.6,2.3,active
2026-09-02T11:00,PUN_3409435,"Gavalinagar, Pimpri Chinchwad - MPCB",18.6367,73.8249,18.6,31,27.7,66,17.4,263,4.797,0.589,3.6,1.6,active
2026-09-02T12:00,PUN_3409435,"Gavalinagar, Pimpri Chinchwad - MPCB",18.6367,73.8249,17.6,29,28.1,64,17.6,270,4.889,0.0,3.6,1.4,active
2026-09-02T13:00,PUN_3409435,"Gavalinagar, Pimpri Chinchwad - MPCB",18.6367,73.8249,17.6,29,25.6,77,22.2,268,6.163,0.215,3.7,1.4,active
2026-09-02T14:00,PUN_3409435,"Gavalinagar, Pimpri Chinchwad - MPCB",18.6367,73.8249,17.0,28,26.0,78,20.0,271,5.555,-0.097,4.1,1.7,active
2026-09-02T15:00,PUN_3409435,"Gavalinagar, Pimpri Chinchwad - MPCB",18.6367,73.8249,18.2,30,27.1,64,20.4,279,5.597,-0.886,4.1,2.1,active
2026-09-02T16:00,PUN_3409435,"Gavalinagar, Pimpri Chinchwad - MPCB",18.6367,73.8249,16.0,26,26.0,74,19.2,275,5.313,-0.465,3.1,2.8,active
2026-09-02T17:00,PUN_3409435,"Gavalinagar, Pimpri Chinchwad - MPCB",18.6367,73.8249,15.1,25,25.1,77,17.2,280,4.705,-0.83,6.2,5.5,active
2026-09-02T18:00,PUN_3409435,"Gavalinagar, Pimpri Chinchwad - MPCB",18.6367,73.8249,17.1,28,23.9,85,16.0,273,4.438,-0.233,6.3,8.4,active
2026-09-02T19:00,PUN_3409435,"Gavalinagar, Pimpri Chinchwad - MPCB",18.6367,73.8249,15.4,25,23.1,89,13.1,270,3.639,0.0,7.3,12.3,active
2026-09-02T20:00,PUN_3409435,"Gavalinagar, Pimpri Chinchwad - MPCB",18.6367,73.8249,15.8,26,22.9,90,9.9,267,2.746,0.144,7.7,15.1,active
2026-09-02T21:00,PUN_3409435,"Gavalinagar, Pimpri Chinchwad - MPCB",18.6367,73.8249,14.3,23,22.8,90,9.6,262,2.641,0.371,7.2,16.0,active
2026-09-02T22:00,PUN_3409435,"Gavalinagar, Pimpri Chinchwad - MPCB",18.6367,73.8249,16.4,27,22.6,91,8.7,266,2.411,0.169,7.0,15.8,active
2026-09-02T23:00,PUN_3409435,"Gavalinagar, Pimpri Chinchwad - MPCB",18.6367,73.8249,14.7,24,22.5,91,9.3,262,2.558,0.36,7.1,14.9,active
2026-09-03T00:00,PUN_3409435,"Gavalinagar, Pimpri Chinchwad - MPCB",18.6367,73.8249,14.0,23,22.1,93,8.8,255,2.361,0.633,6.4,13.0,active
2026-09-03T01:00,PUN_3409435,"Gavalinagar, Pimpri Chinchwad - MPCB",18.6367,73.8249,12.8,21,21.8,94,8.5,252,2.246,0.73,6.2,10.4,active
2026-09-03T02:00,PUN_3409435,"Gavalinagar, Pimpri Chinchwad - MPCB",18.6367,73.8249,11.9,19,21.8,94,7.1,255,1.905,0.51,6.1,8.3,active
2026-09-03T03:00,PUN_3409435,"Gavalinagar, Pimpri Chinchwad - MPCB",18.6367,73.8249,11.1,18,21.9,94,8.3,248,2.138,0.864,6.1,7.2,active
2026-09-03T04:00,PUN_3409435,"Gavalinagar, Pimpri Chinchwad - MPCB",18.6367,73.8249,11.5,19,21.9,93,8.7,256,2.345,0.585,5.4,6.5,active
2026-09-03T05:00,PUN_3409435,"Gavalinagar, Pimpri Chinchwad - MPCB",18.6367,73.8249,15.3,25,21.9,93,8.8,269,2.444,0.043,3.8,4.3,active
2026-09-03T06:00,PUN_3409435,"Gavalinagar, Pimpri Chinchwad - MPCB",18.6367,73.8249,15.2,25,21.9,93,8.3,271,2.305,-0.04,3.6,4.4,active
2026-09-03T07:00,PUN_3409435,"Gavalinagar, Pimpri Chinchwad - MPCB",18.6367,73.8249,14.7,24,22.7,88,9.4,259,2.563,0.498,3.3,4.6,active
2026-09-03T08:00,PUN_3409435,"Gavalinagar, Pimpri Chinchwad - MPCB",18.6367,73.8249,14.2,23,24.1,80,13.6,258,3.695,0.785,3.4,4.4,active
2026-09-03T09:00,PUN_3409435,"Gavalinagar, Pimpri Chinchwad - MPCB",18.6367,73.8249,14.2,23,25.6,73,15.2,259,4.145,0.806,3.8,3.5,active
2026-09-03T10:00,PUN_3409435,"Gavalinagar, Pimpri Chinchwad - MPCB",18.6367,73.8249,14.4,24,26.1,72,16.4,261,4.5,0.713,5.0,2.3,active
2026-09-03T11:00,PUN_3409435,"Gavalinagar, Pimpri Chinchwad - MPCB",18.6367,73.8249,13.1,21,27.3,67,18.1,264,5.0,0.526,6.3,1.5,active
2026-09-03T12:00,PUN_3409435,"Gavalinagar, Pimpri Chinchwad - MPCB",18.6367,73.8249,17.4,29,28.0,65,17.6,269,4.888,0.085,7.2,1.3,active
2026-09-03T13:00,PUN_3409435,"Gavalinagar, Pimpri Chinchwad - MPCB",18.6367,73.8249,15.1,25,28.4,62,19.5,273,5.409,-0.283,7.2,1.4,active
2026-09-03T14:00,PUN_3409435,"Gavalinagar, Pimpri Chinchwad - MPCB",18.6367,73.8249,16.9,28,27.7,64,21.4,272,5.941,-0.207,7.1,1.8,active
2026-09-03T15:00,PUN_3409435,"Gavalinagar, Pimpri Chinchwad - MPCB",18.6367,73.8249,18.1,30,27.0,70,19.7,276,5.442,-0.572,6.8,2.4,active
2026-09-03T16:00,PUN_3409435,"Gavalinagar, Pimpri Chinchwad - MPCB",18.6367,73.8249,27.0,45,26.5,71,19.1,274,5.293,-0.37,6.7,3.3,active
2026-09-03T17:00,PUN_3409435,"Gavalinagar, Pimpri Chinchwad - MPCB",18.6367,73.8249,25.2,42,25.6,74,16.4,271,4.555,-0.08,9.7,3.8,active
2026-09-03T18:00,PUN_3409435,"Gavalinagar, Pimpri Chinchwad - MPCB",18.6367,73.8249,20.4,34,24.4,80,14.2,266,3.935,0.275,9.6,6.4,active
2026-09-03T19:00,PUN_3409435,"Gavalinagar, Pimpri Chinchwad - MPCB",18.6367,73.8249,17.2,28,23.6,84,12.4,269,3.444,0.06,9.3,9.9,active
2026-09-03T20:00,PUN_3409435,"Gavalinagar, Pimpri Chinchwad - MPCB",18.6367,73.8249,17.6,29,23.0,88,9.9,268,2.748,0.096,9.3,12.5,active
2026-09-03T21:00,PUN_3409435,"Gavalinagar, Pimpri Chinchwad - MPCB",18.6367,73.8249,18.3,30,22.8,90,10.2,260,2.79,0.492,9.1,13.4,active
2026-09-03T22:00,PUN_3409435,"Gavalinagar, Pimpri Chinchwad - MPCB",18.6367,73.8249,19.1,31,22.8,91,10.3,264,2.845,0.299,9.1,13.3,active
2026-09-03T23:00,PUN_3409435,"Gavalinagar, Pimpri Chinchwad - MPCB",18.6367,73.8249,16.7,27,22.4,92,10.0,262,2.751,0.387,8.7,12.7,active
2026-09-04T00:00,PUN_3409435,"Gavalinagar, Pimpri Chinchwad - MPCB",18.6367,73.8249,21.1,35,22.4,92,10.7,262,2.943,0.414,7.8,11.2,active
2026-08-21T01:00,PUN_3409436,"Park Street Wakad, Pimpri Chinchwad - MPCB",18.5905,73.7795,8.2,13,22.7,92,10.1,254,2.697,0.773,2.7,5.5,active
2026-08-21T02:00,PUN_3409436,"Park Street Wakad, Pimpri Chinchwad - MPCB",18.5905,73.7795,9.3,15,22.6,91,9.7,258,2.636,0.56,2.5,4.9,active
2026-08-21T03:00,PUN_3409436,"Park Street Wakad, Pimpri Chinchwad - MPCB",18.5905,73.7795,9.3,15,22.3,92,8.1,257,2.192,0.506,2.2,4.6,active
2026-08-21T04:00,PUN_3409436,"Park Street Wakad, Pimpri Chinchwad - MPCB",18.5905,73.7795,9.5,15,22.4,92,8.7,256,2.345,0.585,2.6,4.5,active
2026-08-21T05:00,PUN_3409436,"Park Street Wakad, Pimpri Chinchwad - MPCB",18.5905,73.7795,9.5,15,22.3,91,10.6,256,2.857,0.712,2.4,4.3,active
2026-08-21T06:00,PUN_3409436,"Park Street Wakad, Pimpri Chinchwad - MPCB",18.5905,73.7795,10.5,17,22.4,91,10.2,260,2.79,0.492,2.2,4.5,active
2026-08-21T07:00,PUN_3409436,"Park Street Wakad, Pimpri Chinchwad - MPCB",18.5905,73.7795,10.1,16,22.9,90,9.7,272,2.693,-0.094,2.6,4.6,active
2026-08-21T08:00,PUN_3409436,"Park Street Wakad, Pimpri Chinchwad - MPCB",18.5905,73.7795,7.8,13,23.8,85,13.0,264,3.591,0.377,4.5,4.5,active
2026-08-21T09:00,PUN_3409436,"Park Street Wakad, Pimpri Chinchwad - MPCB",18.5905,73.7795,6.4,10,25.4,76,14.4,270,4.0,0.0,5.9,3.7,active
2026-08-21T10:00,PUN_3409436,"Park Street Wakad, Pimpri Chinchwad - MPCB",18.5905,73.7795,13.3,22,26.4,72,17.5,268,4.858,0.17,7.8,2.7,active
2026-08-21T11:00,PUN_3409436,"Park Street Wakad, Pimpri Chinchwad - MPCB",18.5905,73.7795,16.9,28,27.2,68,15.9,265,4.4,0.385,8.5,1.9,active
2026-08-21T12:00,PUN_3409436,"Park Street Wakad, Pimpri Chinchwad - MPCB",18.5905,73.7795,15.6,26,28.1,63,16.1,263,4.439,0.545,8.9,1.6,active
2026-08-21T13:00,PUN_3409436,"Park Street Wakad, Pimpri Chinchwad - MPCB",18.5905,73.7795,17.1,28,27.5,66,19.5,267,5.409,0.283,8.6,1.6,active
2026-08-21T14:00,PUN_3409436,"Park Street Wakad, Pimpri Chinchwad - MPCB",18.5905,73.7795,16.4,27,26.7,69,19.3,271,5.36,-0.094,7.7,1.8,active
2026-08-21T15:00,PUN_3409436,"Park Street Wakad, Pimpri Chinchwad - MPCB",18.5905,73.7795,19.6,32,26.4,73,19.9,260,5.444,0.96,6.9,2.1,active
2026-08-21T16:00,PUN_3409436,"Park Street Wakad, Pimpri Chinchwad - MPCB",18.5905,73.7795,19.1,31,25.9,76,20.5,267,5.687,0.298,6.5,2.7,active
2026-08-21T17:00,PUN_3409436,"Park Street Wakad, Pimpri Chinchwad - MPCB",18.5905,73.7795,19.6,32,25.3,77,17.2,260,4.705,0.83,9.2,2.9,active
2026-08-21T18:00,PUN_3409436,"Park Street Wakad, Pimpri Chinchwad - MPCB",18.5905,73.7795,18.3,30,23.9,84,14.3,264,3.95,0.415,9.0,4.5,active
2026-08-21T19:00,PUN_3409436,"Park Street Wakad, Pimpri Chinchwad - MPCB",18.5905,73.7795,18.5,30,23.2,88,12.0,256,3.234,0.806,8.9,6.6,active
2026-08-21T20:00,PUN_3409436,"Park Street Wakad, Pimpri Chinchwad - MPCB",18.5905,73.7795,18.0,30,23.0,89,11.9,255,3.193,0.856,7.4,8.1,active
2026-08-21T21:00,PUN_3409436,"Park Street Wakad, Pimpri Chinchwad - MPCB",18.5905,73.7795,18.0,30,23.1,89,10.1,259,2.754,0.535,6.5,8.2,active
2026-08-21T22:00,PUN_3409436,"Park Street Wakad, Pimpri Chinchwad - MPCB",18.5905,73.7795,18.8,31,22.9,90,10.1,253,2.683,0.82,6.5,7.7,active
2026-08-21T23:00,PUN_3409436,"Park Street Wakad, Pimpri Chinchwad - MPCB",18.5905,73.7795,19.8,33,22.5,90,9.1,256,2.453,0.612,5.0,7.1,active
2026-08-22T00:00,PUN_3409436,"Park Street Wakad, Pimpri Chinchwad - MPCB",18.5905,73.7795,18.9,31,22.3,91,9.5,260,2.599,0.458,4.7,6.6,active
2026-08-22T02:00,PUN_3409436,"Park Street Wakad, Pimpri Chinchwad - MPCB",18.5905,73.7795,12.2,20,22.2,91,9.1,260,2.489,0.439,3.1,5.5,active
2026-08-22T03:00,PUN_3409436,"Park Street Wakad, Pimpri Chinchwad - MPCB",18.5905,73.7795,13.1,21,22.2,91,9.4,252,2.483,0.807,2.6,5.1,active
2026-08-22T04:00,PUN_3409436,"Park Street Wakad, Pimpri Chinchwad - MPCB",18.5905,73.7795,15.7,26,22.3,91,9.3,255,2.495,0.669,2.2,4.8,active
2026-08-22T05:00,PUN_3409436,"Park Street Wakad, Pimpri Chinchwad - MPCB",18.5905,73.7795,15.4,25,22.9,89,11.8,257,3.194,0.737,2.2,4.7,active
2026-08-22T06:00,PUN_3409436,"Park Street Wakad, Pimpri Chinchwad - MPCB",18.5905,73.7795,13.6,22,22.9,89,10.2,262,2.806,0.394,2.5,5.0,active
2026-08-22T07:00,PUN_3409436,"Park Street Wakad, Pimpri Chinchwad - MPCB",18.5905,73.7795,13.1,21,23.1,89,10.0,261,2.744,0.435,3.6,5.3,active
2026-08-22T08:00,PUN_3409436,"Park Street Wakad, Pimpri Chinchwad - MPCB",18.5905,73.7795,14.5,24,24.2,83,14.2,258,3.858,0.82,3.5,5.2,active
2026-08-22T09:00,PUN_3409436,"Park Street Wakad, Pimpri Chinchwad - MPCB",18.5905,73.7795,14.4,24,24.9,80,15.7,260,4.295,0.757,5.6,4.2,active
2026-08-22T10:00,PUN_3409436,"Park Street Wakad, Pimpri Chinchwad - MPCB",18.5905,73.7795,12.0,20,25.2,78,17.8,264,4.917,0.517,6.5,2.8,active
2026-08-22T11:00,PUN_3409436,"Park Street Wakad, Pimpri Chinchwad - MPCB",18.5905,73.7795,12.6,21,25.8,78,20.3,271,5.638,-0.098,6.9,1.8,active
2026-08-22T12:00,PUN_3409436,"Park Street Wakad, Pimpri Chinchwad - MPCB",18.5905,73.7795,16.6,27,27.2,68,19.2,276,5.304,-0.557,7.3,1.7,active
2026-08-22T13:00,PUN_3409436,"Park Street Wakad, Pimpri Chinchwad - MPCB",18.5905,73.7795,15.8,26,26.2,74,18.3,280,5.006,-0.883,7.5,2.1,active
2026-08-22T14:00,PUN_3409436,"Park Street Wakad, Pimpri Chinchwad - MPCB",18.5905,73.7795,14.6,24,25.9,72,16.9,287,4.489,-1.373,8.1,2.7,active
2026-08-22T15:00,PUN_3409436,"Park Street Wakad, Pimpri Chinchwad - MPCB",18.5905,73.7795,15.2,25,25.8,75,17.5,275,4.843,-0.424,8.6,3.5,active
2026-08-22T16:00,PUN_3409436,"Park Street Wakad, Pimpri Chinchwad - MPCB",18.5905,73.7795,14.8,24,24.6,81,17.0,274,4.711,-0.329,8.1,4.4,active
2026-08-22T17:00,PUN_3409436,"Park Street Wakad, Pimpri Chinchwad - MPCB",18.5905,73.7795,13.4,22,24.6,84,15.7,276,4.337,-0.456,9.5,4.7,active
2026-08-22T18:00,PUN_3409436,"Park Street Wakad, Pimpri Chinchwad - MPCB",18.5905,73.7795,12.7,21,23.7,89,10.9,264,3.011,0.316,9.1,6.2,active
2026-08-22T19:00,PUN_3409436,"Park Street Wakad, Pimpri Chinchwad - MPCB",18.5905,73.7795,11.6,19,23.4,89,13.1,257,3.546,0.819,9.8,8.3,active
2026-08-22T20:00,PUN_3409436,"Park Street Wakad, Pimpri Chinchwad - MPCB",18.5905,73.7795,11.0,18,23.0,90,11.3,262,3.108,0.437,8.0,9.7,active
2026-08-23T04:00,PUN_3409436,"Park Street Wakad, Pimpri Chinchwad - MPCB",18.5905,73.7795,13.5,22,22.3,91,9.6,262,2.641,0.371,1.8,5.1,active
2026-08-23T05:00,PUN_3409436,"Park Street Wakad, Pimpri Chinchwad - MPCB",18.5905,73.7795,13.2,22,22.7,92,8.6,258,2.337,0.497,3.0,4.6,active
2026-08-23T06:00,PUN_3409436,"Park Street Wakad, Pimpri Chinchwad - MPCB",18.5905,73.7795,12.7,21,22.8,91,9.0,260,2.462,0.434,2.7,4.2,active
2026-08-23T07:00,PUN_3409436,"Park Street Wakad, Pimpri Chinchwad - MPCB",18.5905,73.7795,11.4,19,23.3,89,7.7,258,2.092,0.445,3.5,3.7,active
2026-08-23T08:00,PUN_3409436,"Park Street Wakad, Pimpri Chinchwad - MPCB",18.5905,73.7795,10.9,18,24.5,83,13.6,258,3.695,0.785,4.3,3.2,active
2026-08-23T09:00,PUN_3409436,"Park Street Wakad, Pimpri Chinchwad - MPCB",18.5905,73.7795,12.0,20,25.6,77,15.5,261,4.253,0.674,6.1,2.7,active
2026-08-23T10:00,PUN_3409436,"Park Street Wakad, Pimpri Chinchwad - MPCB",18.5905,73.7795,12.4,20,26.4,74,16.9,262,4.649,0.653,7.2,2.3,active
2026-08-23T11:00,PUN_3409436,"Park Street Wakad, Pimpri Chinchwad - MPCB",18.5905,73.7795,14.0,23,26.7,73,19.0,263,5.238,0.643,7.5,1.9,active
2026-08-23T12:00,PUN_3409436,"Park Street Wakad, Pimpri Chinchwad - MPCB",18.5905,73.7795,16.6,27,27.2,72,18.6,268,5.164,0.18,7.7,1.6,active
2026-08-23T13:00,PUN_3409436,"Park Street Wakad, Pimpri Chinchwad - MPCB",18.5905,73.7795,15.5,25,27.3,73,19.1,265,5.285,0.462,7.8,1.4,active
2026-08-23T14:00,PUN_3409436,"Park Street Wakad, Pimpri Chinchwad - MPCB",18.5905,73.7795,15.0,25,27.1,72,20.2,268,5.608,0.196,7.0,1.5,active
2026-08-23T15:00,PUN_3409436,"Park Street Wakad, Pimpri Chinchwad - MPCB",18.5905,73.7795,16.5,27,26.7,74,20.4,273,5.659,-0.297,6.6,1.8,active
2026-08-23T16:00,PUN_3409436,"Park Street Wakad, Pimpri Chinchwad - MPCB",18.5905,73.7795,16.4,27,26.2,75,19.8,269,5.499,0.096,6.4,2.4,active
2026-08-23T17:00,PUN_3409436,"Park Street Wakad, Pimpri Chinchwad - MPCB",18.5905,73.7795,16.7,27,25.5,79,16.8,266,4.655,0.326,7.8,2.8,active
2026-08-23T18:00,PUN_3409436,"Park Street Wakad, Pimpri Chinchwad - MPCB",18.5905,73.7795,15.9,26,24.4,84,14.3,266,3.963,0.277,7.9,4.8,active
2026-08-23T19:00,PUN_3409436,"Park Street Wakad, Pimpri Chinchwad - MPCB",18.5905,73.7795,13.8,23,23.7,89,12.0,261,3.292,0.521,8.4,7.4,active
2026-08-24T04:00,PUN_3409436,"Park Street Wakad, Pimpri Chinchwad - MPCB",18.5905,73.7795,14.9,24,22.8,92,6.9,264,1.906,0.2,3.8,4.1,active
2026-08-24T05:00,PUN_3409436,"Park Street Wakad, Pimpri Chinchwad - MPCB",18.5905,73.7795,14.7,24,23.5,91,10.1,270,2.806,0.0,5.1,3.9,active
2026-08-24T06:00,PUN_3409436,"Park Street Wakad, Pimpri Chinchwad - MPCB",18.5905,73.7795,13.7,22,23.1,92,10.1,271,2.805,-0.049,6.0,4.2,active
2026-08-24T07:00,PUN_3409436,"Park Street Wakad, Pimpri Chinchwad - MPCB",18.5905,73.7795,12.2,20,23.3,91,9.2,272,2.554,-0.089,5.6,4.6,active
2026-08-24T08:00,PUN_3409436,"Park Street Wakad, Pimpri Chinchwad - MPCB",18.5905,73.7795,14.0,23,24.7,83,14.4,272,3.998,-0.14,7.5,4.6,active
2026-08-24T09:00,PUN_3409436,"Park Street Wakad, Pimpri Chinchwad - MPCB",18.5905,73.7795,16.7,27,26.0,76,13.2,274,3.658,-0.256,9.3,3.9,active
2026-08-24T10:00,PUN_3409436,"Park Street Wakad, Pimpri Chinchwad - MPCB",18.5905,73.7795,17.4,29,27.0,72,15.6,276,4.31,-0.453,10.5,2.7,active
2026-08-24T11:00,PUN_3409436,"Park Street Wakad, Pimpri Chinchwad - MPCB",18.5905,73.7795,17.2,28,27.4,71,17.8,269,4.944,0.086,10.0,1.9,active
2026-08-24T12:00,PUN_3409436,"Park Street Wakad, Pimpri Chinchwad - MPCB",18.5905,73.7795,18.2,30,27.6,70,16.9,270,4.694,0.0,9.5,1.6,active
2026-08-24T13:00,PUN_3409436,"Park Street Wakad, Pimpri Chinchwad - MPCB",18.5905,73.7795,16.7,27,28.0,68,19.5,280,5.334,-0.941,9.2,1.6,active
2026-08-24T14:00,PUN_3409436,"Park Street Wakad, Pimpri Chinchwad - MPCB",18.5905,73.7795,15.2,25,27.0,72,20.2,266,5.597,0.391,9.1,1.8,active
2026-08-24T15:00,PUN_3409436,"Park Street Wakad, Pimpri Chinchwad - MPCB",18.5905,73.7795,17.5,29,27.2,72,18.3,276,5.056,-0.531,8.5,2.1,active
2026-08-24T16:00,PUN_3409436,"Park Street Wakad, Pimpri Chinchwad - MPCB",18.5905,73.7795,17.9,29,26.4,77,19.8,273,5.493,-0.288,8.3,2.6,active
2026-08-25T00:00,PUN_3409436,"Park Street Wakad, Pimpri Chinchwad - MPCB",18.5905,73.7795,16.5,27,22.9,91,12.4,262,3.411,0.479,7.3,6.7,active
2026-08-25T01:00,PUN_3409436,"Park Street Wakad, Pimpri Chinchwad - MPCB",18.5905,73.7795,16.2,27,22.8,92,12.3,259,3.354,0.652,6.4,5.6,active
2026-08-25T02:00,PUN_3409436,"Park Street Wakad, Pimpri Chinchwad - MPCB",18.5905,73.7795,15.1,25,22.9,91,13.7,265,3.791,0.332,5.5,4.7,active
2026-08-25T03:00,PUN_3409436,"Park Street Wakad, Pimpri Chinchwad - MPCB",18.5905,73.7795,14.5,24,22.6,92,12.6,266,3.492,0.244,4.1,4.4,active
2026-08-25T04:00,PUN_3409436,"Park Street Wakad, Pimpri Chinchwad - MPCB",18.5905,73.7795,14.5,24,22.7,91,12.5,275,3.459,-0.303,3.7,4.4,active
2026-08-25T05:00,PUN_3409436,"Park Street Wakad, Pimpri Chinchwad - MPCB",18.5905,73.7795,14.9,24,22.6,91,11.2,268,3.109,0.109,3.5,4.2,active
2026-08-25T06:00,PUN_3409436,"Park Street Wakad, Pimpri Chinchwad - MPCB",18.5905,73.7795,15.3,25,22.7,91,9.0,265,2.491,0.218,3.6,4.4,active
2026-08-25T07:00,PUN_3409436,"Park Street Wakad, Pimpri Chinchwad - MPCB",18.5905,73.7795,13.9,23,23.3,89,9.8,263,2.702,0.332,5.1,4.7,active
2026-08-25T08:00,PUN_3409436,"Park Street Wakad, Pimpri Chinchwad - MPCB",18.5905,73.7795,14.3,23,24.2,84,13.3,270,3.694,0.0,6.9,4.6,active
2026-08-25T09:00,PUN_3409436,"Park Street Wakad, Pimpri Chinchwad - MPCB",18.5905,73.7795,16.1,26,25.3,79,14.0,271,3.888,-0.068,8.3,3.9,active
2026-08-25T10:00,PUN_3409436,"Park Street Wakad, Pimpri Chinchwad - MPCB",18.5905,73.7795,17.1,28,26.6,73,15.4,275,4.262,-0.373,10.2,2.8,active
2026-08-25T11:00,PUN_3409436,"Park Street Wakad, Pimpri Chinchwad - MPCB",18.5905,73.7795,16.8,28,26.4,74,16.2,269,4.499,0.079,10.4,2.0,active
2026-08-25T12:00,PUN_3409436,"Park Street Wakad, Pimpri Chinchwad - MPCB",18.5905,73.7795,15.9,26,27.3,70,15.3,268,4.247,0.148,10.8,1.6,active
2026-08-25T13:00,PUN_3409436,"Park Street Wakad, Pimpri Chinchwad - MPCB",18.5905,73.7795,16.8,28,28.2,65,17.6,271,4.888,-0.085,10.8,1.5,active
2026-08-25T14:00,PUN_3409436,"Park Street Wakad, Pimpri Chinchwad - MPCB",18.5905,73.7795,17.2,28,27.8,67,19.8,269,5.499,0.096,10.3,1.7,active
2026-08-25T15:00,PUN_3409436,"Park Street Wakad, Pimpri Chinchwad - MPCB",18.5905,73.7795,18.3,30,27.0,70,18.7,272,5.191,-0.181,10.2,2.1,active
2026-08-25T16:00,PUN_3409436,"Park Street Wakad, Pimpri Chinchwad - MPCB",18.5905,73.7795,20.2,33,26.4,72,18.2,271,5.055,-0.088,10.4,2.9,active
2026-08-25T17:00,PUN_3409436,"Park Street Wakad, Pimpri Chinchwad - MPCB",18.5905,73.7795,24.1,40,25.8,77,17.0,264,4.696,0.494,17.5,3.6,active
2026-08-25T18:00,PUN_3409436,"Park Street Wakad, Pimpri Chinchwad - MPCB",18.5905,73.7795,23.9,39,24.4,82,14.6,261,4.006,0.634,15.8,5.0,active
2026-08-25T19:00,PUN_3409436,"Park Street Wakad, Pimpri Chinchwad - MPCB",18.5905,73.7795,21.9,36,23.7,86,14.9,262,4.099,0.576,15.3,6.9,active
2026-08-25T20:00,PUN_3409436,"Park Street Wakad, Pimpri Chinchwad - MPCB",18.5905,73.7795,22.4,37,23.4,88,13.9,260,3.802,0.67,15.8,8.4,active
2026-08-25T21:00,PUN_3409436,"Park Street Wakad, Pimpri Chinchwad - MPCB",18.5905,73.7795,23.7,39,23.4,89,12.3,266,3.408,0.238,15.9,9.2,active
2026-08-25T22:00,PUN_3409436,"Park Street Wakad, Pimpri Chinchwad - MPCB",18.5905,73.7795,22.6,37,23.4,90,11.5,262,3.163,0.445,13.6,9.6,active
2026-08-25T23:00,PUN_3409436,"Park Street Wakad, Pimpri Chinchwad - MPCB",18.5905,73.7795,21.0,35,23.2,90,10.9,262,2.998,0.421,13.7,9.5,active
2026-08-26T00:00,PUN_3409436,"Park Street Wakad, Pimpri Chinchwad - MPCB",18.5905,73.7795,21.9,36,23.0,90,14.1,265,3.902,0.341,12.0,8.5,active
2026-08-26T01:00,PUN_3409436,"Park Street Wakad, Pimpri Chinchwad - MPCB",18.5905,73.7795,22.5,37,22.8,91,13.0,269,3.611,0.063,10.0,6.9,active
2026-08-26T02:00,PUN_3409436,"Park Street Wakad, Pimpri Chinchwad - MPCB",18.5905,73.7795,22.1,36,22.6,92,13.3,267,3.689,0.193,8.7,5.7,active
2026-08-26T03:00,PUN_3409436,"Park Street Wakad, Pimpri Chinchwad - MPCB",18.5905,73.7795,20.5,34,22.5,91,12.8,265,3.542,0.31,7.2,5.1,active
2026-08-26T04:00,PUN_3409436,"Park Street Wakad, Pimpri Chinchwad - MPCB",18.5905,73.7795,19.5,32,22.5,91,13.4,263,3.695,0.454,7.1,4.8,active
2026-08-26T05:00,PUN_3409436,"Park Street Wakad, Pimpri Chinchwad - MPCB",18.5905,73.7795,18.9,31,23.0,91,12.4,268,3.442,0.12,5.8,4.3,active
2026-08-26T06:00,PUN_3409436,"Park Street Wakad, Pimpri Chinchwad - MPCB",18.5905,73.7795,17.5,29,22.7,92,11.5,280,3.146,-0.555,4.8,4.6,active
2026-08-26T07:00,PUN_3409436,"Park Street Wakad, Pimpri Chinchwad - MPCB",18.5905,73.7795,16.7,27,23.1,91,12.7,281,3.463,-0.673,4.5,5.0,active
2026-08-26T08:00,PUN_3409436,"Park Street Wakad, Pimpri Chinchwad - MPCB",18.5905,73.7795,16.9,28,24.2,84,14.2,279,3.896,-0.617,7.1,5.0,active
2026-08-26T09:00,PUN_3409436,"Park Street Wakad, Pimpri Chinchwad - MPCB",18.5905,73.7795,15.6,26,25.6,76,16.2,280,4.432,-0.781,8.8,4.2,active
2026-08-26T10:00,PUN_3409436,"Park Street Wakad, Pimpri Chinchwad - MPCB",18.5905,73.7795,15.9,26,26.4,74,19.3,275,5.341,-0.467,10.9,2.9,active
2026-08-26T11:00,PUN_3409436,"Park Street Wakad, Pimpri Chinchwad - MPCB",18.5905,73.7795,16.3,27,27.5,69,18.0,279,4.938,-0.782,13.5,2.0,active
2026-08-26T12:00,PUN_3409436,"Park Street Wakad, Pimpri Chinchwad - MPCB",18.5905,73.7795,16.2,27,28.1,66,16.8,272,4.664,-0.163,13.8,1.6,active
2026-08-26T13:00,PUN_3409436,"Park Street Wakad, Pimpri Chinchwad - MPCB",18.5905,73.7795,19.0,31,28.2,66,18.2,275,5.036,-0.441,14.5,1.6,active
2026-08-26T14:00,PUN_3409436,"Park Street Wakad, Pimpri Chinchwad - MPCB",18.5905,73.7795,20.8,34,27.8,68,18.4,272,5.108,-0.178,15.2,1.8,active
2026-08-26T15:00,PUN_3409436,"Park Street Wakad, Pimpri Chinchwad - MPCB",18.5905,73.7795,19.9,33,27.6,69,17.8,273,4.938,-0.259,15.0,2.2,active
2026-08-26T16:00,PUN_3409436,"Park Street Wakad, Pimpri Chinchwad - MPCB",18.5905,73.7795,20.2,33,26.5,74,18.8,274,5.21,-0.364,13.9,2.9,active
2026-08-26T17:00,PUN_3409436,"Park Street Wakad, Pimpri Chinchwad - MPCB",18.5905,73.7795,22.0,36,26.0,76,16.4,270,4.556,0.0,16.1,3.2,active
2026-08-26T18:00,PUN_3409436,"Park Street Wakad, Pimpri Chinchwad - MPCB",18.5905,73.7795,21.1,35,24.7,82,14.5,265,4.012,0.351,14.7,4.9,active
2026-08-26T19:00,PUN_3409436,"Park Street Wakad, Pimpri Chinchwad - MPCB",18.5905,73.7795,19.4,32,23.7,89,12.8,260,3.502,0.617,13.4,7.1,active
2026-08-26T20:00,PUN_3409436,"Park Street Wakad, Pimpri Chinchwad - MPCB",18.5905,73.7795,19.6,32,23.5,89,12.8,259,3.49,0.678,11.3,8.8,active
2026-08-26T21:00,PUN_3409436,"Park Street Wakad, Pimpri Chinchwad - MPCB",18.5905,73.7795,20.3,33,23.3,90,11.7,261,3.21,0.508,7.6,9.4,active
2026-08-26T22:00,PUN_3409436,"Park Street Wakad, Pimpri Chinchwad - MPCB",18.5905,73.7795,21.1,35,23.2,91,9.7,260,2.654,0.468,6.9,9.4,active
2026-08-26T23:00,PUN_3409436,"Park Street Wakad, Pimpri Chinchwad - MPCB",18.5905,73.7795,20.5,34,23.1,90,11.0,255,2.951,0.791,6.1,8.9,active
2026-08-27T00:00,PUN_3409436,"Park Street Wakad, Pimpri Chinchwad - MPCB",18.5905,73.7795,21.7,36,22.9,92,10.4,259,2.836,0.551,5.0,7.7,active
2026-08-27T01:00,PUN_3409436,"Park Street Wakad, Pimpri Chinchwad - MPCB",18.5905,73.7795,19.8,33,23.1,91,11.8,259,3.218,0.625,4.0,6.1,active
2026-08-27T02:00,PUN_3409436,"Park Street Wakad, Pimpri Chinchwad - MPCB",18.5905,73.7795,19.3,32,22.9,92,11.7,260,3.201,0.564,3.4,4.8,active
2026-08-27T03:00,PUN_3409436,"Park Street Wakad, Pimpri Chinchwad - MPCB",18.5905,73.7795,21.1,35,22.8,91,12.2,261,3.347,0.53,2.6,4.3,active
2026-08-27T04:00,PUN_3409436,"Park Street Wakad, Pimpri Chinchwad - MPCB",18.5905,73.7795,20.0,33,22.7,92,11.8,263,3.253,0.399,2.3,4.2,active
2026-08-27T05:00,PUN_3409436,"Park Street Wakad, Pimpri Chinchwad - MPCB",18.5905,73.7795,17.6,29,22.8,92,11.8,262,3.246,0.456,5.0,3.6,active
2026-08-27T06:00,PUN_3409436,"Park Street Wakad, Pimpri Chinchwad - MPCB",18.5905,73.7795,16.3,27,23.1,90,12.8,256,3.45,0.86,4.3,3.8,active
2026-08-27T07:00,PUN_3409436,"Park Street Wakad, Pimpri Chinchwad - MPCB",18.5905,73.7795,14.3,23,23.2,89,11.3,263,3.116,0.383,4.1,4.0,active
2026-08-27T08:00,PUN_3409436,"Park Street Wakad, Pimpri Chinchwad - MPCB",18.5905,73.7795,12.6,21,23.9,86,16.3,263,4.494,0.552,7.2,3.9,active
2026-08-27T09:00,PUN_3409436,"Park Street Wakad, Pimpri Chinchwad - MPCB",18.5905,73.7795,13.0,21,25.1,79,19.1,267,5.298,0.278,9.5,3.3,active
2026-08-27T10:00,PUN_3409436,"Park Street Wakad, Pimpri Chinchwad - MPCB",18.5905,73.7795,12.6,21,26.3,70,17.1,267,4.744,0.249,10.0,2.4,active
2026-08-27T11:00,PUN_3409436,"Park Street Wakad, Pimpri Chinchwad - MPCB",18.5905,73.7795,15.0,25,27.0,67,19.4,263,5.349,0.657,9.9,1.8,active
2026-08-27T12:00,PUN_3409436,"Park Street Wakad, Pimpri Chinchwad - MPCB",18.5905,73.7795,18.0,30,27.4,66,18.4,274,5.099,-0.357,9.0,1.6,active
2026-08-27T13:00,PUN_3409436,"Park Street Wakad, Pimpri Chinchwad - MPCB",18.5905,73.7795,19.2,32,26.7,69,21.3,268,5.913,0.206,8.0,1.6,active
2026-08-27T14:00,PUN_3409436,"Park Street Wakad, Pimpri Chinchwad - MPCB",18.5905,73.7795,18.2,30,26.4,71,20.3,271,5.638,-0.098,7.7,1.8,active
2026-08-27T15:00,PUN_3409436,"Park Street Wakad, Pimpri Chinchwad - MPCB",18.5905,73.7795,15.7,26,26.4,72,18.6,267,5.16,0.27,8.9,2.0,active
2026-08-29T00:00,PUN_3409436,"Park Street Wakad, Pimpri Chinchwad - MPCB",18.5905,73.7795,15.3,25,22.8,92,11.5,262,3.163,0.445,3.5,6.0,active
2026-08-29T01:00,PUN_3409436,"Park Street Wakad, Pimpri Chinchwad - MPCB",18.5905,73.7795,16.7,27,22.8,92,12.1,267,3.357,0.176,2.6,5.8,active
2026-08-29T02:00,PUN_3409436,"Park Street Wakad, Pimpri Chinchwad - MPCB",18.5905,73.7795,18.0,30,22.7,92,12.8,265,3.542,0.31,1.9,5.5,active
2026-08-29T03:00,PUN_3409436,"Park Street Wakad, Pimpri Chinchwad - MPCB",18.5905,73.7795,19.6,32,22.6,92,14.4,257,3.898,0.9,1.4,4.8,active
2026-08-29T04:00,PUN_3409436,"Park Street Wakad, Pimpri Chinchwad - MPCB",18.5905,73.7795,18.2,30,22.5,93,16.3,264,4.503,0.473,1.5,4.0,active
2026-08-29T05:00,PUN_3409436,"Park Street Wakad, Pimpri Chinchwad - MPCB",18.5905,73.7795,16.0,26,22.4,93,17.1,267,4.744,0.249,3.3,3.5,active
2026-08-29T06:00,PUN_3409436,"Park Street Wakad, Pimpri Chinchwad - MPCB",18.5905,73.7795,14.5,24,22.3,93,15.8,271,4.388,-0.077,2.3,3.9,active
2026-08-29T07:00,PUN_3409436,"Park Street Wakad, Pimpri Chinchwad - MPCB",18.5905,73.7795,12.4,20,22.7,91,14.0,262,3.851,0.541,3.2,4.4,active
2026-08-30T07:00,PUN_3409436,"Park Street Wakad, Pimpri Chinchwad - MPCB",18.5905,73.7795,11.4,19,22.6,90,15.2,263,4.191,0.515,3.4,3.3,active
2026-08-30T08:00,PUN_3409436,"Park Street Wakad, Pimpri Chinchwad - MPCB",18.5905,73.7795,14.7,24,23.6,84,17.3,261,4.746,0.752,3.7,3.1,active
2026-08-30T09:00,PUN_3409436,"Park Street Wakad, Pimpri Chinchwad - MPCB",18.5905,73.7795,14.2,23,25.4,73,19.5,266,5.404,0.378,4.6,2.6,active
2026-08-30T10:00,PUN_3409436,"Park Street Wakad, Pimpri Chinchwad - MPCB",18.5905,73.7795,13.8,23,26.5,69,21.0,264,5.801,0.61,5.5,2.0,active
2026-08-30T11:00,PUN_3409436,"Park Street Wakad, Pimpri Chinchwad - MPCB",18.5905,73.7795,14.5,24,27.1,65,19.1,268,5.302,0.185,5.6,1.5,active
2026-08-30T12:00,PUN_3409436,"Park Street Wakad, Pimpri Chinchwad - MPCB",18.5905,73.7795,16.6,27,27.3,65,22.9,271,6.36,-0.111,5.1,1.3,active
2026-08-30T13:00,PUN_3409436,"Park Street Wakad, Pimpri Chinchwad - MPCB",18.5905,73.7795,17.2,28,27.7,64,24.2,274,6.706,-0.469,4.5,1.3,active
2026-08-30T14:00,PUN_3409436,"Park Street Wakad, Pimpri Chinchwad - MPCB",18.5905,73.7795,18.7,31,27.9,62,23.0,271,6.388,-0.112,4.3,1.5,active
2026-08-30T15:00,PUN_3409436,"Park Street Wakad, Pimpri Chinchwad - MPCB",18.5905,73.7795,18.9,31,26.9,69,20.7,267,5.742,0.301,4.8,1.8,active
2026-08-30T16:00,PUN_3409436,"Park Street Wakad, Pimpri Chinchwad - MPCB",18.5905,73.7795,19.1,31,26.4,70,19.5,266,5.404,0.378,5.1,2.2,active
2026-08-30T17:00,PUN_3409436,"Park Street Wakad, Pimpri Chinchwad - MPCB",18.5905,73.7795,22.3,37,25.8,72,16.2,268,4.497,0.157,7.1,2.4,active
2026-08-30T18:00,PUN_3409436,"Park Street Wakad, Pimpri Chinchwad - MPCB",18.5905,73.7795,21.9,36,24.4,82,14.5,262,3.989,0.561,6.4,4.0,active
2026-08-30T19:00,PUN_3409436,"Park Street Wakad, Pimpri Chinchwad - MPCB",18.5905,73.7795,21.3,35,23.4,87,12.3,265,3.404,0.298,6.6,6.2,active
2026-08-30T20:00,PUN_3409436,"Park Street Wakad, Pimpri Chinchwad - MPCB",18.5905,73.7795,21.1,35,23.3,90,11.2,268,3.109,0.109,6.8,7.7,active
2026-08-30T21:00,PUN_3409436,"Park Street Wakad, Pimpri Chinchwad - MPCB",18.5905,73.7795,23.2,38,23.4,89,11.4,267,3.162,0.166,6.6,7.7,active
2026-08-30T22:00,PUN_3409436,"Park Street Wakad, Pimpri Chinchwad - MPCB",18.5905,73.7795,24.5,40,23.3,90,11.9,268,3.304,0.115,5.4,6.9,active
2026-08-30T23:00,PUN_3409436,"Park Street Wakad, Pimpri Chinchwad - MPCB",18.5905,73.7795,25.7,42,22.7,91,12.3,262,3.383,0.476,5.1,6.1,active
2026-08-31T00:00,PUN_3409436,"Park Street Wakad, Pimpri Chinchwad - MPCB",18.5905,73.7795,25.4,42,22.6,91,12.8,268,3.553,0.124,4.4,5.5,active
2026-08-31T01:00,PUN_3409436,"Park Street Wakad, Pimpri Chinchwad - MPCB",18.5905,73.7795,24.3,40,22.2,92,12.1,269,3.361,0.059,4.4,4.8,active
2026-08-31T02:00,PUN_3409436,"Park Street Wakad, Pimpri Chinchwad - MPCB",18.5905,73.7795,21.8,36,22.3,90,12.6,268,3.498,0.122,3.6,4.4,active
2026-08-31T03:00,PUN_3409436,"Park Street Wakad, Pimpri Chinchwad - MPCB",18.5905,73.7795,21.3,35,22.3,90,13.1,263,3.612,0.443,2.7,4.3,active
2026-08-31T04:00,PUN_3409436,"Park Street Wakad, Pimpri Chinchwad - MPCB",18.5905,73.7795,19.7,32,22.3,91,13.8,264,3.812,0.401,2.8,4.4,active
2026-08-31T05:00,PUN_3409436,"Park Street Wakad, Pimpri Chinchwad - MPCB",18.5905,73.7795,17.5,29,22.2,91,13.3,262,3.659,0.514,2.4,4.0,active
2026-08-31T06:00,PUN_3409436,"Park Street Wakad, Pimpri Chinchwad - MPCB",18.5905,73.7795,16.8,28,22.2,91,13.6,264,3.757,0.395,2.4,4.2,active
2026-08-31T07:00,PUN_3409436,"Park Street Wakad, Pimpri Chinchwad - MPCB",18.5905,73.7795,20.3,33,22.9,89,13.3,270,3.694,0.0,3.0,4.5,active
2026-08-31T08:00,PUN_3409436,"Park Street Wakad, Pimpri Chinchwad - MPCB",18.5905,73.7795,18.5,30,24.1,82,18.2,273,5.049,-0.265,2.8,4.5,active
2026-08-31T09:00,PUN_3409436,"Park Street Wakad, Pimpri Chinchwad - MPCB",18.5905,73.7795,18.7,31,25.1,78,18.2,273,5.049,-0.265,4.9,3.8,active
2026-08-31T10:00,PUN_3409436,"Park Street Wakad, Pimpri Chinchwad - MPCB",18.5905,73.7795,18.8,31,26.4,72,17.6,276,4.862,-0.511,5.3,2.7,active
2026-08-31T11:00,PUN_3409436,"Park Street Wakad, Pimpri Chinchwad - MPCB",18.5905,73.7795,22.1,36,27.4,65,17.7,273,4.91,-0.257,5.8,1.9,active
2026-08-31T12:00,PUN_3409436,"Park Street Wakad, Pimpri Chinchwad - MPCB",18.5905,73.7795,23.7,39,27.7,65,17.6,272,4.886,-0.171,5.7,1.5,active
2026-08-31T15:00,PUN_3409436,"Park Street Wakad, Pimpri Chinchwad - MPCB",18.5905,73.7795,27.3,45,27.3,67,17.9,279,4.911,-0.778,5.5,2.1,active
2026-08-31T17:00,PUN_3409436,"Park Street Wakad, Pimpri Chinchwad - MPCB",18.5905,73.7795,25.0,41,25.4,77,16.6,273,4.605,-0.241,7.0,3.7,active
2026-08-31T18:00,PUN_3409436,"Park Street Wakad, Pimpri Chinchwad - MPCB",18.5905,73.7795,25.1,41,23.9,84,13.0,272,3.609,-0.126,6.7,5.7,active
2026-08-31T19:00,PUN_3409436,"Park Street Wakad, Pimpri Chinchwad - MPCB",18.5905,73.7795,23.6,39,23.2,88,11.2,259,3.054,0.594,6.8,8.5,active
2026-08-31T20:00,PUN_3409436,"Park Street Wakad, Pimpri Chinchwad - MPCB",18.5905,73.7795,23.1,38,23.1,88,8.0,250,2.088,0.76,6.7,10.5,active
2026-08-31T21:00,PUN_3409436,"Park Street Wakad, Pimpri Chinchwad - MPCB",18.5905,73.7795,24.1,40,23.1,89,8.8,244,2.197,1.072,7.2,11.1,active
2026-08-31T22:00,PUN_3409436,"Park Street Wakad, Pimpri Chinchwad - MPCB",18.5905,73.7795,24.3,40,22.7,90,12.0,254,3.204,0.919,7.5,10.9,active
2026-08-31T23:00,PUN_3409436,"Park Street Wakad, Pimpri Chinchwad - MPCB",18.5905,73.7795,24.5,40,22.6,89,9.2,259,2.509,0.488,6.1,10.2,active
2026-09-01T00:00,PUN_3409436,"Park Street Wakad, Pimpri Chinchwad - MPCB",18.5905,73.7795,22.6,37,22.4,91,7.7,259,2.1,0.408,4.8,8.9,active
2026-09-01T01:00,PUN_3409436,"Park Street Wakad, Pimpri Chinchwad - MPCB",18.5905,73.7795,20.4,34,22.3,92,9.6,266,2.66,0.186,4.0,7.2,active
2026-09-01T02:00,PUN_3409436,"Park Street Wakad, Pimpri Chinchwad - MPCB",18.5905,73.7795,18.6,31,22.4,92,8.5,252,2.246,0.73,2.8,5.8,active
2026-09-01T03:00,PUN_3409436,"Park Street Wakad, Pimpri Chinchwad - MPCB",18.5905,73.7795,16.2,27,22.3,91,13.4,265,3.708,0.324,2.2,5.2,active
2026-09-01T04:00,PUN_3409436,"Park Street Wakad, Pimpri Chinchwad - MPCB",18.5905,73.7795,16.9,28,22.5,91,11.2,265,3.099,0.271,2.0,4.9,active
2026-09-01T05:00,PUN_3409436,"Park Street Wakad, Pimpri Chinchwad - MPCB",18.5905,73.7795,15.9,26,22.4,92,12.2,261,3.347,0.53,3.1,4.3,active
2026-09-01T06:00,PUN_3409436,"Park Street Wakad, Pimpri Chinchwad - MPCB",18.5905,73.7795,16.1,26,22.6,91,11.9,265,3.293,0.288,3.5,4.7,active
2026-09-01T07:00,PUN_3409436,"Park Street Wakad, Pimpri Chinchwad - MPCB",18.5905,73.7795,14.5,24,23.2,89,13.2,265,3.653,0.32,3.3,5.2,active
2026-09-01T08:00,PUN_3409436,"Park Street Wakad, Pimpri Chinchwad - MPCB",18.5905,73.7795,14.9,24,24.3,83,16.7,269,4.638,0.081,5.0,5.3,active
2026-09-01T09:00,PUN_3409436,"Park Street Wakad, Pimpri Chinchwad - MPCB",18.5905,73.7795,13.5,22,25.2,79,16.4,267,4.549,0.238,4.8,4.4,active
2026-09-01T10:00,PUN_3409436,"Park Street Wakad, Pimpri Chinchwad - MPCB",18.5905,73.7795,15.6,26,26.8,71,18.4,268,5.108,0.178,5.1,3.0,active
2026-09-01T11:00,PUN_3409436,"Park Street Wakad, Pimpri Chinchwad - MPCB",18.5905,73.7795,16.5,27,27.7,66,15.7,271,4.36,-0.076,5.2,2.0,active
2026-09-01T12:00,PUN_3409436,"Park Street Wakad, Pimpri Chinchwad - MPCB",18.5905,73.7795,16.0,26,28.3,63,16.6,272,4.608,-0.161,5.0,1.6,active
2026-09-01T13:00,PUN_3409436,"Park Street Wakad, Pimpri Chinchwad - MPCB",18.5905,73.7795,16.2,27,28.5,63,16.7,272,4.636,-0.162,5.1,1.5,active
2026-09-01T14:00,PUN_3409436,"Park Street Wakad, Pimpri Chinchwad - MPCB",18.5905,73.7795,16.9,28,28.2,63,18.2,269,5.055,0.088,5.6,1.7,active
2026-09-01T15:00,PUN_3409436,"Park Street Wakad, Pimpri Chinchwad - MPCB",18.5905,73.7795,18.1,30,27.6,68,20.6,266,5.708,0.399,5.1,2.2,active
2026-09-01T16:00,PUN_3409436,"Park Street Wakad, Pimpri Chinchwad - MPCB",18.5905,73.7795,19.8,33,25.8,78,19.5,279,5.35,-0.847,5.0,3.1,active
2026-09-01T17:00,PUN_3409436,"Park Street Wakad, Pimpri Chinchwad - MPCB",18.5905,73.7795,18.0,30,25.4,79,16.5,281,4.499,-0.875,5.7,3.9,active
2026-09-01T18:00,PUN_3409436,"Park Street Wakad, Pimpri Chinchwad - MPCB",18.5905,73.7795,19.2,32,24.1,85,12.4,269,3.444,0.06,5.4,6.1,active
2026-09-01T19:00,PUN_3409436,"Park Street Wakad, Pimpri Chinchwad - MPCB",18.5905,73.7795,20.5,34,23.6,87,10.6,255,2.844,0.762,6.4,9.2,active
2026-09-01T20:00,PUN_3409436,"Park Street Wakad, Pimpri Chinchwad - MPCB",18.5905,73.7795,19.9,33,23.4,89,9.0,269,2.5,0.044,6.8,11.3,active
2026-09-01T21:00,PUN_3409436,"Park Street Wakad, Pimpri Chinchwad - MPCB",18.5905,73.7795,18.2,30,23.3,90,8.4,263,2.316,0.284,6.8,11.4,active
2026-09-01T22:00,PUN_3409436,"Park Street Wakad, Pimpri Chinchwad - MPCB",18.5905,73.7795,19.5,32,23.3,90,7.6,258,2.065,0.439,7.2,10.6,active
2026-09-01T23:00,PUN_3409436,"Park Street Wakad, Pimpri Chinchwad - MPCB",18.5905,73.7795,22.3,37,23.0,89,9.0,255,2.415,0.647,6.9,9.8,active
2026-09-02T00:00,PUN_3409436,"Park Street Wakad, Pimpri Chinchwad - MPCB",18.5905,73.7795,22.3,37,22.5,91,6.3,257,1.705,0.394,6.4,9.4,active
2026-09-02T01:00,PUN_3409436,"Park Street Wakad, Pimpri Chinchwad - MPCB",18.5905,73.7795,21.9,36,22.4,91,8.1,253,2.152,0.658,6.1,9.1,active
2026-09-02T02:00,PUN_3409436,"Park Street Wakad, Pimpri Chinchwad - MPCB",18.5905,73.7795,22.5,37,22.1,92,7.8,261,2.14,0.339,6.0,8.6,active
2026-09-02T03:00,PUN_3409436,"Park Street Wakad, Pimpri Chinchwad - MPCB",18.5905,73.7795,21.5,35,22.2,92,6.7,261,1.838,0.291,5.5,7.9,active
2026-09-02T04:00,PUN_3409436,"Park Street Wakad, Pimpri Chinchwad - MPCB",18.5905,73.7795,19.9,33,22.4,91,6.9,256,1.86,0.464,5.2,7.0,active
2026-09-02T05:00,PUN_3409436,"Park Street Wakad, Pimpri Chinchwad - MPCB",18.5905,73.7795,20.2,33,22.5,92,8.7,257,2.355,0.544,3.7,5.9,active
2026-09-02T06:00,PUN_3409436,"Park Street Wakad, Pimpri Chinchwad - MPCB",18.5905,73.7795,19.4,32,22.4,92,7.3,261,2.003,0.317,3.3,5.8,active
2026-09-02T07:00,PUN_3409436,"Park Street Wakad, Pimpri Chinchwad - MPCB",18.5905,73.7795,19.4,32,23.2,88,9.5,255,2.549,0.683,2.5,5.6,active
2026-09-02T08:00,PUN_3409436,"Park Street Wakad, Pimpri Chinchwad - MPCB",18.5905,73.7795,19.7,32,24.7,80,13.9,250,3.628,1.321,3.2,5.1,active
2026-09-02T09:00,PUN_3409436,"Park Street Wakad, Pimpri Chinchwad - MPCB",18.5905,73.7795,19.7,32,25.9,75,14.6,254,3.898,1.118,3.2,4.2,active
2026-09-02T10:00,PUN_3409436,"Park Street Wakad, Pimpri Chinchwad - MPCB",18.5905,73.7795,20.3,33,27.0,71,15.1,262,4.154,0.584,2.9,3.0,active
2026-09-02T11:00,PUN_3409436,"Park Street Wakad, Pimpri Chinchwad - MPCB",18.5905,73.7795,17.6,29,27.5,69,16.3,259,4.445,0.864,2.4,2.1,active
2026-09-02T12:00,PUN_3409436,"Park Street Wakad, Pimpri Chinchwad - MPCB",18.5905,73.7795,17.2,28,27.8,67,17.0,263,4.687,0.575,2.4,1.8,active
2026-09-02T13:00,PUN_3409436,"Park Street Wakad, Pimpri Chinchwad - MPCB",18.5905,73.7795,20.2,33,26.2,72,20.6,264,5.691,0.598,3.2,1.7,active
2026-09-02T14:00,PUN_3409436,"Park Street Wakad, Pimpri Chinchwad - MPCB",18.5905,73.7795,57.6,96,26.6,71,19.8,273,5.493,-0.288,3.8,2.0,active
2026-09-02T17:00,PUN_3409436,"Park Street Wakad, Pimpri Chinchwad - MPCB",18.5905,73.7795,22.7,37,24.6,81,15.9,275,4.4,-0.385,3.2,4.7,active
2026-09-02T18:00,PUN_3409436,"Park Street Wakad, Pimpri Chinchwad - MPCB",18.5905,73.7795,26.6,44,24.1,84,13.7,268,3.803,0.133,4.2,6.6,active
2026-09-02T19:00,PUN_3409436,"Park Street Wakad, Pimpri Chinchwad - MPCB",18.5905,73.7795,22.8,38,23.2,88,12.5,264,3.453,0.363,5.4,9.2,active
2026-09-02T20:00,PUN_3409436,"Park Street Wakad, Pimpri Chinchwad - MPCB",18.5905,73.7795,17.2,28,23.1,89,9.1,260,2.489,0.439,4.9,11.1,active
2026-09-02T21:00,PUN_3409436,"Park Street Wakad, Pimpri Chinchwad - MPCB",18.5905,73.7795,17.4,29,22.9,90,8.5,264,2.348,0.247,5.4,11.5,active
2026-09-02T22:00,PUN_3409436,"Park Street Wakad, Pimpri Chinchwad - MPCB",18.5905,73.7795,18.6,31,22.7,91,7.4,270,2.056,0.0,6.0,11.2,active
2026-09-02T23:00,PUN_3409436,"Park Street Wakad, Pimpri Chinchwad - MPCB",18.5905,73.7795,17.3,28,22.4,92,7.4,256,1.995,0.497,6.0,10.5,active
2026-09-03T00:00,PUN_3409436,"Park Street Wakad, Pimpri Chinchwad - MPCB",18.5905,73.7795,14.2,23,22.2,92,6.6,253,1.753,0.536,5.1,9.2,active
2026-09-03T01:00,PUN_3409436,"Park Street Wakad, Pimpri Chinchwad - MPCB",18.5905,73.7795,11.3,18,22.0,93,6.1,251,1.602,0.552,4.5,7.6,active
2026-09-03T02:00,PUN_3409436,"Park Street Wakad, Pimpri Chinchwad - MPCB",18.5905,73.7795,22.6,37,22.0,93,6.0,243,1.485,0.757,4.2,6.4,active
2026-09-03T03:00,PUN_3409436,"Park Street Wakad, Pimpri Chinchwad - MPCB",18.5905,73.7795,20.5,34,22.1,92,6.2,248,1.597,0.645,3.0,6.1,active
2026-09-03T04:00,PUN_3409436,"Park Street Wakad, Pimpri Chinchwad - MPCB",18.5905,73.7795,16.7,27,22.2,92,7.8,247,1.994,0.847,2.6,6.2,active
2026-09-03T05:00,PUN_3409436,"Park Street Wakad, Pimpri Chinchwad - MPCB",18.5905,73.7795,20.9,34,22.1,91,6.9,261,1.893,0.3,1.7,5.7,active
2026-09-03T06:00,PUN_3409436,"Park Street Wakad, Pimpri Chinchwad - MPCB",18.5905,73.7795,16.4,27,22.1,91,7.1,260,1.942,0.342,1.7,5.6,active
2026-09-03T07:00,PUN_3409436,"Park Street Wakad, Pimpri Chinchwad - MPCB",18.5905,73.7795,10.0,16,22.9,87,7.8,261,2.14,0.339,2.2,5.5,active
2026-09-03T08:00,PUN_3409436,"Park Street Wakad, Pimpri Chinchwad - MPCB",18.5905,73.7795,13.2,22,24.2,80,13.4,256,3.612,0.9,3.3,5.1,active
2026-09-03T09:00,PUN_3409436,"Park Street Wakad, Pimpri Chinchwad - MPCB",18.5905,73.7795,19.3,32,25.5,75,14.9,257,4.033,0.931,3.8,4.3,active
2026-09-03T10:00,PUN_3409436,"Park Street Wakad, Pimpri Chinchwad - MPCB",18.5905,73.7795,18.1,30,26.3,72,16.8,261,4.609,0.73,4.1,3.2,active
2026-09-03T11:00,PUN_3409436,"Park Street Wakad, Pimpri Chinchwad - MPCB",18.5905,73.7795,15.4,25,27.4,67,17.5,265,4.843,0.424,4.3,2.4,active
2026-09-03T12:00,PUN_3409436,"Park Street Wakad, Pimpri Chinchwad - MPCB",18.5905,73.7795,23.3,38,27.9,65,16.0,267,4.438,0.233,4.4,2.0,active
2026-09-03T13:00,PUN_3409436,"Park Street Wakad, Pimpri Chinchwad - MPCB",18.5905,73.7795,25.0,41,28.4,62,19.6,271,5.444,-0.095,4.6,1.8,active
2026-09-03T14:00,PUN_3409436,"Park Street Wakad, Pimpri Chinchwad - MPCB",18.5905,73.7795,42.8,71,27.5,66,19.3,272,5.358,-0.187,4.6,1.9,active
2026-09-03T15:00,PUN_3409436,"Park Street Wakad, Pimpri Chinchwad - MPCB",18.5905,73.7795,40.0,66,27.0,70,18.1,275,5.009,-0.438,4.8,2.2,active
2026-09-03T16:00,PUN_3409436,"Park Street Wakad, Pimpri Chinchwad - MPCB",18.5905,73.7795,29.3,48,26.3,72,18.0,267,4.993,0.262,5.2,2.8,active
2026-09-03T17:00,PUN_3409436,"Park Street Wakad, Pimpri Chinchwad - MPCB",18.5905,73.7795,23.8,39,25.4,75,15.7,261,4.307,0.682,8.1,3.5,active
2026-09-03T18:00,PUN_3409436,"Park Street Wakad, Pimpri Chinchwad - MPCB",18.5905,73.7795,24.3,40,24.3,80,12.8,259,3.49,0.678,7.9,6.0,active
2026-09-03T19:00,PUN_3409436,"Park Street Wakad, Pimpri Chinchwad - MPCB",18.5905,73.7795,24.6,41,23.5,84,11.7,265,3.238,0.283,8.3,9.3,active
2026-09-03T20:00,PUN_3409436,"Park Street Wakad, Pimpri Chinchwad - MPCB",18.5905,73.7795,22.5,37,23.0,88,9.7,260,2.654,0.468,9.2,11.5,active
2026-09-03T21:00,PUN_3409436,"Park Street Wakad, Pimpri Chinchwad - MPCB",18.5905,73.7795,20.3,33,23.0,90,8.4,255,2.254,0.604,9.7,11.4,active
2026-09-03T22:00,PUN_3409436,"Park Street Wakad, Pimpri Chinchwad - MPCB",18.5905,73.7795,19.6,32,23.1,90,8.8,253,2.338,0.715,8.6,10.2,active
2026-09-03T23:00,PUN_3409436,"Park Street Wakad, Pimpri Chinchwad - MPCB",18.5905,73.7795,17.8,29,22.7,90,9.4,258,2.554,0.543,6.9,9.0,active
2026-09-04T00:00,PUN_3409436,"Park Street Wakad, Pimpri Chinchwad - MPCB",18.5905,73.7795,18.2,30,22.7,90,9.4,257,2.544,0.587,6.2,8.3,active
2026-08-21T01:00,PUN_3409437,"Thergaon, Pimpri Chinchwad - MPCB",18.6163,73.7658,8.0,13,22.7,92,10.1,254,2.697,0.773,6.8,10.3,active
2026-08-21T02:00,PUN_3409437,"Thergaon, Pimpri Chinchwad - MPCB",18.6163,73.7658,5.9,9,22.6,91,9.7,258,2.636,0.56,4.5,7.8,active
2026-08-21T03:00,PUN_3409437,"Thergaon, Pimpri Chinchwad - MPCB",18.6163,73.7658,5.6,9,22.3,92,8.1,257,2.192,0.506,3.7,7.0,active
2026-08-21T04:00,PUN_3409437,"Thergaon, Pimpri Chinchwad - MPCB",18.6163,73.7658,5.7,9,22.4,92,8.7,256,2.345,0.585,3.5,7.2,active
2026-08-21T05:00,PUN_3409437,"Thergaon, Pimpri Chinchwad - MPCB",18.6163,73.7658,4.2,7,22.3,91,10.6,256,2.857,0.712,4.4,6.7,active
2026-08-21T06:00,PUN_3409437,"Thergaon, Pimpri Chinchwad - MPCB",18.6163,73.7658,3.6,6,22.4,91,10.2,260,2.79,0.492,4.8,6.7,active
2026-08-21T07:00,PUN_3409437,"Thergaon, Pimpri Chinchwad - MPCB",18.6163,73.7658,3.5,5,22.9,90,9.7,272,2.693,-0.094,5.9,6.6,active
2026-08-21T08:00,PUN_3409437,"Thergaon, Pimpri Chinchwad - MPCB",18.6163,73.7658,4.6,7,23.8,85,13.0,264,3.591,0.377,7.5,6.3,active
2026-08-21T09:00,PUN_3409437,"Thergaon, Pimpri Chinchwad - MPCB",18.6163,73.7658,6.4,10,25.4,76,14.4,270,4.0,0.0,9.2,5.5,active
2026-08-21T10:00,PUN_3409437,"Thergaon, Pimpri Chinchwad - MPCB",18.6163,73.7658,12.0,20,26.4,72,17.5,268,4.858,0.17,12.0,4.4,active
2026-08-21T11:00,PUN_3409437,"Thergaon, Pimpri Chinchwad - MPCB",18.6163,73.7658,22.6,37,27.2,68,15.9,265,4.4,0.385,13.4,3.5,active
2026-08-21T12:00,PUN_3409437,"Thergaon, Pimpri Chinchwad - MPCB",18.6163,73.7658,32.1,53,28.1,63,16.1,263,4.439,0.545,13.6,2.9,active
2026-08-21T13:00,PUN_3409437,"Thergaon, Pimpri Chinchwad - MPCB",18.6163,73.7658,39.9,66,27.5,66,19.5,267,5.409,0.283,12.7,2.4,active
2026-08-21T14:00,PUN_3409437,"Thergaon, Pimpri Chinchwad - MPCB",18.6163,73.7658,44.4,74,26.7,69,19.3,271,5.36,-0.094,9.8,2.6,active
2026-08-21T15:00,PUN_3409437,"Thergaon, Pimpri Chinchwad - MPCB",18.6163,73.7658,55.1,91,26.4,73,19.9,260,5.444,0.96,8.9,3.4,active
2026-08-21T16:00,PUN_3409437,"Thergaon, Pimpri Chinchwad - MPCB",18.6163,73.7658,47.1,78,25.9,76,20.5,267,5.687,0.298,8.5,4.8,active
2026-08-21T17:00,PUN_3409437,"Thergaon, Pimpri Chinchwad - MPCB",18.6163,73.7658,38.6,64,25.3,77,17.2,260,4.705,0.83,13.2,4.7,active
2026-08-21T18:00,PUN_3409437,"Thergaon, Pimpri Chinchwad - MPCB",18.6163,73.7658,31.7,52,23.9,84,14.3,264,3.95,0.415,12.6,7.8,active
2026-08-21T19:00,PUN_3409437,"Thergaon, Pimpri Chinchwad - MPCB",18.6163,73.7658,25.0,41,23.2,88,12.0,256,3.234,0.806,12.0,12.1,active
2026-08-21T20:00,PUN_3409437,"Thergaon, Pimpri Chinchwad - MPCB",18.6163,73.7658,19.0,31,23.0,89,11.9,255,3.193,0.856,12.4,15.2,active
2026-08-21T21:00,PUN_3409437,"Thergaon, Pimpri Chinchwad - MPCB",18.6163,73.7658,16.0,26,23.1,89,10.1,259,2.754,0.535,10.2,16.0,active
2026-08-21T22:00,PUN_3409437,"Thergaon, Pimpri Chinchwad - MPCB",18.6163,73.7658,13.0,21,22.9,90,10.1,253,2.683,0.82,8.4,15.6,active
2026-08-21T23:00,PUN_3409437,"Thergaon, Pimpri Chinchwad - MPCB",18.6163,73.7658,11.5,19,22.5,90,9.1,256,2.453,0.612,8.7,14.4,active
2026-08-22T00:00,PUN_3409437,"Thergaon, Pimpri Chinchwad - MPCB",18.6163,73.7658,11.3,18,22.3,91,9.5,260,2.599,0.458,8.2,12.0,active
2026-08-22T01:00,PUN_3409437,"Thergaon, Pimpri Chinchwad - MPCB",18.6163,73.7658,9.9,16,22.3,91,9.1,260,2.489,0.439,7.6,8.9,active
2026-08-22T02:00,PUN_3409437,"Thergaon, Pimpri Chinchwad - MPCB",18.6163,73.7658,8.3,13,22.2,91,9.1,260,2.489,0.439,6.2,6.5,active
2026-08-22T03:00,PUN_3409437,"Thergaon, Pimpri Chinchwad - MPCB",18.6163,73.7658,6.6,11,22.2,91,9.4,252,2.483,0.807,4.7,5.6,active
2026-08-22T04:00,PUN_3409437,"Thergaon, Pimpri Chinchwad - MPCB",18.6163,73.7658,5.5,9,22.3,91,9.3,255,2.495,0.669,3.2,5.5,active
2026-08-22T05:00,PUN_3409437,"Thergaon, Pimpri Chinchwad - MPCB",18.6163,73.7658,4.8,8,22.9,89,11.8,257,3.194,0.737,4.1,7.0,active
2026-08-22T06:00,PUN_3409437,"Thergaon, Pimpri Chinchwad - MPCB",18.6163,73.7658,3.9,6,22.9,89,10.2,262,2.806,0.394,4.9,6.8,active
2026-08-22T07:00,PUN_3409437,"Thergaon, Pimpri Chinchwad - MPCB",18.6163,73.7658,3.5,5,23.1,89,10.0,261,2.744,0.435,5.2,6.5,active
2026-08-22T08:00,PUN_3409437,"Thergaon, Pimpri Chinchwad - MPCB",18.6163,73.7658,3.4,5,24.2,83,14.2,258,3.858,0.82,5.5,6.0,active
2026-08-22T09:00,PUN_3409437,"Thergaon, Pimpri Chinchwad - MPCB",18.6163,73.7658,3.5,5,24.9,80,15.7,260,4.295,0.757,5.7,5.0,active
2026-08-22T10:00,PUN_3409437,"Thergaon, Pimpri Chinchwad - MPCB",18.6163,73.7658,3.5,5,25.2,78,17.8,264,4.917,0.517,7.1,3.7,active
2026-08-22T11:00,PUN_3409437,"Thergaon, Pimpri Chinchwad - MPCB",18.6163,73.7658,3.2,5,25.8,78,20.3,271,5.638,-0.098,7.9,2.9,active
2026-08-22T12:00,PUN_3409437,"Thergaon, Pimpri Chinchwad - MPCB",18.6163,73.7658,4.1,6,27.2,68,19.2,276,5.304,-0.557,8.0,2.7,active
2026-08-22T13:00,PUN_3409437,"Thergaon, Pimpri Chinchwad - MPCB",18.6163,73.7658,7.5,12,26.2,74,18.3,280,5.006,-0.883,7.8,2.9,active
2026-08-22T14:00,PUN_3409437,"Thergaon, Pimpri Chinchwad - MPCB",18.6163,73.7658,8.7,14,25.9,72,16.9,287,4.489,-1.373,9.5,3.4,active
2026-08-22T15:00,PUN_3409437,"Thergaon, Pimpri Chinchwad - MPCB",18.6163,73.7658,7.8,13,25.8,75,17.5,275,4.843,-0.424,8.9,4.2,active
2026-08-22T16:00,PUN_3409437,"Thergaon, Pimpri Chinchwad - MPCB",18.6163,73.7658,6.9,11,24.6,81,17.0,274,4.711,-0.329,9.4,5.3,active
2026-08-22T17:00,PUN_3409437,"Thergaon, Pimpri Chinchwad - MPCB",18.6163,73.7658,5.5,9,24.6,84,15.7,276,4.337,-0.456,12.1,7.6,active
2026-08-22T18:00,PUN_3409437,"Thergaon, Pimpri Chinchwad - MPCB",18.6163,73.7658,6.4,10,23.7,89,10.9,264,3.011,0.316,12.9,11.0,active
2026-08-22T19:00,PUN_3409437,"Thergaon, Pimpri Chinchwad - MPCB",18.6163,73.7658,6.3,10,23.4,89,13.1,257,3.546,0.819,13.6,15.7,active
2026-08-22T20:00,PUN_3409437,"Thergaon, Pimpri Chinchwad - MPCB",18.6163,73.7658,5.1,8,23.0,90,11.3,262,3.108,0.437,13.5,18.7,active
2026-08-22T21:00,PUN_3409437,"Thergaon, Pimpri Chinchwad - MPCB",18.6163,73.7658,4.8,8,23.0,91,10.2,246,2.588,1.152,11.0,18.7,active
2026-08-22T22:00,PUN_3409437,"Thergaon, Pimpri Chinchwad - MPCB",18.6163,73.7658,4.9,8,22.9,91,10.4,252,2.748,0.893,9.5,17.1,active
2026-08-22T23:00,PUN_3409437,"Thergaon, Pimpri Chinchwad - MPCB",18.6163,73.7658,5.5,9,23.3,92,9.7,246,2.462,1.096,7.1,15.2,active
2026-08-23T00:00,PUN_3409437,"Thergaon, Pimpri Chinchwad - MPCB",18.6163,73.7658,5.8,9,23.2,92,11.6,233,2.573,1.939,5.9,13.1,active
2026-08-23T01:00,PUN_3409437,"Thergaon, Pimpri Chinchwad - MPCB",18.6163,73.7658,5.3,8,22.8,91,9.6,249,2.49,0.956,5.0,10.6,active
2026-08-23T02:00,PUN_3409437,"Thergaon, Pimpri Chinchwad - MPCB",18.6163,73.7658,5.4,9,22.7,92,8.5,257,2.301,0.531,4.6,8.7,active
2026-08-23T04:00,PUN_3409437,"Thergaon, Pimpri Chinchwad - MPCB",18.6163,73.7658,3.6,6,22.3,91,9.6,262,2.641,0.371,3.1,7.3,active
2026-08-23T05:00,PUN_3409437,"Thergaon, Pimpri Chinchwad - MPCB",18.6163,73.7658,3.6,6,22.7,92,8.6,258,2.337,0.497,3.7,6.9,active
2026-08-23T06:00,PUN_3409437,"Thergaon, Pimpri Chinchwad - MPCB",18.6163,73.7658,3.8,6,22.8,91,9.0,260,2.462,0.434,3.6,6.8,active
2026-08-23T07:00,PUN_3409437,"Thergaon, Pimpri Chinchwad - MPCB",18.6163,73.7658,3.4,5,23.3,89,7.7,258,2.092,0.445,4.6,6.6,active
2026-08-23T08:00,PUN_3409437,"Thergaon, Pimpri Chinchwad - MPCB",18.6163,73.7658,3.5,5,24.5,83,13.6,258,3.695,0.785,5.9,6.1,active
2026-08-23T09:00,PUN_3409437,"Thergaon, Pimpri Chinchwad - MPCB",18.6163,73.7658,5.3,8,25.6,77,15.5,261,4.253,0.674,6.8,5.0,active
2026-08-23T10:00,PUN_3409437,"Thergaon, Pimpri Chinchwad - MPCB",18.6163,73.7658,5.5,9,26.4,74,16.9,262,4.649,0.653,10.4,3.6,active
2026-08-23T11:00,PUN_3409437,"Thergaon, Pimpri Chinchwad - MPCB",18.6163,73.7658,5.0,8,26.7,73,19.0,263,5.238,0.643,11.9,2.5,active
2026-08-23T12:00,PUN_3409437,"Thergaon, Pimpri Chinchwad - MPCB",18.6163,73.7658,8.9,14,27.2,72,18.6,268,5.164,0.18,12.6,1.9,active
2026-08-23T13:00,PUN_3409437,"Thergaon, Pimpri Chinchwad - MPCB",18.6163,73.7658,18.5,30,27.3,73,19.1,265,5.285,0.462,12.7,1.7,active
2026-08-23T14:00,PUN_3409437,"Thergaon, Pimpri Chinchwad - MPCB",18.6163,73.7658,23.1,38,27.1,72,20.2,268,5.608,0.196,11.6,1.9,active
2026-08-23T15:00,PUN_3409437,"Thergaon, Pimpri Chinchwad - MPCB",18.6163,73.7658,23.3,38,26.7,74,20.4,273,5.659,-0.297,10.0,2.5,active
2026-08-23T16:00,PUN_3409437,"Thergaon, Pimpri Chinchwad - MPCB",18.6163,73.7658,21.6,36,26.2,75,19.8,269,5.499,0.096,8.8,3.6,active
2026-08-23T17:00,PUN_3409437,"Thergaon, Pimpri Chinchwad - MPCB",18.6163,73.7658,17.9,29,25.5,79,16.8,266,4.655,0.326,10.6,4.5,active
2026-08-23T18:00,PUN_3409437,"Thergaon, Pimpri Chinchwad - MPCB",18.6163,73.7658,16.2,27,24.4,84,14.3,266,3.963,0.277,10.4,7.0,active
2026-08-23T19:00,PUN_3409437,"Thergaon, Pimpri Chinchwad - MPCB",18.6163,73.7658,17.7,29,23.7,89,12.0,261,3.292,0.521,11.5,10.4,active
2026-08-23T20:00,PUN_3409437,"Thergaon, Pimpri Chinchwad - MPCB",18.6163,73.7658,17.8,29,23.3,89,11.8,263,3.253,0.399,11.4,12.7,active
2026-08-23T21:00,PUN_3409437,"Thergaon, Pimpri Chinchwad - MPCB",18.6163,73.7658,14.8,24,23.2,90,11.2,266,3.104,0.217,11.4,13.1,active
2026-08-23T22:00,PUN_3409437,"Thergaon, Pimpri Chinchwad - MPCB",18.6163,73.7658,10.3,17,23.2,90,10.1,267,2.802,0.147,11.3,12.5,active
2026-08-23T23:00,PUN_3409437,"Thergaon, Pimpri Chinchwad - MPCB",18.6163,73.7658,8.8,14,23.4,89,9.9,261,2.716,0.43,10.5,11.5,active
2026-08-24T00:00,PUN_3409437,"Thergaon, Pimpri Chinchwad - MPCB",18.6163,73.7658,6.9,11,23.1,91,9.6,266,2.66,0.186,9.2,10.2,active
2026-08-24T01:00,PUN_3409437,"Thergaon, Pimpri Chinchwad - MPCB",18.6163,73.7658,6.8,11,23.0,92,9.0,269,2.5,0.044,7.2,8.5,active
2026-08-24T02:00,PUN_3409437,"Thergaon, Pimpri Chinchwad - MPCB",18.6163,73.7658,5.0,8,23.0,91,9.0,268,2.498,0.087,5.4,7.4,active
2026-08-24T03:00,PUN_3409437,"Thergaon, Pimpri Chinchwad - MPCB",18.6163,73.7658,4.9,8,22.6,93,7.2,271,2.0,-0.035,6.2,7.2,active
2026-08-24T04:00,PUN_3409437,"Thergaon, Pimpri Chinchwad - MPCB",18.6163,73.7658,4.7,7,22.8,92,6.9,264,1.906,0.2,6.2,7.5,active
2026-08-24T05:00,PUN_3409437,"Thergaon, Pimpri Chinchwad - MPCB",18.6163,73.7658,4.0,6,23.5,91,10.1,270,2.806,0.0,5.9,6.5,active
2026-08-24T06:00,PUN_3409437,"Thergaon, Pimpri Chinchwad - MPCB",18.6163,73.7658,3.5,5,23.1,92,10.1,271,2.805,-0.049,7.6,6.9,active
2026-08-24T07:00,PUN_3409437,"Thergaon, Pimpri Chinchwad - MPCB",18.6163,73.7658,3.0,5,23.3,91,9.2,272,2.554,-0.089,7.9,7.4,active
2026-08-24T08:00,PUN_3409437,"Thergaon, Pimpri Chinchwad - MPCB",18.6163,73.7658,3.3,5,24.7,83,14.4,272,3.998,-0.14,9.5,7.4,active
2026-08-24T09:00,PUN_3409437,"Thergaon, Pimpri Chinchwad - MPCB",18.6163,73.7658,4.0,6,26.0,76,13.2,274,3.658,-0.256,10.2,6.3,active
2026-08-24T10:00,PUN_3409437,"Thergaon, Pimpri Chinchwad - MPCB",18.6163,73.7658,6.1,10,27.0,72,15.6,276,4.31,-0.453,12.5,4.6,active
2026-08-24T11:00,PUN_3409437,"Thergaon, Pimpri Chinchwad - MPCB",18.6163,73.7658,11.2,18,27.4,71,17.8,269,4.944,0.086,14.4,3.3,active
2026-08-24T12:00,PUN_3409437,"Thergaon, Pimpri Chinchwad - MPCB",18.6163,73.7658,14.9,24,27.6,70,16.9,270,4.694,0.0,15.0,2.7,active
2026-08-24T13:00,PUN_3409437,"Thergaon, Pimpri Chinchwad - MPCB",18.6163,73.7658,17.6,29,28.0,68,19.5,280,5.334,-0.941,14.6,2.6,active
2026-08-24T14:00,PUN_3409437,"Thergaon, Pimpri Chinchwad - MPCB",18.6163,73.7658,23.3,38,27.0,72,20.2,266,5.597,0.391,14.1,2.9,active
2026-08-24T15:00,PUN_3409437,"Thergaon, Pimpri Chinchwad - MPCB",18.6163,73.7658,26.6,44,27.2,72,18.3,276,5.056,-0.531,13.6,3.7,active
2026-08-24T16:00,PUN_3409437,"Thergaon, Pimpri Chinchwad - MPCB",18.6163,73.7658,27.3,45,26.4,77,19.8,273,5.493,-0.288,14.5,5.0,active
2026-08-24T17:00,PUN_3409437,"Thergaon, Pimpri Chinchwad - MPCB",18.6163,73.7658,27.7,46,25.7,79,17.2,263,4.742,0.582,15.7,7.4,active
2026-08-24T18:00,PUN_3409437,"Thergaon, Pimpri Chinchwad - MPCB",18.6163,73.7658,27.8,46,24.4,84,13.4,265,3.708,0.324,16.3,10.7,active
2026-08-24T19:00,PUN_3409437,"Thergaon, Pimpri Chinchwad - MPCB",18.6163,73.7658,24.9,41,23.6,87,14.3,264,3.95,0.415,16.3,15.2,active
2026-08-24T20:00,PUN_3409437,"Thergaon, Pimpri Chinchwad - MPCB",18.6163,73.7658,17.0,28,23.4,89,13.3,261,3.649,0.578,15.0,17.8,active
2026-08-24T21:00,PUN_3409437,"Thergaon, Pimpri Chinchwad - MPCB",18.6163,73.7658,11.8,19,23.5,89,13.3,267,3.689,0.193,13.6,16.9,active
2026-08-24T22:00,PUN_3409437,"Thergaon, Pimpri Chinchwad - MPCB",18.6163,73.7658,7.5,12,23.4,90,13.0,264,3.591,0.377,11.6,14.2,active
2026-08-24T23:00,PUN_3409437,"Thergaon, Pimpri Chinchwad - MPCB",18.6163,73.7658,5.6,9,23.3,89,11.9,260,3.255,0.574,8.8,11.7,active
2026-08-25T00:00,PUN_3409437,"Thergaon, Pimpri Chinchwad - MPCB",18.6163,73.7658,4.2,7,22.9,91,12.4,262,3.411,0.479,9.3,10.0,active
2026-08-25T01:00,PUN_3409437,"Thergaon, Pimpri Chinchwad - MPCB",18.6163,73.7658,3.3,5,22.8,92,12.3,259,3.354,0.652,8.1,8.4,active
2026-08-25T02:00,PUN_3409437,"Thergaon, Pimpri Chinchwad - MPCB",18.6163,73.7658,2.6,4,22.9,91,13.7,265,3.791,0.332,7.8,7.4,active
2026-08-25T03:00,PUN_3409437,"Thergaon, Pimpri Chinchwad - MPCB",18.6163,73.7658,2.6,4,22.6,92,12.6,266,3.492,0.244,6.8,7.1,active
2026-08-25T04:00,PUN_3409437,"Thergaon, Pimpri Chinchwad - MPCB",18.6163,73.7658,2.9,4,22.7,91,12.5,275,3.459,-0.303,6.3,7.3,active
2026-08-25T05:00,PUN_3409437,"Thergaon, Pimpri Chinchwad - MPCB",18.6163,73.7658,3.4,5,22.6,91,11.2,268,3.109,0.109,6.1,8.8,active
2026-08-25T06:00,PUN_3409437,"Thergaon, Pimpri Chinchwad - MPCB",18.6163,73.7658,3.9,6,22.7,91,9.0,265,2.491,0.218,6.4,9.2,active
2026-08-25T07:00,PUN_3409437,"Thergaon, Pimpri Chinchwad - MPCB",18.6163,73.7658,3.5,5,23.3,89,9.8,263,2.702,0.332,8.3,9.7,active
2026-08-25T08:00,PUN_3409437,"Thergaon, Pimpri Chinchwad - MPCB",18.6163,73.7658,2.8,4,24.2,84,13.3,270,3.694,0.0,10.8,9.4,active
2026-08-25T09:00,PUN_3409437,"Thergaon, Pimpri Chinchwad - MPCB",18.6163,73.7658,2.8,4,25.3,79,14.0,271,3.888,-0.068,10.8,7.7,active
2026-08-25T10:00,PUN_3409437,"Thergaon, Pimpri Chinchwad - MPCB",18.6163,73.7658,3.9,6,26.6,73,15.4,275,4.262,-0.373,11.6,5.2,active
2026-08-25T11:00,PUN_3409437,"Thergaon, Pimpri Chinchwad - MPCB",18.6163,73.7658,4.4,7,26.4,74,16.2,269,4.499,0.079,13.0,3.3,active
2026-08-25T12:00,PUN_3409437,"Thergaon, Pimpri Chinchwad - MPCB",18.6163,73.7658,4.1,6,27.3,70,15.3,268,4.247,0.148,16.2,2.5,active
2026-08-25T13:00,PUN_3409437,"Thergaon, Pimpri Chinchwad - MPCB",18.6163,73.7658,4.0,6,28.2,65,17.6,271,4.888,-0.085,18.0,2.4,active
2026-08-25T14:00,PUN_3409437,"Thergaon, Pimpri Chinchwad - MPCB",18.6163,73.7658,8.2,13,27.8,67,19.8,269,5.499,0.096,19.3,2.6,active
2026-08-25T15:00,PUN_3409437,"Thergaon, Pimpri Chinchwad - MPCB",18.6163,73.7658,29.1,48,27.0,70,18.7,272,5.191,-0.181,19.1,3.0,active
2026-08-25T16:00,PUN_3409437,"Thergaon, Pimpri Chinchwad - MPCB",18.6163,73.7658,41.9,69,26.4,72,18.2,271,5.055,-0.088,17.4,3.8,active
2026-08-25T17:00,PUN_3409437,"Thergaon, Pimpri Chinchwad - MPCB",18.6163,73.7658,38.8,64,25.8,77,17.0,264,4.696,0.494,22.6,6.9,active
2026-08-25T18:00,PUN_3409437,"Thergaon, Pimpri Chinchwad - MPCB",18.6163,73.7658,27.2,45,24.4,82,14.6,261,4.006,0.634,21.1,10.2,active
2026-08-25T19:00,PUN_3409437,"Thergaon, Pimpri Chinchwad - MPCB",18.6163,73.7658,10.5,17,23.7,86,14.9,262,4.099,0.576,21.1,14.7,active
2026-08-25T20:00,PUN_3409437,"Thergaon, Pimpri Chinchwad - MPCB",18.6163,73.7658,6.9,11,23.4,88,13.9,260,3.802,0.67,21.6,18.1,active
2026-08-25T21:00,PUN_3409437,"Thergaon, Pimpri Chinchwad - MPCB",18.6163,73.7658,8.1,13,23.4,89,12.3,266,3.408,0.238,20.7,19.5,active
2026-08-25T22:00,PUN_3409437,"Thergaon, Pimpri Chinchwad - MPCB",18.6163,73.7658,7.2,12,23.4,90,11.5,262,3.163,0.445,19.2,19.7,active
2026-08-25T23:00,PUN_3409437,"Thergaon, Pimpri Chinchwad - MPCB",18.6163,73.7658,4.2,7,23.2,90,10.9,262,2.998,0.421,17.2,18.7,active
2026-08-26T00:00,PUN_3409437,"Thergaon, Pimpri Chinchwad - MPCB",18.6163,73.7658,2.3,3,23.0,90,14.1,265,3.902,0.341,13.1,15.9,active
2026-08-26T01:00,PUN_3409437,"Thergaon, Pimpri Chinchwad - MPCB",18.6163,73.7658,2.4,4,22.8,91,13.0,269,3.611,0.063,12.9,12.0,active
2026-08-26T02:00,PUN_3409437,"Thergaon, Pimpri Chinchwad - MPCB",18.6163,73.7658,4.6,7,22.6,92,13.3,267,3.689,0.193,10.2,9.0,active
2026-08-26T03:00,PUN_3409437,"Thergaon, Pimpri Chinchwad - MPCB",18.6163,73.7658,5.6,9,22.5,91,12.8,265,3.542,0.31,9.7,7.9,active
2026-08-26T04:00,PUN_3409437,"Thergaon, Pimpri Chinchwad - MPCB",18.6163,73.7658,11.0,18,22.5,91,13.4,263,3.695,0.454,8.4,7.8,active
2026-08-26T05:00,PUN_3409437,"Thergaon, Pimpri Chinchwad - MPCB",18.6163,73.7658,14.3,23,23.0,91,12.4,268,3.442,0.12,5.5,8.0,active
2026-08-26T06:00,PUN_3409437,"Thergaon, Pimpri Chinchwad - MPCB",18.6163,73.7658,11.6,19,22.7,92,11.5,280,3.146,-0.555,5.4,8.6,active
2026-08-26T07:00,PUN_3409437,"Thergaon, Pimpri Chinchwad - MPCB",18.6163,73.7658,10.9,18,23.1,91,12.7,281,3.463,-0.673,6.9,9.5,active
2026-08-26T08:00,PUN_3409437,"Thergaon, Pimpri Chinchwad - MPCB",18.6163,73.7658,12.0,20,24.2,84,14.2,279,3.896,-0.617,8.4,9.5,active
2026-08-26T09:00,PUN_3409437,"Thergaon, Pimpri Chinchwad - MPCB",18.6163,73.7658,10.8,18,25.6,76,16.2,280,4.432,-0.781,12.5,8.1,active
2026-08-26T10:00,PUN_3409437,"Thergaon, Pimpri Chinchwad - MPCB",18.6163,73.7658,10.8,18,26.4,74,19.3,275,5.341,-0.467,15.7,5.9,active
2026-08-26T11:00,PUN_3409437,"Thergaon, Pimpri Chinchwad - MPCB",18.6163,73.7658,19.0,31,27.5,69,18.0,279,4.938,-0.782,19.0,4.1,active
2026-08-26T12:00,PUN_3409437,"Thergaon, Pimpri Chinchwad - MPCB",18.6163,73.7658,33.5,55,28.1,66,16.8,272,4.664,-0.163,20.8,3.2,active
2026-08-26T13:00,PUN_3409437,"Thergaon, Pimpri Chinchwad - MPCB",18.6163,73.7658,45.6,76,28.2,66,18.2,275,5.036,-0.441,21.4,2.8,active
2026-08-26T14:00,PUN_3409437,"Thergaon, Pimpri Chinchwad - MPCB",18.6163,73.7658,50.1,83,27.8,68,18.4,272,5.108,-0.178,20.7,2.8,active
2026-08-26T16:00,PUN_3409437,"Thergaon, Pimpri Chinchwad - MPCB",18.6163,73.7658,54.9,91,26.5,74,18.8,274,5.21,-0.364,16.8,4.1,active
2026-08-26T17:00,PUN_3409437,"Thergaon, Pimpri Chinchwad - MPCB",18.6163,73.7658,55.0,91,26.0,76,16.4,270,4.556,0.0,19.5,6.5,active
2026-08-26T18:00,PUN_3409437,"Thergaon, Pimpri Chinchwad - MPCB",18.6163,73.7658,52.5,87,24.7,82,14.5,265,4.012,0.351,18.1,10.8,active
2026-08-26T19:00,PUN_3409437,"Thergaon, Pimpri Chinchwad - MPCB",18.6163,73.7658,48.7,81,23.7,89,12.8,260,3.502,0.617,17.5,16.7,active
2026-08-26T20:00,PUN_3409437,"Thergaon, Pimpri Chinchwad - MPCB",18.6163,73.7658,40.7,67,23.5,89,12.8,259,3.49,0.678,17.5,20.6,active
2026-08-26T21:00,PUN_3409437,"Thergaon, Pimpri Chinchwad - MPCB",18.6163,73.7658,31.9,53,23.3,90,11.7,261,3.21,0.508,14.6,20.7,active
2026-08-26T22:00,PUN_3409437,"Thergaon, Pimpri Chinchwad - MPCB",18.6163,73.7658,26.3,43,23.2,91,9.7,260,2.654,0.468,13.9,18.8,active
2026-08-26T23:00,PUN_3409437,"Thergaon, Pimpri Chinchwad - MPCB",18.6163,73.7658,21.1,35,23.1,90,11.0,255,2.951,0.791,11.2,16.5,active
2026-08-27T00:00,PUN_3409437,"Thergaon, Pimpri Chinchwad - MPCB",18.6163,73.7658,17.2,28,22.9,92,10.4,259,2.836,0.551,7.5,13.9,active
2026-08-27T01:00,PUN_3409437,"Thergaon, Pimpri Chinchwad - MPCB",18.6163,73.7658,16.2,27,23.1,91,11.8,259,3.218,0.625,5.6,11.0,active
2026-08-27T02:00,PUN_3409437,"Thergaon, Pimpri Chinchwad - MPCB",18.6163,73.7658,15.2,25,22.9,92,11.7,260,3.201,0.564,5.9,8.7,active
2026-08-27T03:00,PUN_3409437,"Thergaon, Pimpri Chinchwad - MPCB",18.6163,73.7658,12.5,20,22.8,91,12.2,261,3.347,0.53,7.0,7.6,active
2026-08-27T04:00,PUN_3409437,"Thergaon, Pimpri Chinchwad - MPCB",18.6163,73.7658,11.6,19,22.7,92,11.8,263,3.253,0.399,5.0,7.1,active
2026-08-27T05:00,PUN_3409437,"Thergaon, Pimpri Chinchwad - MPCB",18.6163,73.7658,13.4,22,22.8,92,11.8,262,3.246,0.456,3.4,6.2,active
2026-08-27T06:00,PUN_3409437,"Thergaon, Pimpri Chinchwad - MPCB",18.6163,73.7658,17.3,28,23.1,90,12.8,256,3.45,0.86,5.4,6.4,active
2026-08-27T07:00,PUN_3409437,"Thergaon, Pimpri Chinchwad - MPCB",18.6163,73.7658,16.9,28,23.2,89,11.3,263,3.116,0.383,6.9,6.6,active
2026-08-27T08:00,PUN_3409437,"Thergaon, Pimpri Chinchwad - MPCB",18.6163,73.7658,21.8,36,23.9,86,16.3,263,4.494,0.552,8.6,6.4,active
2026-08-27T09:00,PUN_3409437,"Thergaon, Pimpri Chinchwad - MPCB",18.6163,73.7658,45.8,76,25.1,79,19.1,267,5.298,0.278,10.3,5.3,active
2026-08-27T10:00,PUN_3409437,"Thergaon, Pimpri Chinchwad - MPCB",18.6163,73.7658,47.0,78,26.3,70,17.1,267,4.744,0.249,10.4,3.8,active
2026-08-27T11:00,PUN_3409437,"Thergaon, Pimpri Chinchwad - MPCB",18.6163,73.7658,49.6,82,27.0,67,19.4,263,5.349,0.657,11.3,2.7,active
2026-08-27T12:00,PUN_3409437,"Thergaon, Pimpri Chinchwad - MPCB",18.6163,73.7658,71.4,138,27.4,66,18.4,274,5.099,-0.357,11.2,2.4,active
2026-08-27T13:00,PUN_3409437,"Thergaon, Pimpri Chinchwad - MPCB",18.6163,73.7658,62.4,108,26.7,69,21.3,268,5.913,0.206,11.2,2.5,active
2026-08-27T14:00,PUN_3409437,"Thergaon, Pimpri Chinchwad - MPCB",18.6163,73.7658,61.8,105,26.4,71,20.3,271,5.638,-0.098,13.0,2.9,active
2026-08-27T15:00,PUN_3409437,"Thergaon, Pimpri Chinchwad - MPCB",18.6163,73.7658,63.3,110,26.4,72,18.6,267,5.16,0.27,12.0,3.3,active
2026-08-31T11:00,PUN_3409437,"Thergaon, Pimpri Chinchwad - MPCB",18.6163,73.7658,14.0,23,27.4,65,17.7,273,4.91,-0.257,12.6,3.8,active
2026-08-31T12:00,PUN_3409437,"Thergaon, Pimpri Chinchwad - MPCB",18.6163,73.7658,5.9,9,27.7,65,17.6,272,4.886,-0.171,10.9,3.0,active
2026-08-31T13:00,PUN_3409437,"Thergaon, Pimpri Chinchwad - MPCB",18.6163,73.7658,4.2,7,28.0,62,19.1,279,5.24,-0.83,9.1,2.4,active
2026-08-31T14:00,PUN_3409437,"Thergaon, Pimpri Chinchwad - MPCB",18.6163,73.7658,3.3,5,27.2,68,19.2,277,5.294,-0.65,8.7,2.4,active
2026-08-31T15:00,PUN_3409437,"Thergaon, Pimpri Chinchwad - MPCB",18.6163,73.7658,6.9,11,27.3,67,17.9,279,4.911,-0.778,8.8,3.1,active
2026-08-31T16:00,PUN_3409437,"Thergaon, Pimpri Chinchwad - MPCB",18.6163,73.7658,8.7,14,26.1,73,19.4,278,5.336,-0.75,7.4,4.3,active
2026-08-31T17:00,PUN_3409437,"Thergaon, Pimpri Chinchwad - MPCB",18.6163,73.7658,6.2,10,25.4,77,16.6,273,4.605,-0.241,11.9,6.0,active
2026-08-31T18:00,PUN_3409437,"Thergaon, Pimpri Chinchwad - MPCB",18.6163,73.7658,4.4,7,23.9,84,13.0,272,3.609,-0.126,10.9,10.0,active
2026-08-31T19:00,PUN_3409437,"Thergaon, Pimpri Chinchwad - MPCB",18.6163,73.7658,6.0,10,23.2,88,11.2,259,3.054,0.594,11.5,15.4,active
2026-08-31T20:00,PUN_3409437,"Thergaon, Pimpri Chinchwad - MPCB",18.6163,73.7658,5.5,9,23.1,88,8.0,250,2.088,0.76,10.5,19.0,active
2026-08-31T21:00,PUN_3409437,"Thergaon, Pimpri Chinchwad - MPCB",18.6163,73.7658,8.3,13,23.1,89,8.8,244,2.197,1.072,11.0,19.3,active
2026-08-31T22:00,PUN_3409437,"Thergaon, Pimpri Chinchwad - MPCB",18.6163,73.7658,6.2,10,22.7,90,12.0,254,3.204,0.919,10.1,17.8,active
2026-08-31T23:00,PUN_3409437,"Thergaon, Pimpri Chinchwad - MPCB",18.6163,73.7658,5.1,8,22.6,89,9.2,259,2.509,0.488,9.1,15.8,active
2026-09-01T00:00,PUN_3409437,"Thergaon, Pimpri Chinchwad - MPCB",18.6163,73.7658,4.9,8,22.4,91,7.7,259,2.1,0.408,8.2,13.1,active
2026-09-01T01:00,PUN_3409437,"Thergaon, Pimpri Chinchwad - MPCB",18.6163,73.7658,3.5,5,22.3,92,9.6,266,2.66,0.186,7.2,9.9,active
2026-09-01T02:00,PUN_3409437,"Thergaon, Pimpri Chinchwad - MPCB",18.6163,73.7658,2.4,4,22.4,92,8.5,252,2.246,0.73,6.3,7.6,active
2026-09-01T03:00,PUN_3409437,"Thergaon, Pimpri Chinchwad - MPCB",18.6163,73.7658,1.7,2,22.3,91,13.4,265,3.708,0.324,5.4,7.2,active
2026-09-01T04:00,PUN_3409437,"Thergaon, Pimpri Chinchwad - MPCB",18.6163,73.7658,1.2,2,22.5,91,11.2,265,3.099,0.271,5.4,7.8,active
2026-09-01T05:00,PUN_3409437,"Thergaon, Pimpri Chinchwad - MPCB",18.6163,73.7658,0.9,1,22.4,92,12.2,261,3.347,0.53,4.2,7.0,active
2026-09-01T06:00,PUN_3409437,"Thergaon, Pimpri Chinchwad - MPCB",18.6163,73.7658,0.6,1,22.6,91,11.9,265,3.293,0.288,4.1,7.2,active
2026-09-01T07:00,PUN_3409437,"Thergaon, Pimpri Chinchwad - MPCB",18.6163,73.7658,9.0,15,23.2,89,13.2,265,3.653,0.32,4.7,7.5,active
2026-09-01T08:00,PUN_3409437,"Thergaon, Pimpri Chinchwad - MPCB",18.6163,73.7658,8.8,14,24.3,83,16.7,269,4.638,0.081,6.2,7.3,active
2026-09-01T09:00,PUN_3409437,"Thergaon, Pimpri Chinchwad - MPCB",18.6163,73.7658,23.9,39,25.2,79,16.4,267,4.549,0.238,6.7,6.2,active
2026-09-01T10:00,PUN_3409437,"Thergaon, Pimpri Chinchwad - MPCB",18.6163,73.7658,14.4,24,26.8,71,18.4,268,5.108,0.178,7.0,4.7,active
2026-09-01T11:00,PUN_3409437,"Thergaon, Pimpri Chinchwad - MPCB",18.6163,73.7658,8.9,14,27.7,66,15.7,271,4.36,-0.076,7.3,3.5,active
2026-09-01T12:00,PUN_3409437,"Thergaon, Pimpri Chinchwad - MPCB",18.6163,73.7658,5.7,9,28.3,63,16.6,272,4.608,-0.161,8.5,2.9,active
2026-09-01T13:00,PUN_3409437,"Thergaon, Pimpri Chinchwad - MPCB",18.6163,73.7658,9.9,16,28.5,63,16.7,272,4.636,-0.162,8.2,2.6,active
2026-09-01T14:00,PUN_3409437,"Thergaon, Pimpri Chinchwad - MPCB",18.6163,73.7658,8.5,14,28.2,63,18.2,269,5.055,0.088,8.6,2.8,active
2026-09-01T16:00,PUN_3409437,"Thergaon, Pimpri Chinchwad - MPCB",18.6163,73.7658,8.4,14,25.8,78,19.5,279,5.35,-0.847,8.6,4.6,active
2026-09-01T17:00,PUN_3409437,"Thergaon, Pimpri Chinchwad - MPCB",18.6163,73.7658,11.3,18,25.4,79,16.5,281,4.499,-0.875,8.1,8.1,active
2026-09-01T18:00,PUN_3409437,"Thergaon, Pimpri Chinchwad - MPCB",18.6163,73.7658,10.6,17,24.1,85,12.4,269,3.444,0.06,8.6,11.5,active
2026-09-01T19:00,PUN_3409437,"Thergaon, Pimpri Chinchwad - MPCB",18.6163,73.7658,12.4,20,23.6,87,10.6,255,2.844,0.762,10.6,16.1,active
2026-09-01T20:00,PUN_3409437,"Thergaon, Pimpri Chinchwad - MPCB",18.6163,73.7658,19.3,32,23.4,89,9.0,269,2.5,0.044,10.9,19.6,active
2026-09-01T21:00,PUN_3409437,"Thergaon, Pimpri Chinchwad - MPCB",18.6163,73.7658,19.5,32,23.3,90,8.4,263,2.316,0.284,11.3,20.8,active
2026-09-01T22:00,PUN_3409437,"Thergaon, Pimpri Chinchwad - MPCB",18.6163,73.7658,22.3,37,23.3,90,7.6,258,2.065,0.439,11.8,20.7,active
2026-09-01T23:00,PUN_3409437,"Thergaon, Pimpri Chinchwad - MPCB",18.6163,73.7658,27.6,46,23.0,89,9.0,255,2.415,0.647,11.9,20.3,active
2026-09-02T00:00,PUN_3409437,"Thergaon, Pimpri Chinchwad - MPCB",18.6163,73.7658,20.5,34,22.5,91,6.3,257,1.705,0.394,11.1,19.9,active
2026-09-02T01:00,PUN_3409437,"Thergaon, Pimpri Chinchwad - MPCB",18.6163,73.7658,12.9,21,22.4,91,8.1,253,2.152,0.658,10.7,19.0,active
2026-09-02T02:00,PUN_3409437,"Thergaon, Pimpri Chinchwad - MPCB",18.6163,73.7658,9.8,16,22.1,92,7.8,261,2.14,0.339,9.9,17.6,active
2026-09-02T03:00,PUN_3409437,"Thergaon, Pimpri Chinchwad - MPCB",18.6163,73.7658,7.7,12,22.2,92,6.7,261,1.838,0.291,8.9,15.0,active
2026-09-02T04:00,PUN_3409437,"Thergaon, Pimpri Chinchwad - MPCB",18.6163,73.7658,6.9,11,22.4,91,6.9,256,1.86,0.464,8.2,11.8,active
2026-09-02T05:00,PUN_3409437,"Thergaon, Pimpri Chinchwad - MPCB",18.6163,73.7658,6.6,11,22.5,92,8.7,257,2.355,0.544,6.7,9.7,active
2026-09-02T06:00,PUN_3409437,"Thergaon, Pimpri Chinchwad - MPCB",18.6163,73.7658,6.9,11,22.4,92,7.3,261,2.003,0.317,5.6,8.9,active
2026-09-02T07:00,PUN_3409437,"Thergaon, Pimpri Chinchwad - MPCB",18.6163,73.7658,7.0,11,23.2,88,9.5,255,2.549,0.683,4.5,7.7,active
2026-09-02T08:00,PUN_3409437,"Thergaon, Pimpri Chinchwad - MPCB",18.6163,73.7658,10.9,18,24.7,80,13.9,250,3.628,1.321,4.6,6.4,active
2026-09-02T09:00,PUN_3409437,"Thergaon, Pimpri Chinchwad - MPCB",18.6163,73.7658,12.8,21,25.9,75,14.6,254,3.898,1.118,5.2,5.0,active
2026-09-02T10:00,PUN_3409437,"Thergaon, Pimpri Chinchwad - MPCB",18.6163,73.7658,9.4,15,27.0,71,15.1,262,4.154,0.584,4.1,3.5,active
2026-09-02T11:00,PUN_3409437,"Thergaon, Pimpri Chinchwad - MPCB",18.6163,73.7658,8.4,14,27.5,69,16.3,259,4.445,0.864,3.9,2.5,active
2026-09-02T12:00,PUN_3409437,"Thergaon, Pimpri Chinchwad - MPCB",18.6163,73.7658,8.0,13,27.8,67,17.0,263,4.687,0.575,3.9,2.1,active
2026-09-02T13:00,PUN_3409437,"Thergaon, Pimpri Chinchwad - MPCB",18.6163,73.7658,8.3,13,26.2,72,20.6,264,5.691,0.598,4.1,2.2,active
2026-09-02T14:00,PUN_3409437,"Thergaon, Pimpri Chinchwad - MPCB",18.6163,73.7658,8.4,14,26.6,71,19.8,273,5.493,-0.288,4.2,2.6,active
2026-09-02T16:00,PUN_3409437,"Thergaon, Pimpri Chinchwad - MPCB",18.6163,73.7658,9.9,16,26.1,71,18.0,271,4.999,-0.087,3.6,3.7,active
2026-09-02T17:00,PUN_3409437,"Thergaon, Pimpri Chinchwad - MPCB",18.6163,73.7658,18.6,31,24.6,81,15.9,275,4.4,-0.385,6.9,8.3,active
2026-09-02T18:00,PUN_3409437,"Thergaon, Pimpri Chinchwad - MPCB",18.6163,73.7658,10.0,16,24.1,84,13.7,268,3.803,0.133,8.4,11.9,active
2026-09-02T19:00,PUN_3409437,"Thergaon, Pimpri Chinchwad - MPCB",18.6163,73.7658,8.9,14,23.2,88,12.5,264,3.453,0.363,8.6,16.7,active
2026-09-02T20:00,PUN_3409437,"Thergaon, Pimpri Chinchwad - MPCB",18.6163,73.7658,8.6,14,23.1,89,9.1,260,2.489,0.439,7.2,20.2,active
2026-09-02T21:00,PUN_3409437,"Thergaon, Pimpri Chinchwad - MPCB",18.6163,73.7658,16.1,26,22.9,90,8.5,264,2.348,0.247,7.3,21.1,active
2026-09-02T22:00,PUN_3409437,"Thergaon, Pimpri Chinchwad - MPCB",18.6163,73.7658,18.2,30,22.7,91,7.4,270,2.056,0.0,8.6,20.6,active
2026-09-02T23:00,PUN_3409437,"Thergaon, Pimpri Chinchwad - MPCB",18.6163,73.7658,11.8,19,22.4,92,7.4,256,1.995,0.497,9.6,19.3,active
2026-09-03T00:00,PUN_3409437,"Thergaon, Pimpri Chinchwad - MPCB",18.6163,73.7658,9.0,15,22.2,92,6.6,253,1.753,0.536,8.7,16.9,active
2026-09-03T01:00,PUN_3409437,"Thergaon, Pimpri Chinchwad - MPCB",18.6163,73.7658,1.9,3,22.0,93,6.1,251,1.602,0.552,8.1,13.7,active
2026-09-03T02:00,PUN_3409437,"Thergaon, Pimpri Chinchwad - MPCB",18.6163,73.7658,24.8,41,22.0,93,6.0,243,1.485,0.757,7.9,11.1,active
2026-09-03T03:00,PUN_3409437,"Thergaon, Pimpri Chinchwad - MPCB",18.6163,73.7658,28.2,47,22.1,92,6.2,248,1.597,0.645,7.4,9.6,active
2026-09-03T04:00,PUN_3409437,"Thergaon, Pimpri Chinchwad - MPCB",18.6163,73.7658,9.2,15,22.2,92,7.8,247,1.994,0.847,5.9,8.7,active
2026-09-03T05:00,PUN_3409437,"Thergaon, Pimpri Chinchwad - MPCB",18.6163,73.7658,7.1,11,22.1,91,6.9,261,1.893,0.3,4.2,6.4,active
2026-09-03T06:00,PUN_3409437,"Thergaon, Pimpri Chinchwad - MPCB",18.6163,73.7658,16.9,28,22.1,91,7.1,260,1.942,0.342,4.3,6.8,active
2026-09-03T07:00,PUN_3409437,"Thergaon, Pimpri Chinchwad - MPCB",18.6163,73.7658,17.4,29,22.9,87,7.8,261,2.14,0.339,4.4,7.3,active
2026-09-03T08:00,PUN_3409437,"Thergaon, Pimpri Chinchwad - MPCB",18.6163,73.7658,5.3,8,24.2,80,13.4,256,3.612,0.9,5.2,7.2,active
2026-09-03T09:00,PUN_3409437,"Thergaon, Pimpri Chinchwad - MPCB",18.6163,73.7658,3.1,5,25.5,75,14.9,257,4.033,0.931,5.6,6.0,active
2026-09-03T10:00,PUN_3409437,"Thergaon, Pimpri Chinchwad - MPCB",18.6163,73.7658,5.7,9,26.3,72,16.8,261,4.609,0.73,7.1,4.2,active
2026-09-03T11:00,PUN_3409437,"Thergaon, Pimpri Chinchwad - MPCB",18.6163,73.7658,11.4,19,27.4,67,17.5,265,4.843,0.424,8.2,2.9,active
2026-09-03T12:00,PUN_3409437,"Thergaon, Pimpri Chinchwad - MPCB",18.6163,73.7658,11.5,19,27.9,65,16.0,267,4.438,0.233,6.9,2.3,active
2026-09-03T13:00,PUN_3409437,"Thergaon, Pimpri Chinchwad - MPCB",18.6163,73.7658,14.8,24,28.4,62,19.6,271,5.444,-0.095,6.4,2.2,active
2026-09-03T14:00,PUN_3409437,"Thergaon, Pimpri Chinchwad - MPCB",18.6163,73.7658,21.5,35,27.5,66,19.3,272,5.358,-0.187,6.4,2.6,active
2026-09-03T15:00,PUN_3409437,"Thergaon, Pimpri Chinchwad - MPCB",18.6163,73.7658,16.3,27,27.0,70,18.1,275,5.009,-0.438,6.4,3.3,active
2026-09-03T16:00,PUN_3409437,"Thergaon, Pimpri Chinchwad - MPCB",18.6163,73.7658,9.0,15,26.3,72,18.0,267,4.993,0.262,7.2,4.5,active
2026-09-03T17:00,PUN_3409437,"Thergaon, Pimpri Chinchwad - MPCB",18.6163,73.7658,5.8,9,25.4,75,15.7,261,4.307,0.682,10.5,5.5,active
2026-09-03T18:00,PUN_3409437,"Thergaon, Pimpri Chinchwad - MPCB",18.6163,73.7658,6.6,11,24.3,80,12.8,259,3.49,0.678,10.8,10.1,active
2026-09-03T19:00,PUN_3409437,"Thergaon, Pimpri Chinchwad - MPCB",18.6163,73.7658,13.7,22,23.5,84,11.7,265,3.238,0.283,12.0,16.4,active
2026-09-03T20:00,PUN_3409437,"Thergaon, Pimpri Chinchwad - MPCB",18.6163,73.7658,18.1,30,23.0,88,9.7,260,2.654,0.468,13.1,20.5,active
2026-09-03T21:00,PUN_3409437,"Thergaon, Pimpri Chinchwad - MPCB",18.6163,73.7658,13.9,23,23.0,90,8.4,255,2.254,0.604,12.6,20.5,active
2026-09-03T22:00,PUN_3409437,"Thergaon, Pimpri Chinchwad - MPCB",18.6163,73.7658,8.2,13,23.1,90,8.8,253,2.338,0.715,11.9,18.4,active
2026-09-03T23:00,PUN_3409437,"Thergaon, Pimpri Chinchwad - MPCB",18.6163,73.7658,5.8,9,22.7,90,9.4,258,2.554,0.543,11.0,15.9,active
2026-09-04T00:00,PUN_3409437,"Thergaon, Pimpri Chinchwad - MPCB",18.6163,73.7658,5.4,9,22.7,90,9.4,257,2.544,0.587,9.1,13.4,active
2026-08-21T08:00,PUN_3409438,"Katraj Dairy, Pune - MPCB",18.4545,73.8542,12.9,21,23.1,86,14.6,270,4.056,0.0,3.8,5.3,active
2026-08-21T09:00,PUN_3409438,"Katraj Dairy, Pune - MPCB",18.4545,73.8542,13.8,23,24.7,77,15.5,269,4.305,0.075,5.9,4.4,active
2026-08-21T11:00,PUN_3409438,"Katraj Dairy, Pune - MPCB",18.4545,73.8542,15.0,25,26.8,66,18.5,269,5.138,0.09,9.2,2.2,active
2026-08-21T12:00,PUN_3409438,"Katraj Dairy, Pune - MPCB",18.4545,73.8542,16.9,28,27.2,65,16.7,263,4.604,0.565,9.7,1.8,active
2026-08-21T13:00,PUN_3409438,"Katraj Dairy, Pune - MPCB",18.4545,73.8542,17.4,29,27.5,63,17.2,263,4.742,0.582,9.9,1.8,active
2026-08-21T14:00,PUN_3409438,"Katraj Dairy, Pune - MPCB",18.4545,73.8542,18.6,31,26.7,67,19.2,260,5.252,0.926,9.7,2.0,active
2026-08-21T15:00,PUN_3409438,"Katraj Dairy, Pune - MPCB",18.4545,73.8542,19.4,32,26.4,69,19.3,265,5.341,0.467,8.6,2.4,active
2026-08-21T16:00,PUN_3409438,"Katraj Dairy, Pune - MPCB",18.4545,73.8542,21.1,35,25.6,73,19.4,263,5.349,0.657,7.4,3.1,active
2026-08-21T17:00,PUN_3409438,"Katraj Dairy, Pune - MPCB",18.4545,73.8542,22.2,37,24.7,78,16.8,258,4.565,0.97,9.2,3.9,active
2026-08-21T18:00,PUN_3409438,"Katraj Dairy, Pune - MPCB",18.4545,73.8542,21.9,36,23.7,81,14.8,256,3.989,0.995,9.6,6.4,active
2026-08-21T19:00,PUN_3409438,"Katraj Dairy, Pune - MPCB",18.4545,73.8542,21.5,35,22.7,87,13.4,252,3.54,1.15,9.4,9.8,active
2026-08-21T20:00,PUN_3409438,"Katraj Dairy, Pune - MPCB",18.4545,73.8542,20.2,33,22.4,89,12.3,256,3.315,0.827,9.1,12.0,active
2026-08-21T21:00,PUN_3409438,"Katraj Dairy, Pune - MPCB",18.4545,73.8542,18.5,30,22.5,90,13.0,253,3.453,1.056,9.1,12.1,active
2026-08-21T22:00,PUN_3409438,"Katraj Dairy, Pune - MPCB",18.4545,73.8542,18.4,30,22.4,89,13.2,256,3.558,0.887,7.9,11.0,active
2026-08-21T23:00,PUN_3409438,"Katraj Dairy, Pune - MPCB",18.4545,73.8542,17.6,29,22.0,90,13.6,253,3.613,1.105,6.0,9.8,active
2026-08-22T00:00,PUN_3409438,"Katraj Dairy, Pune - MPCB",18.4545,73.8542,17.7,29,21.8,91,12.6,248,3.245,1.311,4.9,8.6,active
2026-08-22T01:00,PUN_3409438,"Katraj Dairy, Pune - MPCB",18.4545,73.8542,15.5,25,21.7,92,11.0,244,2.746,1.339,4.2,7.3,active
2026-08-22T02:00,PUN_3409438,"Katraj Dairy, Pune - MPCB",18.4545,73.8542,15.4,25,21.7,93,11.4,243,2.822,1.438,3.8,6.3,active
2026-08-22T03:00,PUN_3409438,"Katraj Dairy, Pune - MPCB",18.4545,73.8542,14.6,24,21.7,92,12.4,244,3.096,1.51,3.1,5.9,active
2026-08-22T04:00,PUN_3409438,"Katraj Dairy, Pune - MPCB",18.4545,73.8542,13.1,21,21.6,93,10.1,243,2.5,1.274,2.7,5.9,active
2026-08-22T05:00,PUN_3409438,"Katraj Dairy, Pune - MPCB",18.4545,73.8542,11.6,19,22.2,92,13.0,242,3.188,1.695,2.1,5.2,active
2026-08-22T06:00,PUN_3409438,"Katraj Dairy, Pune - MPCB",18.4545,73.8542,12.5,20,22.4,91,12.0,244,2.996,1.461,2.2,5.6,active
2026-08-22T07:00,PUN_3409438,"Katraj Dairy, Pune - MPCB",18.4545,73.8542,12.3,20,22.5,90,12.3,252,3.249,1.056,3.5,6.1,active
2026-08-22T12:00,PUN_3409438,"Katraj Dairy, Pune - MPCB",18.4545,73.8542,13.8,23,26.5,71,18.3,280,5.006,-0.883,7.6,2.0,active
2026-08-22T13:00,PUN_3409438,"Katraj Dairy, Pune - MPCB",18.4545,73.8542,12.6,21,25.6,75,21.3,278,5.859,-0.823,7.9,2.3,active
2026-08-22T14:00,PUN_3409438,"Katraj Dairy, Pune - MPCB",18.4545,73.8542,15.5,25,25.0,76,18.2,272,5.053,-0.176,8.0,3.0,active
2026-08-22T15:00,PUN_3409438,"Katraj Dairy, Pune - MPCB",18.4545,73.8542,14.6,24,25.4,75,19.8,277,5.459,-0.67,8.6,4.4,active
2026-08-22T16:00,PUN_3409438,"Katraj Dairy, Pune - MPCB",18.4545,73.8542,11.9,19,24.9,77,20.1,283,5.44,-1.256,8.7,6.2,active
2026-08-22T17:00,PUN_3409438,"Katraj Dairy, Pune - MPCB",18.4545,73.8542,12.5,20,24.5,79,19.4,269,5.388,0.094,9.5,5.9,active
2026-08-22T18:00,PUN_3409438,"Katraj Dairy, Pune - MPCB",18.4545,73.8542,12.0,20,23.5,84,16.4,269,4.555,0.08,9.1,8.2,active
2026-08-22T19:00,PUN_3409438,"Katraj Dairy, Pune - MPCB",18.4545,73.8542,11.1,18,22.9,88,14.2,258,3.858,0.82,9.6,11.4,active
2026-08-22T20:00,PUN_3409438,"Katraj Dairy, Pune - MPCB",18.4545,73.8542,10.4,17,22.4,90,11.7,255,3.139,0.841,10.1,13.6,active
2026-08-22T21:00,PUN_3409438,"Katraj Dairy, Pune - MPCB",18.4545,73.8542,9.5,15,22.6,90,11.7,256,3.153,0.786,9.2,14.0,active
2026-08-22T22:00,PUN_3409438,"Katraj Dairy, Pune - MPCB",18.4545,73.8542,9.5,15,22.5,91,11.1,254,2.964,0.85,8.4,13.3,active
2026-08-22T23:00,PUN_3409438,"Katraj Dairy, Pune - MPCB",18.4545,73.8542,9.9,16,22.6,92,11.1,248,2.859,1.155,6.9,12.2,active
2026-08-23T00:00,PUN_3409438,"Katraj Dairy, Pune - MPCB",18.4545,73.8542,10.6,17,22.6,91,12.8,250,3.341,1.216,5.6,10.4,active
2026-08-23T01:00,PUN_3409438,"Katraj Dairy, Pune - MPCB",18.4545,73.8542,10.7,17,22.2,92,11.0,251,2.889,0.995,4.3,8.1,active
2026-08-23T02:00,PUN_3409438,"Katraj Dairy, Pune - MPCB",18.4545,73.8542,10.1,16,22.2,93,9.6,256,2.587,0.645,3.4,6.4,active
2026-08-23T04:00,PUN_3409438,"Katraj Dairy, Pune - MPCB",18.4545,73.8542,7.5,12,22.0,95,8.5,258,2.31,0.491,2.2,5.5,active
2026-08-23T05:00,PUN_3409438,"Katraj Dairy, Pune - MPCB",18.4545,73.8542,8.5,14,22.4,92,11.9,259,3.245,0.631,2.9,5.8,active
2026-08-23T06:00,PUN_3409438,"Katraj Dairy, Pune - MPCB",18.4545,73.8542,7.8,13,22.4,92,11.0,259,2.999,0.583,2.8,5.3,active
2026-08-23T07:00,PUN_3409438,"Katraj Dairy, Pune - MPCB",18.4545,73.8542,7.9,13,22.9,89,11.8,257,3.194,0.737,3.3,4.6,active
2026-08-23T08:00,PUN_3409438,"Katraj Dairy, Pune - MPCB",18.4545,73.8542,6.9,11,23.7,84,15.6,259,4.254,0.827,4.0,3.9,active
2026-08-23T09:00,PUN_3409438,"Katraj Dairy, Pune - MPCB",18.4545,73.8542,6.0,10,25.1,76,17.1,263,4.715,0.579,5.7,3.1,active
2026-08-23T10:00,PUN_3409438,"Katraj Dairy, Pune - MPCB",18.4545,73.8542,5.9,9,25.8,74,16.8,266,4.655,0.326,7.6,2.4,active
2026-08-23T11:00,PUN_3409438,"Katraj Dairy, Pune - MPCB",18.4545,73.8542,8.9,14,26.3,72,19.5,265,5.396,0.472,8.8,1.8,active
2026-08-23T12:00,PUN_3409438,"Katraj Dairy, Pune - MPCB",18.4545,73.8542,10.0,16,26.8,70,19.9,265,5.507,0.482,9.4,1.5,active
2026-08-23T13:00,PUN_3409438,"Katraj Dairy, Pune - MPCB",18.4545,73.8542,11.0,18,26.6,71,21.3,266,5.902,0.413,9.3,1.4,active
2026-08-23T14:00,PUN_3409438,"Katraj Dairy, Pune - MPCB",18.4545,73.8542,11.0,18,26.1,74,21.0,264,5.801,0.61,9.3,1.6,active
2026-08-23T15:00,PUN_3409438,"Katraj Dairy, Pune - MPCB",18.4545,73.8542,11.3,18,26.2,74,20.3,268,5.635,0.197,8.1,2.0,active
2026-08-23T16:00,PUN_3409438,"Katraj Dairy, Pune - MPCB",18.4545,73.8542,12.0,20,25.4,80,21.1,270,5.861,0.0,7.0,2.7,active
2026-08-23T17:00,PUN_3409438,"Katraj Dairy, Pune - MPCB",18.4545,73.8542,12.1,20,24.7,81,18.3,264,5.056,0.531,7.3,3.2,active
2026-08-23T18:00,PUN_3409438,"Katraj Dairy, Pune - MPCB",18.4545,73.8542,11.0,18,23.8,86,14.3,264,3.95,0.415,7.7,5.6,active
2026-08-23T19:00,PUN_3409438,"Katraj Dairy, Pune - MPCB",18.4545,73.8542,10.6,17,23.1,89,14.2,257,3.843,0.887,8.2,8.9,active
2026-08-23T20:00,PUN_3409438,"Katraj Dairy, Pune - MPCB",18.4545,73.8542,10.6,17,22.8,90,13.3,257,3.6,0.831,9.3,11.0,active
2026-08-23T21:00,PUN_3409438,"Katraj Dairy, Pune - MPCB",18.4545,73.8542,11.1,18,22.7,91,13.8,261,3.786,0.6,9.6,11.0,active
2026-08-23T22:00,PUN_3409438,"Katraj Dairy, Pune - MPCB",18.4545,73.8542,12.8,21,22.7,92,12.6,265,3.487,0.305,9.0,9.8,active
2026-08-23T23:00,PUN_3409438,"Katraj Dairy, Pune - MPCB",18.4545,73.8542,13.2,22,22.7,90,13.0,264,3.591,0.377,8.4,8.5,active
2026-08-24T00:00,PUN_3409438,"Katraj Dairy, Pune - MPCB",18.4545,73.8542,12.1,20,22.4,92,12.2,268,3.387,0.118,7.6,7.3,active
2026-08-24T01:00,PUN_3409438,"Katraj Dairy, Pune - MPCB",18.4545,73.8542,13.3,22,22.3,93,12.5,264,3.453,0.363,5.8,6.0,active
2026-08-24T02:00,PUN_3409438,"Katraj Dairy, Pune - MPCB",18.4545,73.8542,13.2,22,22.2,93,11.6,266,3.214,0.225,4.4,5.1,active
2026-08-24T03:00,PUN_3409438,"Katraj Dairy, Pune - MPCB",18.4545,73.8542,12.3,20,22.1,94,11.2,264,3.094,0.325,3.6,4.8,active
2026-08-24T04:00,PUN_3409438,"Katraj Dairy, Pune - MPCB",18.4545,73.8542,11.6,19,21.9,94,11.2,259,3.054,0.594,3.3,4.8,active
2026-08-24T05:00,PUN_3409438,"Katraj Dairy, Pune - MPCB",18.4545,73.8542,10.1,16,22.5,92,12.1,263,3.336,0.41,3.9,4.3,active
2026-08-24T06:00,PUN_3409438,"Katraj Dairy, Pune - MPCB",18.4545,73.8542,9.6,16,22.4,93,11.2,273,3.107,-0.163,4.3,4.8,active
2026-08-24T08:00,PUN_3409438,"Katraj Dairy, Pune - MPCB",18.4545,73.8542,9.1,15,23.9,85,14.5,275,4.012,-0.351,6.2,5.6,active
2026-08-24T09:00,PUN_3409438,"Katraj Dairy, Pune - MPCB",18.4545,73.8542,9.5,15,25.2,77,14.1,274,3.907,-0.273,8.2,4.8,active
2026-08-24T10:00,PUN_3409438,"Katraj Dairy, Pune - MPCB",18.4545,73.8542,9.5,15,26.2,72,14.6,275,4.04,-0.353,10.2,3.4,active
2026-08-24T11:00,PUN_3409438,"Katraj Dairy, Pune - MPCB",18.4545,73.8542,9.0,15,26.9,70,18.7,271,5.194,-0.091,11.1,2.4,active
2026-08-24T12:00,PUN_3409438,"Katraj Dairy, Pune - MPCB",18.4545,73.8542,12.1,20,27.5,67,17.1,271,4.749,-0.083,11.2,1.9,active
2026-08-24T13:00,PUN_3409438,"Katraj Dairy, Pune - MPCB",18.4545,73.8542,11.1,18,27.4,67,18.4,272,5.108,-0.178,10.4,1.7,active
2026-08-24T14:00,PUN_3409438,"Katraj Dairy, Pune - MPCB",18.4545,73.8542,10.0,16,26.0,75,20.9,272,5.802,-0.203,10.2,1.9,active
2026-08-24T15:00,PUN_3409438,"Katraj Dairy, Pune - MPCB",18.4545,73.8542,11.7,19,26.7,72,19.2,277,5.294,-0.65,9.6,2.4,active
2026-08-24T16:00,PUN_3409438,"Katraj Dairy, Pune - MPCB",18.4545,73.8542,14.0,23,26.1,74,19.9,266,5.514,0.386,9.1,3.3,active
2026-08-24T17:00,PUN_3409438,"Katraj Dairy, Pune - MPCB",18.4545,73.8542,15.7,26,25.2,79,17.7,266,4.905,0.343,11.3,4.5,active
2026-08-24T18:00,PUN_3409438,"Katraj Dairy, Pune - MPCB",18.4545,73.8542,19.0,31,23.9,85,14.6,266,4.046,0.283,11.2,6.4,active
2026-08-24T19:00,PUN_3409438,"Katraj Dairy, Pune - MPCB",18.4545,73.8542,18.2,30,23.1,88,14.4,257,3.898,0.9,10.8,8.9,active
2026-08-24T20:00,PUN_3409438,"Katraj Dairy, Pune - MPCB",18.4545,73.8542,17.1,28,22.6,90,13.7,249,3.553,1.364,11.1,10.7,active
2026-08-24T21:00,PUN_3409438,"Katraj Dairy, Pune - MPCB",18.4545,73.8542,19.3,32,22.5,92,13.7,251,3.598,1.239,11.1,11.2,active
2026-08-24T22:00,PUN_3409438,"Katraj Dairy, Pune - MPCB",18.4545,73.8542,19.7,32,22.4,93,12.8,254,3.418,0.98,11.5,10.9,active
2026-08-24T23:00,PUN_3409438,"Katraj Dairy, Pune - MPCB",18.4545,73.8542,17.5,29,22.4,91,12.9,251,3.388,1.167,10.7,10.3,active
2026-08-25T00:00,PUN_3409438,"Katraj Dairy, Pune - MPCB",18.4545,73.8542,17.2,28,22.4,91,12.1,259,3.299,0.641,7.9,9.1,active
2026-08-25T01:00,PUN_3409438,"Katraj Dairy, Pune - MPCB",18.4545,73.8542,17.7,29,22.2,93,12.3,259,3.354,0.652,6.2,7.5,active
2026-08-25T02:00,PUN_3409438,"Katraj Dairy, Pune - MPCB",18.4545,73.8542,16.2,27,22.3,91,13.9,260,3.802,0.67,5.5,6.3,active
2026-08-25T03:00,PUN_3409438,"Katraj Dairy, Pune - MPCB",18.4545,73.8542,13.5,22,21.9,92,12.3,266,3.408,0.238,4.4,5.7,active
2026-08-25T04:00,PUN_3409438,"Katraj Dairy, Pune - MPCB",18.4545,73.8542,13.5,22,21.9,93,11.6,274,3.214,-0.225,3.5,5.5,active
2026-08-25T05:00,PUN_3409438,"Katraj Dairy, Pune - MPCB",18.4545,73.8542,12.7,21,21.9,92,11.9,260,3.255,0.574,3.5,4.8,active
2026-08-25T08:00,PUN_3409438,"Katraj Dairy, Pune - MPCB",18.4545,73.8542,20.2,33,23.7,85,15.9,273,4.411,-0.231,5.3,5.9,active
2026-08-25T09:00,PUN_3409438,"Katraj Dairy, Pune - MPCB",18.4545,73.8542,19.0,31,24.8,77,16.1,276,4.448,-0.467,8.2,5.0,active
2026-08-25T10:00,PUN_3409438,"Katraj Dairy, Pune - MPCB",18.4545,73.8542,15.2,25,25.9,71,16.2,280,4.432,-0.781,10.3,3.5,active
2026-08-25T11:00,PUN_3409438,"Katraj Dairy, Pune - MPCB",18.4545,73.8542,13.2,22,25.9,74,18.9,273,5.243,-0.275,11.5,2.4,active
2026-08-25T12:00,PUN_3409438,"Katraj Dairy, Pune - MPCB",18.4545,73.8542,13.8,23,26.9,68,18.9,278,5.199,-0.731,12.2,1.9,active
2026-08-25T13:00,PUN_3409438,"Katraj Dairy, Pune - MPCB",18.4545,73.8542,13.2,22,27.2,66,18.8,266,5.21,0.364,12.6,1.8,active
2026-08-25T14:00,PUN_3409438,"Katraj Dairy, Pune - MPCB",18.4545,73.8542,14.5,24,27.6,66,21.1,269,5.86,0.102,12.3,2.0,active
2026-08-25T15:00,PUN_3409438,"Katraj Dairy, Pune - MPCB",18.4545,73.8542,17.1,28,26.6,71,19.5,267,5.409,0.283,11.2,2.6,active
2026-08-25T16:00,PUN_3409438,"Katraj Dairy, Pune - MPCB",18.4545,73.8542,21.2,35,25.9,73,19.9,264,5.498,0.578,11.0,3.5,active
2026-08-25T17:00,PUN_3409438,"Katraj Dairy, Pune - MPCB",18.4545,73.8542,22.5,37,25.1,78,19.0,258,5.162,1.097,21.3,4.4,active
2026-08-25T18:00,PUN_3409438,"Katraj Dairy, Pune - MPCB",18.4545,73.8542,29.3,48,23.8,84,15.9,260,4.35,0.767,18.6,6.2,active
2026-08-25T19:00,PUN_3409438,"Katraj Dairy, Pune - MPCB",18.4545,73.8542,29.6,49,22.8,89,14.8,257,4.006,0.925,17.0,8.6,active
2026-08-25T20:00,PUN_3409438,"Katraj Dairy, Pune - MPCB",18.4545,73.8542,28.4,47,22.5,90,14.4,255,3.864,1.035,15.8,10.6,active
2026-08-25T21:00,PUN_3409438,"Katraj Dairy, Pune - MPCB",18.4545,73.8542,23.1,38,22.7,89,14.2,258,3.858,0.82,15.2,11.8,active
2026-08-25T22:00,PUN_3409438,"Katraj Dairy, Pune - MPCB",18.4545,73.8542,22.2,37,22.7,90,13.2,260,3.611,0.637,14.9,12.5,active
2026-08-25T23:00,PUN_3409438,"Katraj Dairy, Pune - MPCB",18.4545,73.8542,21.0,35,22.4,90,12.9,258,3.505,0.745,14.4,12.5,active
2026-08-26T01:00,PUN_3409438,"Katraj Dairy, Pune - MPCB",18.4545,73.8542,20.2,33,22.0,93,15.4,263,4.246,0.521,10.6,9.2,active
2026-08-26T02:00,PUN_3409438,"Katraj Dairy, Pune - MPCB",18.4545,73.8542,20.4,34,22.1,92,15.9,264,4.393,0.462,8.7,7.5,active
2026-08-26T03:00,PUN_3409438,"Katraj Dairy, Pune - MPCB",18.4545,73.8542,18.8,31,22.0,92,15.1,267,4.189,0.22,6.9,6.5,active
2026-08-26T04:00,PUN_3409438,"Katraj Dairy, Pune - MPCB",18.4545,73.8542,17.3,28,22.0,92,14.9,262,4.099,0.576,6.2,5.9,active
2026-08-26T05:00,PUN_3409438,"Katraj Dairy, Pune - MPCB",18.4545,73.8542,15.5,25,22.0,92,14.6,266,4.046,0.283,4.4,4.8,active
2026-08-26T06:00,PUN_3409438,"Katraj Dairy, Pune - MPCB",18.4545,73.8542,15.0,25,22.0,93,13.7,270,3.806,0.0,4.1,5.3,active
2026-08-26T07:00,PUN_3409438,"Katraj Dairy, Pune - MPCB",18.4545,73.8542,15.0,25,22.3,92,14.4,272,3.998,-0.14,4.4,6.0,active
2026-08-26T08:00,PUN_3409438,"Katraj Dairy, Pune - MPCB",18.4545,73.8542,13.3,22,23.4,85,16.4,279,4.5,-0.713,5.2,6.1,active
2026-08-26T09:00,PUN_3409438,"Katraj Dairy, Pune - MPCB",18.4545,73.8542,13.3,22,24.7,78,18.3,283,4.953,-1.144,7.6,5.1,active
2026-08-26T10:00,PUN_3409438,"Katraj Dairy, Pune - MPCB",18.4545,73.8542,14.9,24,25.7,74,19.9,277,5.487,-0.674,10.4,3.5,active
2026-08-26T11:00,PUN_3409438,"Katraj Dairy, Pune - MPCB",18.4545,73.8542,16.8,28,26.8,69,19.6,277,5.404,-0.664,13.5,2.3,active
2026-08-26T12:00,PUN_3409438,"Katraj Dairy, Pune - MPCB",18.4545,73.8542,19.2,32,27.3,68,19.4,276,5.359,-0.563,15.4,1.8,active
2026-08-26T13:00,PUN_3409438,"Katraj Dairy, Pune - MPCB",18.4545,73.8542,21.0,35,27.7,65,19.5,272,5.413,-0.189,14.9,1.7,active
2026-08-26T14:00,PUN_3409438,"Katraj Dairy, Pune - MPCB",18.4545,73.8542,24.0,40,27.4,67,20.4,272,5.663,-0.198,15.4,2.0,active
2026-08-26T15:00,PUN_3409438,"Katraj Dairy, Pune - MPCB",18.4545,73.8542,22.9,38,26.9,69,19.4,271,5.388,-0.094,16.1,2.5,active
2026-08-26T16:00,PUN_3409438,"Katraj Dairy, Pune - MPCB",18.4545,73.8542,20.7,34,26.3,71,19.5,274,5.404,-0.378,15.8,3.4,active
2026-08-26T17:00,PUN_3409438,"Katraj Dairy, Pune - MPCB",18.4545,73.8542,19.1,31,25.3,77,17.3,271,4.805,-0.084,17.6,4.2,active
2026-08-26T18:00,PUN_3409438,"Katraj Dairy, Pune - MPCB",18.4545,73.8542,19.5,32,24.2,82,15.2,266,4.212,0.295,16.4,6.6,active
2026-08-26T19:00,PUN_3409438,"Katraj Dairy, Pune - MPCB",18.4545,73.8542,18.9,31,23.2,87,14.4,261,3.951,0.626,15.5,9.8,active
2026-08-26T20:00,PUN_3409438,"Katraj Dairy, Pune - MPCB",18.4545,73.8542,18.3,30,23.0,87,14.2,254,3.792,1.087,13.8,12.2,active
2026-08-26T21:00,PUN_3409438,"Katraj Dairy, Pune - MPCB",18.4545,73.8542,19.4,32,22.7,87,12.9,254,3.445,0.988,11.2,13.0,active
2026-08-26T22:00,PUN_3409438,"Katraj Dairy, Pune - MPCB",18.4545,73.8542,20.4,34,22.3,90,11.6,254,3.097,0.888,9.0,12.8,active
2026-08-26T23:00,PUN_3409438,"Katraj Dairy, Pune - MPCB",18.4545,73.8542,19.0,31,22.4,90,13.1,257,3.546,0.819,7.0,12.0,active
2026-08-27T00:00,PUN_3409438,"Katraj Dairy, Pune - MPCB",18.4545,73.8542,19.9,33,22.5,92,12.5,263,3.446,0.423,5.1,10.1,active
2026-08-27T01:00,PUN_3409438,"Katraj Dairy, Pune - MPCB",18.4545,73.8542,16.8,28,22.6,91,13.7,256,3.693,0.921,4.2,7.4,active
2026-08-27T02:00,PUN_3409438,"Katraj Dairy, Pune - MPCB",18.4545,73.8542,21.1,35,22.2,93,13.3,260,3.638,0.642,3.8,5.5,active
2026-08-27T03:00,PUN_3409438,"Katraj Dairy, Pune - MPCB",18.4545,73.8542,19.0,31,22.2,93,13.1,262,3.604,0.506,3.2,5.0,active
2026-08-27T04:00,PUN_3409438,"Katraj Dairy, Pune - MPCB",18.4545,73.8542,16.2,27,22.1,93,14.8,261,4.061,0.643,2.6,5.1,active
2026-08-27T05:00,PUN_3409438,"Katraj Dairy, Pune - MPCB",18.4545,73.8542,15.7,26,22.1,94,15.2,256,4.097,1.021,3.7,4.5,active
2026-08-27T06:00,PUN_3409438,"Katraj Dairy, Pune - MPCB",18.4545,73.8542,14.6,24,22.2,91,16.6,257,4.493,1.037,3.8,4.7,active
2026-08-27T07:00,PUN_3409438,"Katraj Dairy, Pune - MPCB",18.4545,73.8542,15.6,26,22.4,90,15.9,258,4.32,0.918,4.0,4.9,active
2026-08-27T08:00,PUN_3409438,"Katraj Dairy, Pune - MPCB",18.4545,73.8542,16.5,27,23.3,85,18.8,261,5.158,0.817,6.9,4.8,active
2026-08-27T09:00,PUN_3409438,"Katraj Dairy, Pune - MPCB",18.4545,73.8542,13.3,22,24.8,75,21.4,262,5.887,0.827,10.2,4.0,active
2026-08-27T10:00,PUN_3409438,"Katraj Dairy, Pune - MPCB",18.4545,73.8542,14.1,23,25.8,72,18.2,265,5.036,0.441,11.1,2.8,active
2026-08-27T11:00,PUN_3409438,"Katraj Dairy, Pune - MPCB",18.4545,73.8542,14.9,24,26.5,67,20.2,261,5.542,0.878,11.4,2.0,active
2026-08-27T12:00,PUN_3409438,"Katraj Dairy, Pune - MPCB",18.4545,73.8542,14.4,24,26.8,66,19.3,268,5.358,0.187,11.6,1.7,active
2026-08-27T13:00,PUN_3409438,"Katraj Dairy, Pune - MPCB",18.4545,73.8542,17.8,29,26.1,68,23.1,266,6.401,0.448,10.7,1.8,active
2026-08-27T14:00,PUN_3409438,"Katraj Dairy, Pune - MPCB",18.4545,73.8542,13.4,22,26.1,70,19.6,268,5.441,0.19,9.1,2.1,active
2026-08-27T15:00,PUN_3409438,"Katraj Dairy, Pune - MPCB",18.4545,73.8542,13.9,23,25.5,73,20.5,263,5.652,0.694,8.7,2.3,active
2026-08-29T00:00,PUN_3409438,"Katraj Dairy, Pune - MPCB",18.4545,73.8542,16.6,27,22.1,92,16.1,260,4.404,0.777,3.6,8.5,active
2026-08-29T01:00,PUN_3409438,"Katraj Dairy, Pune - MPCB",18.4545,73.8542,15.2,25,22.3,91,14.9,263,4.108,0.504,2.7,7.7,active
2026-08-29T02:00,PUN_3409438,"Katraj Dairy, Pune - MPCB",18.4545,73.8542,14.4,24,22.2,91,16.6,265,4.594,0.402,2.2,6.8,active
2026-08-29T03:00,PUN_3409438,"Katraj Dairy, Pune - MPCB",18.4545,73.8542,12.6,21,22.1,91,17.1,266,4.738,0.331,1.7,5.8,active
2026-08-29T04:00,PUN_3409438,"Katraj Dairy, Pune - MPCB",18.4545,73.8542,11.3,18,22.0,92,16.9,258,4.592,0.976,1.6,4.8,active
2026-08-29T05:00,PUN_3409438,"Katraj Dairy, Pune - MPCB",18.4545,73.8542,11.1,18,21.7,94,19.5,265,5.396,0.472,3.4,4.2,active
2026-08-29T06:00,PUN_3409438,"Katraj Dairy, Pune - MPCB",18.4545,73.8542,10.5,17,21.7,95,17.5,266,4.849,0.339,3.0,4.7,active
2026-08-29T07:00,PUN_3409438,"Katraj Dairy, Pune - MPCB",18.4545,73.8542,8.1,13,22.2,91,18.2,267,5.049,0.265,3.1,5.4,active
2026-08-30T07:00,PUN_3409438,"Katraj Dairy, Pune - MPCB",18.4545,73.8542,9.9,16,21.9,89,20.7,262,5.694,0.8,3.0,3.8,active
2026-08-30T08:00,PUN_3409438,"Katraj Dairy, Pune - MPCB",18.4545,73.8542,8.3,13,23.0,82,22.9,266,6.346,0.444,3.6,3.6,active
2026-08-30T09:00,PUN_3409438,"Katraj Dairy, Pune - MPCB",18.4545,73.8542,10.8,18,24.5,76,21.3,267,5.909,0.31,4.9,3.0,active
2026-08-30T10:00,PUN_3409438,"Katraj Dairy, Pune - MPCB",18.4545,73.8542,14.3,23,25.7,70,20.8,266,5.764,0.403,5.8,2.1,active
2026-08-30T12:00,PUN_3409438,"Katraj Dairy, Pune - MPCB",18.4545,73.8542,11.6,19,26.9,64,24.7,270,6.861,0.0,5.8,1.3,active
2026-08-30T13:00,PUN_3409438,"Katraj Dairy, Pune - MPCB",18.4545,73.8542,21.6,36,27.1,64,24.7,273,6.852,-0.359,5.5,1.4,active
2026-08-30T14:00,PUN_3409438,"Katraj Dairy, Pune - MPCB",18.4545,73.8542,21.6,36,26.7,67,24.7,272,6.857,-0.239,5.0,1.7,active
2026-08-30T15:00,PUN_3409438,"Katraj Dairy, Pune - MPCB",18.4545,73.8542,18.9,31,26.0,71,21.9,277,6.038,-0.741,5.1,2.1,active
2026-08-30T16:00,PUN_3409438,"Katraj Dairy, Pune - MPCB",18.4545,73.8542,21.8,36,25.3,74,19.8,277,5.459,-0.67,5.4,2.6,active
2026-08-30T17:00,PUN_3409438,"Katraj Dairy, Pune - MPCB",18.4545,73.8542,21.1,35,24.8,75,16.9,262,4.649,0.653,8.1,2.8,active
2026-08-31T04:00,PUN_3409438,"Katraj Dairy, Pune - MPCB",18.4545,73.8542,15.0,25,21.7,92,16.1,260,4.404,0.777,2.5,4.9,active
2026-08-31T05:00,PUN_3409438,"Katraj Dairy, Pune - MPCB",18.4545,73.8542,13.7,22,21.8,91,17.2,264,4.752,0.499,2.1,4.5,active
2026-08-31T06:00,PUN_3409438,"Katraj Dairy, Pune - MPCB",18.4545,73.8542,13.8,23,21.7,92,17.0,265,4.704,0.412,2.4,4.8,active
2026-08-31T07:00,PUN_3409438,"Katraj Dairy, Pune - MPCB",18.4545,73.8542,11.6,19,22.3,89,15.4,263,4.246,0.521,3.2,5.2,active
2026-08-31T08:00,PUN_3409438,"Katraj Dairy, Pune - MPCB",18.4545,73.8542,10.6,17,23.2,85,20.5,272,5.691,-0.199,3.1,5.2,active
2026-08-31T09:00,PUN_3409438,"Katraj Dairy, Pune - MPCB",18.4545,73.8542,11.2,18,24.5,79,21.1,272,5.858,-0.205,4.6,4.3,active
2026-08-31T10:00,PUN_3409438,"Katraj Dairy, Pune - MPCB",18.4545,73.8542,14.4,24,25.6,74,20.1,275,5.562,-0.487,5.5,2.9,active
2026-08-31T11:00,PUN_3409438,"Katraj Dairy, Pune - MPCB",18.4545,73.8542,19.2,32,26.6,67,18.6,274,5.154,-0.36,6.8,1.9,active
2026-08-31T12:00,PUN_3409438,"Katraj Dairy, Pune - MPCB",18.4545,73.8542,19.0,31,27.2,65,19.1,271,5.305,-0.093,7.3,1.5,active
2026-08-31T13:00,PUN_3409438,"Katraj Dairy, Pune - MPCB",18.4545,73.8542,21.7,36,27.6,61,19.4,276,5.359,-0.563,7.3,1.4,active
2026-08-31T14:00,PUN_3409438,"Katraj Dairy, Pune - MPCB",18.4545,73.8542,21.9,36,27.2,62,22.2,278,6.107,-0.858,7.3,1.8,active
2026-08-31T15:00,PUN_3409438,"Katraj Dairy, Pune - MPCB",18.4545,73.8542,22.2,37,26.6,66,19.4,278,5.336,-0.75,7.1,2.6,active
2026-08-31T16:00,PUN_3409438,"Katraj Dairy, Pune - MPCB",18.4545,73.8542,23.3,38,25.8,70,21.2,276,5.857,-0.616,6.3,3.7,active
2026-08-31T17:00,PUN_3409438,"Katraj Dairy, Pune - MPCB",18.4545,73.8542,21.5,35,24.9,76,17.6,271,4.888,-0.085,8.9,4.5,active
2026-08-31T18:00,PUN_3409438,"Katraj Dairy, Pune - MPCB",18.4545,73.8542,20.8,34,23.7,82,15.3,269,4.249,0.074,8.6,7.1,active
2026-08-31T19:00,PUN_3409438,"Katraj Dairy, Pune - MPCB",18.4545,73.8542,19.4,32,22.7,87,12.6,261,3.457,0.548,9.2,10.6,active
2026-08-31T20:00,PUN_3409438,"Katraj Dairy, Pune - MPCB",18.4545,73.8542,19.2,32,22.6,88,12.6,257,3.41,0.787,8.6,13.1,active
2026-08-31T21:00,PUN_3409438,"Katraj Dairy, Pune - MPCB",18.4545,73.8542,17.6,29,22.5,89,13.1,251,3.441,1.185,8.7,13.8,active
2026-08-31T22:00,PUN_3409438,"Katraj Dairy, Pune - MPCB",18.4545,73.8542,16.1,26,22.0,92,12.7,255,3.408,0.913,8.8,13.4,active
2026-08-31T23:00,PUN_3409438,"Katraj Dairy, Pune - MPCB",18.4545,73.8542,17.3,28,22.0,90,13.8,257,3.735,0.862,7.5,12.3,active
2026-09-01T00:00,PUN_3409438,"Katraj Dairy, Pune - MPCB",18.4545,73.8542,18.0,30,21.9,91,14.0,263,3.86,0.474,5.1,10.2,active
2026-09-01T12:00,PUN_3409438,"Katraj Dairy, Pune - MPCB",18.4545,73.8542,18.6,31,27.7,63,16.8,272,4.664,-0.163,6.3,1.8,active
2026-09-01T14:00,PUN_3409438,"Katraj Dairy, Pune - MPCB",18.4545,73.8542,23.7,39,27.6,62,18.2,267,5.049,0.265,6.2,2.0,active
2026-09-01T15:00,PUN_3409438,"Katraj Dairy, Pune - MPCB",18.4545,73.8542,22.1,36,27.3,63,19.6,267,5.437,0.285,6.4,2.6,active
2026-09-01T16:00,PUN_3409438,"Katraj Dairy, Pune - MPCB",18.4545,73.8542,19.1,31,26.1,71,19.5,267,5.409,0.283,6.0,3.5,active
2026-09-01T17:00,PUN_3409438,"Katraj Dairy, Pune - MPCB",18.4545,73.8542,17.1,28,25.0,78,18.2,269,5.055,0.088,6.8,4.8,active
2026-09-01T18:00,PUN_3409438,"Katraj Dairy, Pune - MPCB",18.4545,73.8542,21.9,36,23.6,85,15.5,268,4.303,0.15,6.0,8.1,active
2026-09-01T19:00,PUN_3409438,"Katraj Dairy, Pune - MPCB",18.4545,73.8542,20.4,34,22.9,89,13.0,271,3.611,-0.063,6.7,12.5,active
2026-09-01T20:00,PUN_3409438,"Katraj Dairy, Pune - MPCB",18.4545,73.8542,20.5,34,22.4,92,11.9,271,3.305,-0.058,7.6,15.4,active
2026-09-01T21:00,PUN_3409438,"Katraj Dairy, Pune - MPCB",18.4545,73.8542,21.6,36,22.4,92,12.1,271,3.361,-0.059,7.9,15.1,active
2026-09-01T22:00,PUN_3409438,"Katraj Dairy, Pune - MPCB",18.4545,73.8542,23.5,39,22.4,92,11.2,266,3.104,0.217,7.5,13.2,active
2026-09-01T23:00,PUN_3409438,"Katraj Dairy, Pune - MPCB",18.4545,73.8542,20.0,33,21.8,93,9.9,251,2.6,0.895,6.7,11.6,active
2026-09-02T00:00,PUN_3409438,"Katraj Dairy, Pune - MPCB",18.4545,73.8542,17.8,29,21.6,93,9.4,239,2.238,1.345,6.1,11.0,active
2026-09-02T01:00,PUN_3409438,"Katraj Dairy, Pune - MPCB",18.4545,73.8542,18.4,30,21.5,94,9.9,243,2.45,1.248,5.9,10.6,active
2026-09-02T02:00,PUN_3409438,"Katraj Dairy, Pune - MPCB",18.4545,73.8542,18.1,30,21.6,94,10.2,252,2.695,0.876,5.8,10.1,active
2026-09-02T03:00,PUN_3409438,"Katraj Dairy, Pune - MPCB",18.4545,73.8542,15.7,26,21.8,93,10.8,255,2.898,0.776,5.7,9.4,active
2026-09-02T04:00,PUN_3409438,"Katraj Dairy, Pune - MPCB",18.4545,73.8542,14.6,24,21.9,91,10.8,252,2.853,0.927,5.7,8.5,active
2026-09-02T05:00,PUN_3409438,"Katraj Dairy, Pune - MPCB",18.4545,73.8542,14.0,23,22.3,93,10.9,253,2.896,0.885,4.4,6.8,active
2026-09-02T06:00,PUN_3409438,"Katraj Dairy, Pune - MPCB",18.4545,73.8542,13.5,22,22.1,92,9.7,252,2.563,0.833,3.7,6.8,active
2026-09-02T07:00,PUN_3409438,"Katraj Dairy, Pune - MPCB",18.4545,73.8542,12.0,20,22.7,88,11.8,251,3.099,1.067,3.5,6.8,active
2026-09-02T08:00,PUN_3409438,"Katraj Dairy, Pune - MPCB",18.4545,73.8542,12.9,21,23.9,83,13.2,248,3.4,1.374,3.7,6.4,active
2026-09-02T09:00,PUN_3409438,"Katraj Dairy, Pune - MPCB",18.4545,73.8542,16.9,28,24.8,79,14.7,248,3.786,1.53,3.5,5.1,active
2026-09-02T10:00,PUN_3409438,"Katraj Dairy, Pune - MPCB",18.4545,73.8542,14.9,24,26.0,75,15.4,256,4.151,1.035,3.5,3.4,active
2026-09-02T11:00,PUN_3409438,"Katraj Dairy, Pune - MPCB",18.4545,73.8542,17.6,29,26.2,72,16.2,255,4.347,1.165,3.2,2.1,active
2026-09-02T12:00,PUN_3409438,"Katraj Dairy, Pune - MPCB",18.4545,73.8542,16.4,27,27.0,69,16.5,264,4.558,0.479,3.1,1.6,active
2026-09-02T13:00,PUN_3409438,"Katraj Dairy, Pune - MPCB",18.4545,73.8542,14.9,24,26.3,71,20.6,261,5.652,0.895,3.3,1.7,active
2026-09-02T14:00,PUN_3409438,"Katraj Dairy, Pune - MPCB",18.4545,73.8542,13.6,22,25.8,73,21.5,266,5.958,0.417,3.8,2.1,active
2026-09-02T15:00,PUN_3409438,"Katraj Dairy, Pune - MPCB",18.4545,73.8542,31.0,51,26.2,74,18.1,280,4.951,-0.873,4.4,2.9,active
2026-09-02T16:00,PUN_3409438,"Katraj Dairy, Pune - MPCB",18.4545,73.8542,23.4,39,25.3,74,19.0,275,5.258,-0.46,3.8,4.1,active
2026-09-02T17:00,PUN_3409438,"Katraj Dairy, Pune - MPCB",18.4545,73.8542,24.8,41,24.3,80,16.4,270,4.556,0.0,3.6,5.6,active
2026-09-02T18:00,PUN_3409438,"Katraj Dairy, Pune - MPCB",18.4545,73.8542,21.7,36,23.3,86,14.8,265,4.095,0.358,4.4,8.9,active
2026-09-02T19:00,PUN_3409438,"Katraj Dairy, Pune - MPCB",18.4545,73.8542,17.0,28,22.5,90,13.8,257,3.735,0.862,6.0,13.4,active
2026-09-02T20:00,PUN_3409438,"Katraj Dairy, Pune - MPCB",18.4545,73.8542,14.3,23,22.2,92,11.7,265,3.238,0.283,6.9,16.3,active
2026-09-02T21:00,PUN_3409438,"Katraj Dairy, Pune - MPCB",18.4545,73.8542,15.7,26,22.0,93,10.1,259,2.754,0.535,6.8,16.2,active
2026-09-02T22:00,PUN_3409438,"Katraj Dairy, Pune - MPCB",18.4545,73.8542,15.7,26,21.9,93,9.6,254,2.563,0.735,7.1,14.5,active
2026-09-02T23:00,PUN_3409438,"Katraj Dairy, Pune - MPCB",18.4545,73.8542,14.1,23,21.8,92,10.0,250,2.61,0.95,6.2,12.7,active
2026-09-03T00:00,PUN_3409438,"Katraj Dairy, Pune - MPCB",18.4545,73.8542,14.5,24,21.4,93,10.6,249,2.749,1.055,4.9,11.0,active
2026-09-03T01:00,PUN_3409438,"Katraj Dairy, Pune - MPCB",18.4545,73.8542,13.1,21,21.5,93,9.3,252,2.457,0.798,4.8,9.1,active
2026-09-03T02:00,PUN_3409438,"Katraj Dairy, Pune - MPCB",18.4545,73.8542,15.7,26,21.5,93,8.7,246,2.208,0.983,4.6,7.7,active
2026-09-03T03:00,PUN_3409438,"Katraj Dairy, Pune - MPCB",18.4545,73.8542,14.9,24,21.5,94,8.9,245,2.241,1.045,4.3,7.2,active
2026-09-03T04:00,PUN_3409438,"Katraj Dairy, Pune - MPCB",18.4545,73.8542,14.2,23,21.7,93,10.0,237,2.33,1.513,3.7,7.1,active
2026-09-03T05:00,PUN_3409438,"Katraj Dairy, Pune - MPCB",18.4545,73.8542,14.8,24,21.7,92,10.2,249,2.645,1.015,2.5,6.1,active
2026-09-03T06:00,PUN_3409438,"Katraj Dairy, Pune - MPCB",18.4545,73.8542,12.4,20,21.7,91,10.2,252,2.695,0.876,2.3,6.3,active
2026-09-03T07:00,PUN_3409438,"Katraj Dairy, Pune - MPCB",18.4545,73.8542,12.4,20,22.3,89,11.8,261,3.237,0.513,2.5,6.6,active
2026-09-03T08:00,PUN_3409438,"Katraj Dairy, Pune - MPCB",18.4545,73.8542,14.1,23,23.3,83,13.7,260,3.748,0.661,3.3,6.4,active
2026-09-03T09:00,PUN_3409438,"Katraj Dairy, Pune - MPCB",18.4545,73.8542,13.2,22,24.6,76,15.7,261,4.307,0.682,3.9,5.2,active
2026-09-03T10:00,PUN_3409438,"Katraj Dairy, Pune - MPCB",18.4545,73.8542,17.3,28,25.6,73,16.2,260,4.432,0.781,4.8,3.5,active
2026-09-03T11:00,PUN_3409438,"Katraj Dairy, Pune - MPCB",18.4545,73.8542,17.2,28,26.6,68,18.0,263,4.963,0.609,5.9,2.3,active
2026-09-03T12:00,PUN_3409438,"Katraj Dairy, Pune - MPCB",18.4545,73.8542,14.9,24,27.1,66,16.9,268,4.692,0.164,6.3,1.9,active
2026-09-03T13:00,PUN_3409438,"Katraj Dairy, Pune - MPCB",18.4545,73.8542,17.6,29,27.6,63,18.7,267,5.187,0.272,6.4,1.9,active
2026-09-03T14:00,PUN_3409438,"Katraj Dairy, Pune - MPCB",18.4545,73.8542,21.5,35,26.4,69,19.8,268,5.497,0.192,6.2,2.2,active
2026-09-03T15:00,PUN_3409438,"Katraj Dairy, Pune - MPCB",18.4545,73.8542,18.5,30,26.0,76,17.8,270,4.944,0.0,5.9,2.6,active
2026-09-03T16:00,PUN_3409438,"Katraj Dairy, Pune - MPCB",18.4545,73.8542,18.8,31,25.4,74,18.5,271,5.138,-0.09,6.0,3.2,active
2026-09-03T17:00,PUN_3409438,"Katraj Dairy, Pune - MPCB",18.4545,73.8542,14.5,24,24.7,77,17.0,274,4.711,-0.329,9.1,4.4,active
2026-09-03T18:00,PUN_3409438,"Katraj Dairy, Pune - MPCB",18.4545,73.8542,15.6,26,23.3,84,13.4,265,3.708,0.324,8.8,7.4,active
2026-09-03T19:00,PUN_3409438,"Katraj Dairy, Pune - MPCB",18.4545,73.8542,15.4,25,22.7,87,12.5,259,3.408,0.663,9.0,11.5,active
2026-09-03T20:00,PUN_3409438,"Katraj Dairy, Pune - MPCB",18.4545,73.8542,18.5,30,22.1,90,10.7,253,2.842,0.869,9.6,14.4,active
2026-09-03T21:00,PUN_3409438,"Katraj Dairy, Pune - MPCB",18.4545,73.8542,17.8,29,22.1,90,11.0,255,2.951,0.791,11.0,15.3,active
2026-09-03T22:00,PUN_3409438,"Katraj Dairy, Pune - MPCB",18.4545,73.8542,18.7,31,22.3,89,13.9,260,3.802,0.67,10.9,15.0,active
2026-09-03T23:00,PUN_3409438,"Katraj Dairy, Pune - MPCB",18.4545,73.8542,17.5,29,22.2,90,12.5,259,3.408,0.663,9.3,14.1,active
2026-09-04T00:00,PUN_3409438,"Katraj Dairy, Pune - MPCB",18.4545,73.8542,13.7,22,21.6,93,12.2,254,3.258,0.934,7.6,12.6,active
2026-08-21T01:00,PUN_3409439,"Savitribai Phule Pune University, Pune - MPCB",18.5471,73.8269,17.2,28,22.7,90,11.0,265,3.044,0.266,3.8,6.8,active
2026-08-21T02:00,PUN_3409439,"Savitribai Phule Pune University, Pune - MPCB",18.5471,73.8269,15.7,26,22.7,90,11.1,263,3.06,0.376,2.5,5.1,active
2026-08-21T03:00,PUN_3409439,"Savitribai Phule Pune University, Pune - MPCB",18.5471,73.8269,14.6,24,22.4,91,10.3,269,2.861,0.05,2.1,4.6,active
2026-08-21T04:00,PUN_3409439,"Savitribai Phule Pune University, Pune - MPCB",18.5471,73.8269,16.2,27,22.4,90,10.3,267,2.857,0.15,2.1,4.7,active
2026-08-21T05:00,PUN_3409439,"Savitribai Phule Pune University, Pune - MPCB",18.5471,73.8269,12.6,21,22.3,91,11.3,260,3.091,0.545,2.6,5.0,active
2026-08-21T06:00,PUN_3409439,"Savitribai Phule Pune University, Pune - MPCB",18.5471,73.8269,11.9,19,22.3,90,11.5,262,3.163,0.445,2.7,5.2,active
2026-08-21T07:00,PUN_3409439,"Savitribai Phule Pune University, Pune - MPCB",18.5471,73.8269,13.5,22,23.0,88,12.4,268,3.442,0.12,2.8,5.4,active
2026-08-21T08:00,PUN_3409439,"Savitribai Phule Pune University, Pune - MPCB",18.5471,73.8269,10.6,17,23.7,84,13.7,266,3.796,0.265,3.8,5.3,active
2026-08-21T09:00,PUN_3409439,"Savitribai Phule Pune University, Pune - MPCB",18.5471,73.8269,9.2,15,25.3,75,14.2,269,3.944,0.069,5.9,4.4,active
2026-08-21T10:00,PUN_3409439,"Savitribai Phule Pune University, Pune - MPCB",18.5471,73.8269,11.6,19,26.5,69,16.7,269,4.638,0.081,7.8,3.1,active
2026-08-21T11:00,PUN_3409439,"Savitribai Phule Pune University, Pune - MPCB",18.5471,73.8269,13.6,22,27.4,65,17.3,267,4.799,0.252,9.2,2.2,active
2026-08-21T12:00,PUN_3409439,"Savitribai Phule Pune University, Pune - MPCB",18.5471,73.8269,13.3,22,28.1,63,15.9,265,4.4,0.385,9.7,1.8,active
2026-08-21T13:00,PUN_3409439,"Savitribai Phule Pune University, Pune - MPCB",18.5471,73.8269,10.7,17,28.1,61,16.8,265,4.649,0.407,9.9,1.8,active
2026-08-21T14:00,PUN_3409439,"Savitribai Phule Pune University, Pune - MPCB",18.5471,73.8269,10.2,17,27.0,67,18.8,265,5.202,0.455,9.7,2.0,active
2026-08-21T15:00,PUN_3409439,"Savitribai Phule Pune University, Pune - MPCB",18.5471,73.8269,10.5,17,26.8,70,19.4,264,5.359,0.563,8.6,2.4,active
2026-08-21T16:00,PUN_3409439,"Savitribai Phule Pune University, Pune - MPCB",18.5471,73.8269,9.7,16,26.2,72,18.9,267,5.243,0.275,7.4,3.1,active
2026-08-21T17:00,PUN_3409439,"Savitribai Phule Pune University, Pune - MPCB",18.5471,73.8269,8.8,14,25.5,75,15.9,261,4.362,0.691,9.2,3.9,active
2026-08-21T18:00,PUN_3409439,"Savitribai Phule Pune University, Pune - MPCB",18.5471,73.8269,12.1,20,24.5,79,14.5,265,4.012,0.351,9.6,6.4,active
2026-08-21T19:00,PUN_3409439,"Savitribai Phule Pune University, Pune - MPCB",18.5471,73.8269,13.5,22,23.5,85,12.9,261,3.539,0.561,9.4,9.8,active
2026-08-21T20:00,PUN_3409439,"Savitribai Phule Pune University, Pune - MPCB",18.5471,73.8269,9.5,15,23.1,86,12.8,260,3.502,0.617,9.1,12.0,active
2026-08-21T21:00,PUN_3409439,"Savitribai Phule Pune University, Pune - MPCB",18.5471,73.8269,15.2,25,23.1,87,11.9,259,3.245,0.631,9.1,12.1,active
2026-08-21T22:00,PUN_3409439,"Savitribai Phule Pune University, Pune - MPCB",18.5471,73.8269,19.3,32,23.0,88,12.7,259,3.463,0.673,7.9,11.0,active
2026-08-21T23:00,PUN_3409439,"Savitribai Phule Pune University, Pune - MPCB",18.5471,73.8269,15.2,25,22.7,88,12.3,258,3.342,0.71,6.0,9.8,active
2026-08-22T00:00,PUN_3409439,"Savitribai Phule Pune University, Pune - MPCB",18.5471,73.8269,12.7,21,22.4,90,11.2,258,3.043,0.647,4.9,8.6,active
2026-08-22T01:00,PUN_3409439,"Savitribai Phule Pune University, Pune - MPCB",18.5471,73.8269,11.4,19,22.3,90,10.2,256,2.749,0.685,4.2,7.3,active
2026-08-22T02:00,PUN_3409439,"Savitribai Phule Pune University, Pune - MPCB",18.5471,73.8269,11.1,18,22.3,91,10.0,255,2.683,0.719,3.8,6.3,active
2026-08-22T03:00,PUN_3409439,"Savitribai Phule Pune University, Pune - MPCB",18.5471,73.8269,8.8,14,22.4,90,11.4,252,3.012,0.979,3.1,5.9,active
2026-08-22T04:00,PUN_3409439,"Savitribai Phule Pune University, Pune - MPCB",18.5471,73.8269,7.7,12,22.4,90,10.1,254,2.697,0.773,2.7,5.9,active
2026-08-22T05:00,PUN_3409439,"Savitribai Phule Pune University, Pune - MPCB",18.5471,73.8269,7.5,12,23.0,89,12.5,254,3.338,0.957,2.1,5.2,active
2026-08-22T06:00,PUN_3409439,"Savitribai Phule Pune University, Pune - MPCB",18.5471,73.8269,10.1,16,23.1,88,10.9,261,2.991,0.474,2.2,5.6,active
2026-08-22T07:00,PUN_3409439,"Savitribai Phule Pune University, Pune - MPCB",18.5471,73.8269,10.7,17,23.3,87,11.6,257,3.14,0.725,3.5,6.1,active
2026-08-22T08:00,PUN_3409439,"Savitribai Phule Pune University, Pune - MPCB",18.5471,73.8269,10.1,16,23.9,84,14.9,255,3.998,1.071,3.8,6.1,active
2026-08-22T09:00,PUN_3409439,"Savitribai Phule Pune University, Pune - MPCB",18.5471,73.8269,11.1,18,24.8,79,15.8,258,4.293,0.913,5.3,5.0,active
2026-08-22T10:00,PUN_3409439,"Savitribai Phule Pune University, Pune - MPCB",18.5471,73.8269,9.9,16,25.7,74,17.2,264,4.752,0.499,6.4,3.3,active
2026-08-22T11:00,PUN_3409439,"Savitribai Phule Pune University, Pune - MPCB",18.5471,73.8269,9.0,15,26.1,74,20.1,276,5.553,-0.584,7.0,2.2,active
2026-08-22T12:00,PUN_3409439,"Savitribai Phule Pune University, Pune - MPCB",18.5471,73.8269,8.4,14,27.0,71,17.4,277,4.797,-0.589,7.6,2.0,active
2026-08-22T13:00,PUN_3409439,"Savitribai Phule Pune University, Pune - MPCB",18.5471,73.8269,7.8,13,26.6,68,20.4,282,5.543,-1.178,7.9,2.3,active
2026-08-22T14:00,PUN_3409439,"Savitribai Phule Pune University, Pune - MPCB",18.5471,73.8269,6.8,11,25.9,73,16.8,274,4.655,-0.326,8.0,3.0,active
2026-08-22T15:00,PUN_3409439,"Savitribai Phule Pune University, Pune - MPCB",18.5471,73.8269,6.3,10,25.9,75,18.1,276,5.0,-0.526,8.6,4.4,active
2026-08-22T16:00,PUN_3409439,"Savitribai Phule Pune University, Pune - MPCB",18.5471,73.8269,7.2,12,25.1,77,18.6,283,5.034,-1.162,8.7,6.2,active
2026-08-22T17:00,PUN_3409439,"Savitribai Phule Pune University, Pune - MPCB",18.5471,73.8269,9.1,15,25.0,79,17.5,272,4.858,-0.17,9.5,5.9,active
2026-08-22T18:00,PUN_3409439,"Savitribai Phule Pune University, Pune - MPCB",18.5471,73.8269,8.4,14,24.0,85,15.3,272,4.247,-0.148,9.1,8.2,active
2026-08-22T19:00,PUN_3409439,"Savitribai Phule Pune University, Pune - MPCB",18.5471,73.8269,7.9,13,23.7,87,13.7,261,3.759,0.595,9.6,11.4,active
2026-08-22T20:00,PUN_3409439,"Savitribai Phule Pune University, Pune - MPCB",18.5471,73.8269,7.7,12,23.2,88,12.1,260,3.31,0.584,10.1,13.6,active
2026-08-30T07:00,PUN_3409439,"Savitribai Phule Pune University, Pune - MPCB",18.5471,73.8269,9.5,15,22.6,89,18.5,263,5.101,0.626,3.0,3.8,active
2026-08-30T08:00,PUN_3409439,"Savitribai Phule Pune University, Pune - MPCB",18.5471,73.8269,10.5,17,23.5,84,20.4,264,5.636,0.592,3.6,3.6,active
2026-08-30T09:00,PUN_3409439,"Savitribai Phule Pune University, Pune - MPCB",18.5471,73.8269,9.2,15,25.4,73,20.2,268,5.608,0.196,4.9,3.0,active
2026-08-30T10:00,PUN_3409439,"Savitribai Phule Pune University, Pune - MPCB",18.5471,73.8269,7.3,12,26.6,68,21.1,267,5.853,0.307,5.8,2.1,active
2026-08-30T11:00,PUN_3409439,"Savitribai Phule Pune University, Pune - MPCB",18.5471,73.8269,6.0,10,27.0,66,19.8,266,5.487,0.384,6.1,1.5,active
2026-08-30T12:00,PUN_3409439,"Savitribai Phule Pune University, Pune - MPCB",18.5471,73.8269,9.4,15,27.7,63,23.4,272,6.496,-0.227,5.8,1.3,active
2026-08-30T13:00,PUN_3409439,"Savitribai Phule Pune University, Pune - MPCB",18.5471,73.8269,12.0,20,28.0,62,24.2,273,6.713,-0.352,5.5,1.4,active
2026-08-30T14:00,PUN_3409439,"Savitribai Phule Pune University, Pune - MPCB",18.5471,73.8269,11.9,19,28.0,61,23.9,271,6.638,-0.116,5.0,1.7,active
2026-08-30T15:00,PUN_3409439,"Savitribai Phule Pune University, Pune - MPCB",18.5471,73.8269,11.0,18,27.0,67,21.6,270,6.0,0.0,5.1,2.1,active
2026-08-30T16:00,PUN_3409439,"Savitribai Phule Pune University, Pune - MPCB",18.5471,73.8269,8.5,14,26.3,71,19.1,271,5.305,-0.093,5.4,2.6,active
2026-08-30T17:00,PUN_3409439,"Savitribai Phule Pune University, Pune - MPCB",18.5471,73.8269,8.7,14,25.8,73,16.3,264,4.503,0.473,8.1,2.8,active
2026-08-30T18:00,PUN_3409439,"Savitribai Phule Pune University, Pune - MPCB",18.5471,73.8269,11.9,19,24.6,78,15.2,263,4.191,0.515,7.5,4.5,active
2026-08-30T19:00,PUN_3409439,"Savitribai Phule Pune University, Pune - MPCB",18.5471,73.8269,12.9,21,23.7,82,13.1,263,3.612,0.443,7.3,6.8,active
2026-08-30T20:00,PUN_3409439,"Savitribai Phule Pune University, Pune - MPCB",18.5471,73.8269,10.7,17,23.3,87,11.6,265,3.21,0.281,7.0,8.4,active
2026-08-30T21:00,PUN_3409439,"Savitribai Phule Pune University, Pune - MPCB",18.5471,73.8269,8.2,13,23.5,87,11.9,264,3.287,0.346,6.5,8.7,active
2026-08-30T22:00,PUN_3409439,"Savitribai Phule Pune University, Pune - MPCB",18.5471,73.8269,7.0,11,23.4,87,13.3,267,3.689,0.193,5.6,8.3,active
2026-08-30T23:00,PUN_3409439,"Savitribai Phule Pune University, Pune - MPCB",18.5471,73.8269,10.0,16,22.8,89,13.8,263,3.805,0.467,4.9,7.7,active
2026-08-31T00:00,PUN_3409439,"Savitribai Phule Pune University, Pune - MPCB",18.5471,73.8269,12.8,21,22.6,89,13.9,266,3.852,0.269,4.0,7.0,active
2026-08-31T01:00,PUN_3409439,"Savitribai Phule Pune University, Pune - MPCB",18.5471,73.8269,11.2,18,22.3,90,13.9,266,3.852,0.269,3.7,6.2,active
2026-08-31T02:00,PUN_3409439,"Savitribai Phule Pune University, Pune - MPCB",18.5471,73.8269,8.7,14,22.3,90,14.2,268,3.942,0.138,3.3,5.5,active
2026-08-31T03:00,PUN_3409439,"Savitribai Phule Pune University, Pune - MPCB",18.5471,73.8269,6.8,11,22.4,89,15.0,266,4.157,0.291,2.8,5.1,active
2026-08-31T04:00,PUN_3409439,"Savitribai Phule Pune University, Pune - MPCB",18.5471,73.8269,5.6,9,22.3,90,15.0,263,4.136,0.508,2.5,4.9,active
2026-08-31T05:00,PUN_3409439,"Savitribai Phule Pune University, Pune - MPCB",18.5471,73.8269,6.6,11,22.4,88,15.5,266,4.295,0.3,2.1,4.5,active
2026-08-31T06:00,PUN_3409439,"Savitribai Phule Pune University, Pune - MPCB",18.5471,73.8269,8.6,14,22.3,89,15.2,264,4.199,0.441,2.4,4.8,active
2026-08-31T07:00,PUN_3409439,"Savitribai Phule Pune University, Pune - MPCB",18.5471,73.8269,8.6,14,23.0,87,13.9,266,3.852,0.269,3.2,5.2,active
2026-08-31T08:00,PUN_3409439,"Savitribai Phule Pune University, Pune - MPCB",18.5471,73.8269,7.3,12,24.0,82,19.7,274,5.459,-0.382,3.1,5.2,active
2026-08-31T09:00,PUN_3409439,"Savitribai Phule Pune University, Pune - MPCB",18.5471,73.8269,6.4,10,25.5,74,20.6,274,5.708,-0.399,4.6,4.3,active
2026-08-31T10:00,PUN_3409439,"Savitribai Phule Pune University, Pune - MPCB",18.5471,73.8269,6.0,10,26.6,69,18.8,275,5.202,-0.455,5.5,2.9,active
2026-08-31T11:00,PUN_3409439,"Savitribai Phule Pune University, Pune - MPCB",18.5471,73.8269,11.4,19,27.6,63,17.9,273,4.965,-0.26,6.8,1.9,active
2026-08-31T12:00,PUN_3409439,"Savitribai Phule Pune University, Pune - MPCB",18.5471,73.8269,14.5,24,28.3,60,18.0,272,4.997,-0.174,7.3,1.5,active
2026-08-31T13:00,PUN_3409439,"Savitribai Phule Pune University, Pune - MPCB",18.5471,73.8269,11.1,18,28.6,58,18.8,279,5.158,-0.817,7.3,1.4,active
2026-08-31T14:00,PUN_3409439,"Savitribai Phule Pune University, Pune - MPCB",18.5471,73.8269,8.5,14,28.0,61,21.1,279,5.789,-0.917,7.3,1.8,active
2026-08-31T15:00,PUN_3409439,"Savitribai Phule Pune University, Pune - MPCB",18.5471,73.8269,7.1,11,27.6,63,18.9,277,5.211,-0.64,7.1,2.6,active
2026-08-31T16:00,PUN_3409439,"Savitribai Phule Pune University, Pune - MPCB",18.5471,73.8269,9.9,16,26.8,67,20.4,276,5.636,-0.592,6.3,3.7,active
2026-08-31T17:00,PUN_3409439,"Savitribai Phule Pune University, Pune - MPCB",18.5471,73.8269,14.5,24,25.9,74,16.9,270,4.694,0.0,8.9,4.5,active
2026-08-31T18:00,PUN_3409439,"Savitribai Phule Pune University, Pune - MPCB",18.5471,73.8269,13.9,23,24.6,78,15.1,273,4.189,-0.22,8.6,7.1,active
2026-08-31T19:00,PUN_3409439,"Savitribai Phule Pune University, Pune - MPCB",18.5471,73.8269,10.5,17,23.7,84,13.1,263,3.612,0.443,9.2,10.6,active
2026-08-31T20:00,PUN_3409439,"Savitribai Phule Pune University, Pune - MPCB",18.5471,73.8269,9.1,15,23.4,85,12.1,260,3.31,0.584,8.6,13.1,active
2026-08-31T21:00,PUN_3409439,"Savitribai Phule Pune University, Pune - MPCB",18.5471,73.8269,8.4,14,23.3,86,12.0,254,3.204,0.919,8.7,13.8,active
2026-08-31T22:00,PUN_3409439,"Savitribai Phule Pune University, Pune - MPCB",18.5471,73.8269,10.9,18,22.9,87,13.9,259,3.79,0.737,8.8,13.4,active
2026-08-31T23:00,PUN_3409439,"Savitribai Phule Pune University, Pune - MPCB",18.5471,73.8269,14.8,24,22.8,87,12.7,263,3.502,0.43,7.5,12.3,active
2026-09-01T00:00,PUN_3409439,"Savitribai Phule Pune University, Pune - MPCB",18.5471,73.8269,13.9,23,22.6,88,11.4,264,3.149,0.331,5.1,10.2,active
2026-09-01T01:00,PUN_3409439,"Savitribai Phule Pune University, Pune - MPCB",18.5471,73.8269,11.0,18,22.5,90,12.7,264,3.508,0.369,4.4,7.5,active
2026-09-01T02:00,PUN_3409439,"Savitribai Phule Pune University, Pune - MPCB",18.5471,73.8269,9.3,15,22.6,90,12.0,261,3.292,0.521,3.4,5.5,active
2026-09-01T03:00,PUN_3409439,"Savitribai Phule Pune University, Pune - MPCB",18.5471,73.8269,10.3,17,22.5,89,13.7,268,3.803,0.133,2.7,4.9,active
2026-09-01T04:00,PUN_3409439,"Savitribai Phule Pune University, Pune - MPCB",18.5471,73.8269,13.3,22,22.6,89,12.4,268,3.442,0.12,2.3,5.1,active
2026-09-01T05:00,PUN_3409439,"Savitribai Phule Pune University, Pune - MPCB",18.5471,73.8269,14.0,23,22.5,89,13.3,267,3.689,0.193,2.4,5.1,active
2026-09-01T06:00,PUN_3409439,"Savitribai Phule Pune University, Pune - MPCB",18.5471,73.8269,11.8,19,22.5,89,14.2,267,3.939,0.206,3.1,5.6,active
2026-09-01T07:00,PUN_3409439,"Savitribai Phule Pune University, Pune - MPCB",18.5471,73.8269,9.0,15,23.3,84,16.4,266,4.544,0.318,3.4,6.3,active
2026-09-01T08:00,PUN_3409439,"Savitribai Phule Pune University, Pune - MPCB",18.5471,73.8269,7.0,11,24.5,77,16.9,269,4.694,0.082,4.7,6.4,active
2026-09-01T09:00,PUN_3409439,"Savitribai Phule Pune University, Pune - MPCB",18.5471,73.8269,6.9,11,26.0,71,16.0,271,4.444,-0.078,5.2,5.3,active
2026-09-01T10:00,PUN_3409439,"Savitribai Phule Pune University, Pune - MPCB",18.5471,73.8269,10.1,16,27.1,67,16.7,271,4.638,-0.081,5.8,3.6,active
2026-09-01T11:00,PUN_3409439,"Savitribai Phule Pune University, Pune - MPCB",18.5471,73.8269,10.9,18,28.1,61,15.7,272,4.358,-0.152,6.3,2.3,active
2026-09-01T12:00,PUN_3409439,"Savitribai Phule Pune University, Pune - MPCB",18.5471,73.8269,8.4,14,28.9,57,16.0,273,4.438,-0.233,6.3,1.8,active
2026-09-01T13:00,PUN_3409439,"Savitribai Phule Pune University, Pune - MPCB",18.5471,73.8269,6.9,11,29.1,57,17.2,276,4.752,-0.499,6.1,1.7,active
2026-09-01T14:00,PUN_3409439,"Savitribai Phule Pune University, Pune - MPCB",18.5471,73.8269,7.3,12,29.1,57,18.0,269,4.999,0.087,6.2,2.0,active
2026-09-01T15:00,PUN_3409439,"Savitribai Phule Pune University, Pune - MPCB",18.5471,73.8269,8.7,14,28.4,57,18.7,271,5.194,-0.091,6.4,2.6,active
2026-09-01T16:00,PUN_3409439,"Savitribai Phule Pune University, Pune - MPCB",18.5471,73.8269,14.0,23,27.1,65,19.8,273,5.493,-0.288,6.0,3.5,active
2026-09-01T17:00,PUN_3409439,"Savitribai Phule Pune University, Pune - MPCB",18.5471,73.8269,15.8,26,26.1,74,18.4,280,5.034,-0.888,6.8,4.8,active
2026-09-01T18:00,PUN_3409439,"Savitribai Phule Pune University, Pune - MPCB",18.5471,73.8269,11.8,19,24.6,80,14.6,272,4.053,-0.142,6.0,8.1,active
2026-09-01T19:00,PUN_3409439,"Savitribai Phule Pune University, Pune - MPCB",18.5471,73.8269,9.0,15,23.9,83,13.0,269,3.611,0.063,6.7,12.5,active
2026-09-01T20:00,PUN_3409439,"Savitribai Phule Pune University, Pune - MPCB",18.5471,73.8269,7.5,12,23.4,87,11.9,269,3.305,0.058,7.6,15.4,active
2026-09-01T21:00,PUN_3409439,"Savitribai Phule Pune University, Pune - MPCB",18.5471,73.8269,7.6,12,23.4,88,11.5,269,3.194,0.056,7.9,15.1,active
2026-09-01T22:00,PUN_3409439,"Savitribai Phule Pune University, Pune - MPCB",18.5471,73.8269,10.3,17,23.3,89,10.6,267,2.94,0.154,7.5,13.2,active
2026-09-01T23:00,PUN_3409439,"Savitribai Phule Pune University, Pune - MPCB",18.5471,73.8269,10.8,18,23.0,87,10.4,256,2.803,0.699,6.7,11.6,active
2026-09-02T00:00,PUN_3409439,"Savitribai Phule Pune University, Pune - MPCB",18.5471,73.8269,9.7,16,22.7,88,8.7,248,2.241,0.905,6.1,11.0,active
2026-09-02T01:00,PUN_3409439,"Savitribai Phule Pune University, Pune - MPCB",18.5471,73.8269,8.8,14,22.4,90,9.6,249,2.49,0.956,5.9,10.6,active
2026-09-02T02:00,PUN_3409439,"Savitribai Phule Pune University, Pune - MPCB",18.5471,73.8269,7.2,12,22.3,90,9.4,259,2.563,0.498,5.8,10.1,active
2026-09-02T03:00,PUN_3409439,"Savitribai Phule Pune University, Pune - MPCB",18.5471,73.8269,8.7,14,22.5,90,9.5,261,2.606,0.413,5.7,9.4,active
2026-09-02T04:00,PUN_3409439,"Savitribai Phule Pune University, Pune - MPCB",18.5471,73.8269,9.2,15,22.7,88,9.6,257,2.598,0.6,5.7,8.5,active
2026-09-02T05:00,PUN_3409439,"Savitribai Phule Pune University, Pune - MPCB",18.5471,73.8269,7.4,12,22.9,90,10.4,262,2.861,0.402,4.4,6.8,active
2026-09-02T06:00,PUN_3409439,"Savitribai Phule Pune University, Pune - MPCB",18.5471,73.8269,6.2,10,22.7,90,9.3,262,2.558,0.36,3.7,6.8,active
2026-09-02T07:00,PUN_3409439,"Savitribai Phule Pune University, Pune - MPCB",18.5471,73.8269,7.8,13,23.5,85,11.3,257,3.058,0.706,3.5,6.8,active
2026-09-02T08:00,PUN_3409439,"Savitribai Phule Pune University, Pune - MPCB",18.5471,73.8269,9.5,15,25.0,77,13.4,253,3.56,1.088,3.7,6.4,active
2026-09-02T09:00,PUN_3409439,"Savitribai Phule Pune University, Pune - MPCB",18.5471,73.8269,12.4,20,26.1,72,14.5,253,3.852,1.178,3.5,5.1,active
2026-09-02T10:00,PUN_3409439,"Savitribai Phule Pune University, Pune - MPCB",18.5471,73.8269,13.1,21,27.3,67,15.5,262,4.264,0.599,3.5,3.4,active
2026-09-02T11:00,PUN_3409439,"Savitribai Phule Pune University, Pune - MPCB",18.5471,73.8269,9.9,16,27.8,65,16.0,259,4.363,0.848,3.2,2.1,active
2026-09-02T12:00,PUN_3409439,"Savitribai Phule Pune University, Pune - MPCB",18.5471,73.8269,8.0,13,28.3,64,16.0,262,4.401,0.619,3.1,1.6,active
2026-09-02T14:00,PUN_3409439,"Savitribai Phule Pune University, Pune - MPCB",18.5471,73.8269,2.5,4,27.0,69,20.3,271,5.638,-0.098,3.8,2.1,active
2026-09-02T15:00,PUN_3409439,"Savitribai Phule Pune University, Pune - MPCB",18.5471,73.8269,13.4,22,27.1,70,17.0,274,4.711,-0.329,4.4,2.9,active
2026-09-02T16:00,PUN_3409439,"Savitribai Phule Pune University, Pune - MPCB",18.5471,73.8269,15.6,26,26.4,69,17.8,273,4.938,-0.259,3.8,4.1,active
2026-09-02T17:00,PUN_3409439,"Savitribai Phule Pune University, Pune - MPCB",18.5471,73.8269,12.4,20,25.5,76,15.8,272,4.386,-0.153,3.6,5.6,active
2026-09-02T18:00,PUN_3409439,"Savitribai Phule Pune University, Pune - MPCB",18.5471,73.8269,9.6,16,24.4,81,14.6,267,4.05,0.212,4.4,8.9,active
2026-09-02T19:00,PUN_3409439,"Savitribai Phule Pune University, Pune - MPCB",18.5471,73.8269,8.1,13,23.5,86,13.2,258,3.587,0.762,6.0,13.4,active
2026-09-02T20:00,PUN_3409439,"Savitribai Phule Pune University, Pune - MPCB",18.5471,73.8269,10.8,18,23.2,88,10.9,263,3.005,0.369,6.9,16.3,active
2026-09-02T21:00,PUN_3409439,"Savitribai Phule Pune University, Pune - MPCB",18.5471,73.8269,14.8,24,22.9,90,9.6,262,2.641,0.371,6.8,16.2,active
2026-09-02T22:00,PUN_3409439,"Savitribai Phule Pune University, Pune - MPCB",18.5471,73.8269,13.5,22,22.8,90,8.4,259,2.29,0.445,7.1,14.5,active
2026-09-02T23:00,PUN_3409439,"Savitribai Phule Pune University, Pune - MPCB",18.5471,73.8269,10.6,17,22.8,88,9.0,254,2.403,0.689,6.2,12.7,active
2026-09-03T00:00,PUN_3409439,"Savitribai Phule Pune University, Pune - MPCB",18.5471,73.8269,10.0,16,22.4,90,9.2,253,2.444,0.747,4.9,11.0,active
2026-09-03T01:00,PUN_3409439,"Savitribai Phule Pune University, Pune - MPCB",18.5471,73.8269,12.8,21,22.2,90,8.1,253,2.152,0.658,4.8,9.1,active
2026-09-03T02:00,PUN_3409439,"Savitribai Phule Pune University, Pune - MPCB",18.5471,73.8269,11.9,19,22.2,91,7.9,246,2.005,0.893,4.6,7.7,active
2026-09-03T03:00,PUN_3409439,"Savitribai Phule Pune University, Pune - MPCB",18.5471,73.8269,9.2,15,22.2,91,8.1,252,2.14,0.695,4.3,7.2,active
2026-09-03T04:00,PUN_3409439,"Savitribai Phule Pune University, Pune - MPCB",18.5471,73.8269,7.8,13,22.4,90,8.9,249,2.308,0.886,3.7,7.1,active
2026-09-03T05:00,PUN_3409439,"Savitribai Phule Pune University, Pune - MPCB",18.5471,73.8269,10.4,17,22.3,90,8.9,256,2.399,0.598,2.5,6.1,active
2026-09-03T06:00,PUN_3409439,"Savitribai Phule Pune University, Pune - MPCB",18.5471,73.8269,10.3,17,22.2,90,8.4,259,2.29,0.445,2.3,6.3,active
2026-09-03T07:00,PUN_3409439,"Savitribai Phule Pune University, Pune - MPCB",18.5471,73.8269,8.7,14,22.9,87,9.9,265,2.74,0.24,2.5,6.6,active
2026-09-03T08:00,PUN_3409439,"Savitribai Phule Pune University, Pune - MPCB",18.5471,73.8269,10.8,18,24.1,80,13.4,259,3.654,0.71,3.3,6.4,active
2026-09-03T09:00,PUN_3409439,"Savitribai Phule Pune University, Pune - MPCB",18.5471,73.8269,10.3,17,25.4,73,15.0,260,4.103,0.724,3.9,5.2,active
2026-09-03T10:00,PUN_3409439,"Savitribai Phule Pune University, Pune - MPCB",18.5471,73.8269,8.4,14,26.4,70,15.8,263,4.356,0.535,4.8,3.5,active
2026-09-03T11:00,PUN_3409439,"Savitribai Phule Pune University, Pune - MPCB",18.5471,73.8269,6.9,11,27.6,65,17.0,266,4.711,0.329,5.9,2.3,active
2026-09-03T12:00,PUN_3409439,"Savitribai Phule Pune University, Pune - MPCB",18.5471,73.8269,7.3,12,28.1,63,16.6,266,4.6,0.322,6.3,1.9,active
2026-09-03T13:00,PUN_3409439,"Savitribai Phule Pune University, Pune - MPCB",18.5471,73.8269,7.0,11,28.6,60,17.6,269,4.888,0.085,6.4,1.9,active
2026-09-03T14:00,PUN_3409439,"Savitribai Phule Pune University, Pune - MPCB",18.5471,73.8269,6.8,11,27.8,62,19.6,269,5.444,0.095,6.2,2.2,active
2026-09-03T15:00,PUN_3409439,"Savitribai Phule Pune University, Pune - MPCB",18.5471,73.8269,6.5,10,27.2,66,17.5,274,4.849,-0.339,5.9,2.6,active
2026-09-03T16:00,PUN_3409439,"Savitribai Phule Pune University, Pune - MPCB",18.5471,73.8269,5.9,9,26.6,68,18.6,268,5.164,0.18,6.0,3.2,active
2026-09-03T17:00,PUN_3409439,"Savitribai Phule Pune University, Pune - MPCB",18.5471,73.8269,5.7,9,25.6,73,16.0,269,4.444,0.078,9.1,4.4,active
2026-09-03T18:00,PUN_3409439,"Savitribai Phule Pune University, Pune - MPCB",18.5471,73.8269,5.5,9,24.2,82,13.5,261,3.704,0.587,8.8,7.4,active
2026-09-03T19:00,PUN_3409439,"Savitribai Phule Pune University, Pune - MPCB",18.5471,73.8269,6.5,10,23.6,84,12.7,263,3.502,0.43,9.0,11.5,active
2026-09-03T20:00,PUN_3409439,"Savitribai Phule Pune University, Pune - MPCB",18.5471,73.8269,6.7,11,23.0,88,10.3,257,2.788,0.644,9.6,14.4,active
2026-09-03T21:00,PUN_3409439,"Savitribai Phule Pune University, Pune - MPCB",18.5471,73.8269,6.8,11,22.9,89,10.0,256,2.695,0.672,11.0,15.3,active
2026-09-03T22:00,PUN_3409439,"Savitribai Phule Pune University, Pune - MPCB",18.5471,73.8269,6.7,11,23.1,88,11.1,256,2.992,0.746,10.9,15.0,active
2026-09-03T23:00,PUN_3409439,"Savitribai Phule Pune University, Pune - MPCB",18.5471,73.8269,6.7,11,22.8,88,11.6,263,3.198,0.393,9.3,14.1,active
2026-09-04T00:00,PUN_3409439,"Savitribai Phule Pune University, Pune - MPCB",18.5471,73.8269,7.2,12,22.5,90,11.1,257,3.004,0.694,7.6,12.6,active
2026-08-21T01:00,PUN_3409526,"Panchawati_Pashan, Pune - IITM",18.5365,73.8055,17.7,29,22.7,90,10.6,259,2.89,0.562,3.8,6.8,hidden_for_validation
2026-08-21T02:00,PUN_3409526,"Panchawati_Pashan, Pune - IITM",18.5365,73.8055,14.9,24,22.6,90,10.8,259,2.945,0.572,2.5,5.1,hidden_for_validation
2026-08-21T03:00,PUN_3409526,"Panchawati_Pashan, Pune - IITM",18.5365,73.8055,13.8,23,22.4,91,9.2,266,2.549,0.178,2.1,4.6,hidden_for_validation
2026-08-21T04:00,PUN_3409526,"Panchawati_Pashan, Pune - IITM",18.5365,73.8055,12.7,21,22.6,90,10.3,263,2.84,0.349,2.1,4.7,hidden_for_validation
2026-08-21T05:00,PUN_3409526,"Panchawati_Pashan, Pune - IITM",18.5365,73.8055,11.7,19,22.2,91,10.4,255,2.79,0.748,2.6,5.0,hidden_for_validation
2026-08-21T06:00,PUN_3409526,"Panchawati_Pashan, Pune - IITM",18.5365,73.8055,10.8,18,22.3,90,11.5,261,3.155,0.5,2.7,5.2,hidden_for_validation
2026-08-21T07:00,PUN_3409526,"Panchawati_Pashan, Pune - IITM",18.5365,73.8055,10.3,17,23.0,89,10.3,268,2.859,0.1,2.8,5.4,hidden_for_validation
2026-08-21T08:00,PUN_3409526,"Panchawati_Pashan, Pune - IITM",18.5365,73.8055,15.5,25,23.7,85,12.5,263,3.446,0.423,3.8,5.3,hidden_for_validation
2026-08-21T09:00,PUN_3409526,"Panchawati_Pashan, Pune - IITM",18.5365,73.8055,17.2,28,25.3,76,14.4,269,3.999,0.07,5.9,4.4,hidden_for_validation
2026-08-21T10:00,PUN_3409526,"Panchawati_Pashan, Pune - IITM",18.5365,73.8055,13.9,23,26.5,72,17.3,269,4.805,0.084,7.8,3.1,hidden_for_validation
2026-08-21T11:00,PUN_3409526,"Panchawati_Pashan, Pune - IITM",18.5365,73.8055,14.5,24,27.3,67,17.2,264,4.752,0.499,9.2,2.2,hidden_for_validation
2026-08-21T12:00,PUN_3409526,"Panchawati_Pashan, Pune - IITM",18.5365,73.8055,19.0,31,28.0,64,16.5,262,4.539,0.638,9.7,1.8,hidden_for_validation
2026-08-21T13:00,PUN_3409526,"Panchawati_Pashan, Pune - IITM",18.5365,73.8055,19.4,32,27.7,65,18.7,262,5.144,0.723,9.9,1.8,hidden_for_validation
2026-08-21T14:00,PUN_3409526,"Panchawati_Pashan, Pune - IITM",18.5365,73.8055,18.4,30,26.8,71,19.4,264,5.359,0.563,9.7,2.0,hidden_for_validation
2026-08-21T15:00,PUN_3409526,"Panchawati_Pashan, Pune - IITM",18.5365,73.8055,16.0,26,26.4,73,19.5,261,5.35,0.847,8.6,2.4,hidden_for_validation
2026-08-21T16:00,PUN_3409526,"Panchawati_Pashan, Pune - IITM",18.5365,73.8055,19.0,31,26.0,74,20.0,267,5.548,0.291,7.4,3.1,hidden_for_validation
2026-08-21T17:00,PUN_3409526,"Panchawati_Pashan, Pune - IITM",18.5365,73.8055,18.3,30,25.3,77,16.2,262,4.456,0.626,9.2,3.9,hidden_for_validation
2026-08-21T18:00,PUN_3409526,"Panchawati_Pashan, Pune - IITM",18.5365,73.8055,14.1,23,24.1,81,14.5,264,4.006,0.421,9.6,6.4,hidden_for_validation
2026-08-21T19:00,PUN_3409526,"Panchawati_Pashan, Pune - IITM",18.5365,73.8055,20.2,33,23.3,86,12.4,257,3.356,0.775,9.4,9.8,hidden_for_validation
2026-08-21T20:00,PUN_3409526,"Panchawati_Pashan, Pune - IITM",18.5365,73.8055,26.0,43,23.0,87,12.5,258,3.396,0.722,9.1,12.0,hidden_for_validation
2026-08-21T21:00,PUN_3409526,"Panchawati_Pashan, Pune - IITM",18.5365,73.8055,26.2,43,23.1,88,10.7,254,2.857,0.819,9.1,12.1,hidden_for_validation
2026-08-21T22:00,PUN_3409526,"Panchawati_Pashan, Pune - IITM",18.5365,73.8055,25.8,43,22.9,88,11.4,255,3.059,0.82,7.9,11.0,hidden_for_validation
2026-08-21T23:00,PUN_3409526,"Panchawati_Pashan, Pune - IITM",18.5365,73.8055,23.8,39,22.6,89,9.1,256,2.453,0.612,6.0,9.8,hidden_for_validation
2026-08-22T00:00,PUN_3409526,"Panchawati_Pashan, Pune - IITM",18.5365,73.8055,16.5,27,22.3,90,9.6,257,2.598,0.6,4.9,8.6,hidden_for_validation
2026-08-22T01:00,PUN_3409526,"Panchawati_Pashan, Pune - IITM",18.5365,73.8055,16.3,27,22.4,90,9.0,255,2.415,0.647,4.2,7.3,hidden_for_validation
2026-08-22T02:00,PUN_3409526,"Panchawati_Pashan, Pune - IITM",18.5365,73.8055,13.6,22,22.4,90,9.1,255,2.442,0.654,3.8,6.3,hidden_for_validation
2026-08-22T03:00,PUN_3409526,"Panchawati_Pashan, Pune - IITM",18.5365,73.8055,12.9,21,22.3,90,10.2,249,2.645,1.015,3.1,5.9,hidden_for_validation
2026-08-22T04:00,PUN_3409526,"Panchawati_Pashan, Pune - IITM",18.5365,73.8055,12.3,20,22.4,90,10.4,253,2.763,0.845,2.7,5.9,hidden_for_validation
2026-08-22T05:00,PUN_3409526,"Panchawati_Pashan, Pune - IITM",18.5365,73.8055,19.2,32,22.9,89,12.8,253,3.4,1.04,2.1,5.2,hidden_for_validation
2026-08-22T06:00,PUN_3409526,"Panchawati_Pashan, Pune - IITM",18.5365,73.8055,17.0,28,23.0,89,11.6,255,3.112,0.834,2.2,5.6,hidden_for_validation
2026-08-22T07:00,PUN_3409526,"Panchawati_Pashan, Pune - IITM",18.5365,73.8055,16.0,26,23.1,89,10.5,257,2.842,0.656,3.5,6.1,hidden_for_validation
2026-08-22T08:00,PUN_3409526,"Panchawati_Pashan, Pune - IITM",18.5365,73.8055,13.6,22,24.0,84,14.7,252,3.884,1.262,3.8,6.1,hidden_for_validation
2026-08-22T09:00,PUN_3409526,"Panchawati_Pashan, Pune - IITM",18.5365,73.8055,16.2,27,24.8,81,16.4,255,4.4,1.179,5.3,5.0,hidden_for_validation
2026-08-22T10:00,PUN_3409526,"Panchawati_Pashan, Pune - IITM",18.5365,73.8055,20.2,33,25.8,76,18.8,258,5.108,1.086,6.4,3.3,hidden_for_validation
2026-08-22T11:00,PUN_3409526,"Panchawati_Pashan, Pune - IITM",18.5365,73.8055,18.2,30,25.7,78,21.8,278,5.997,-0.843,7.0,2.2,hidden_for_validation
2026-08-22T12:00,PUN_3409526,"Panchawati_Pashan, Pune - IITM",18.5365,73.8055,21.5,35,27.2,72,17.5,279,4.801,-0.76,7.6,2.0,hidden_for_validation
2026-08-22T13:00,PUN_3409526,"Panchawati_Pashan, Pune - IITM",18.5365,73.8055,20.2,33,26.1,75,19.3,279,5.295,-0.839,7.9,2.3,hidden_for_validation
2026-08-22T14:00,PUN_3409526,"Panchawati_Pashan, Pune - IITM",18.5365,73.8055,16.8,28,25.8,74,15.9,273,4.411,-0.231,8.0,3.0,hidden_for_validation
2026-08-22T15:00,PUN_3409526,"Panchawati_Pashan, Pune - IITM",18.5365,73.8055,13.5,22,25.7,78,16.9,277,4.659,-0.572,8.6,4.4,hidden_for_validation
2026-08-22T16:00,PUN_3409526,"Panchawati_Pashan, Pune - IITM",18.5365,73.8055,12.4,20,24.7,80,17.8,281,4.854,-0.943,8.7,6.2,hidden_for_validation
2026-08-22T17:00,PUN_3409526,"Panchawati_Pashan, Pune - IITM",18.5365,73.8055,13.3,22,24.7,83,16.4,271,4.555,-0.08,9.5,5.9,hidden_for_validation
2026-08-22T18:00,PUN_3409526,"Panchawati_Pashan, Pune - IITM",18.5365,73.8055,13.0,21,23.8,88,12.4,269,3.444,0.06,9.1,8.2,hidden_for_validation
2026-08-22T19:00,PUN_3409526,"Panchawati_Pashan, Pune - IITM",18.5365,73.8055,14.8,24,23.4,88,14.3,259,3.899,0.758,9.6,11.4,hidden_for_validation
2026-08-22T20:00,PUN_3409526,"Panchawati_Pashan, Pune - IITM",18.5365,73.8055,17.6,29,23.0,89,10.3,258,2.799,0.595,10.1,13.6,hidden_for_validation
2026-08-22T21:00,PUN_3409526,"Panchawati_Pashan, Pune - IITM",18.5365,73.8055,17.9,29,23.1,89,10.8,255,2.898,0.776,9.2,14.0,hidden_for_validation
2026-08-22T22:00,PUN_3409526,"Panchawati_Pashan, Pune - IITM",18.5365,73.8055,18.2,30,23.0,90,9.3,257,2.517,0.581,8.4,13.3,hidden_for_validation
2026-08-22T23:00,PUN_3409526,"Panchawati_Pashan, Pune - IITM",18.5365,73.8055,18.9,31,23.3,90,9.4,241,2.284,1.266,6.9,12.2,hidden_for_validation
2026-08-23T00:00,PUN_3409526,"Panchawati_Pashan, Pune - IITM",18.5365,73.8055,17.5,29,23.3,89,12.9,238,3.039,1.899,5.6,10.4,hidden_for_validation
2026-08-23T01:00,PUN_3409526,"Panchawati_Pashan, Pune - IITM",18.5365,73.8055,12.8,21,22.8,90,10.0,250,2.61,0.95,4.3,8.1,hidden_for_validation
2026-08-23T02:00,PUN_3409526,"Panchawati_Pashan, Pune - IITM",18.5365,73.8055,13.2,22,22.7,91,8.9,262,2.448,0.344,3.4,6.4,hidden_for_validation
2026-08-23T04:00,PUN_3409526,"Panchawati_Pashan, Pune - IITM",18.5365,73.8055,16.6,27,22.4,90,9.8,265,2.712,0.237,2.2,5.5,hidden_for_validation
2026-08-23T05:00,PUN_3409526,"Panchawati_Pashan, Pune - IITM",18.5365,73.8055,15.1,25,22.7,91,9.6,258,2.608,0.554,2.9,5.8,hidden_for_validation
2026-08-23T06:00,PUN_3409526,"Panchawati_Pashan, Pune - IITM",18.5365,73.8055,15.9,26,22.8,91,9.1,260,2.489,0.439,2.8,5.3,hidden_for_validation
2026-08-23T07:00,PUN_3409526,"Panchawati_Pashan, Pune - IITM",18.5365,73.8055,15.0,25,23.3,88,9.1,256,2.453,0.612,3.3,4.6,hidden_for_validation
2026-08-23T08:00,PUN_3409526,"Panchawati_Pashan, Pune - IITM",18.5365,73.8055,16.0,26,24.4,82,15.1,255,4.052,1.086,4.0,3.9,hidden_for_validation
2026-08-23T09:00,PUN_3409526,"Panchawati_Pashan, Pune - IITM",18.5365,73.8055,16.9,28,25.6,77,16.0,261,4.39,0.695,5.7,3.1,hidden_for_validation
2026-08-23T10:00,PUN_3409526,"Panchawati_Pashan, Pune - IITM",18.5365,73.8055,26.6,44,26.1,76,17.2,263,4.742,0.582,7.6,2.4,hidden_for_validation
2026-08-23T11:00,PUN_3409526,"Panchawati_Pashan, Pune - IITM",18.5365,73.8055,25.9,43,26.4,76,19.6,262,5.392,0.758,8.8,1.8,hidden_for_validation
2026-08-23T12:00,PUN_3409526,"Panchawati_Pashan, Pune - IITM",18.5365,73.8055,17.7,29,27.3,72,19.1,267,5.298,0.278,9.4,1.5,hidden_for_validation
2026-08-23T13:00,PUN_3409526,"Panchawati_Pashan, Pune - IITM",18.5365,73.8055,14.5,24,27.1,74,19.7,266,5.459,0.382,9.3,1.4,hidden_for_validation
2026-08-23T14:00,PUN_3409526,"Panchawati_Pashan, Pune - IITM",18.5365,73.8055,13.3,22,26.7,74,20.8,266,5.764,0.403,9.3,1.6,hidden_for_validation
2026-08-23T15:00,PUN_3409526,"Panchawati_Pashan, Pune - IITM",18.5365,73.8055,20.8,34,26.6,76,20.5,269,5.694,0.099,8.1,2.0,hidden_for_validation
2026-08-23T16:00,PUN_3409526,"Panchawati_Pashan, Pune - IITM",18.5365,73.8055,24.3,40,26.0,78,20.2,269,5.61,0.098,7.0,2.7,hidden_for_validation
2026-08-23T17:00,PUN_3409526,"Panchawati_Pashan, Pune - IITM",18.5365,73.8055,23.8,39,25.4,80,16.5,264,4.558,0.479,7.3,3.2,hidden_for_validation
2026-08-23T18:00,PUN_3409526,"Panchawati_Pashan, Pune - IITM",18.5365,73.8055,16.6,27,24.2,85,13.9,269,3.861,0.067,7.7,5.6,hidden_for_validation
2026-08-23T19:00,PUN_3409526,"Panchawati_Pashan, Pune - IITM",18.5365,73.8055,17.9,29,23.7,88,12.2,261,3.347,0.53,8.2,8.9,hidden_for_validation
2026-08-23T20:00,PUN_3409526,"Panchawati_Pashan, Pune - IITM",18.5365,73.8055,22.3,37,23.4,89,11.6,262,3.191,0.448,9.3,11.0,hidden_for_validation
2026-08-23T21:00,PUN_3409526,"Panchawati_Pashan, Pune - IITM",18.5365,73.8055,19.6,32,23.2,90,10.9,263,3.005,0.369,9.6,11.0,hidden_for_validation
2026-08-23T22:00,PUN_3409526,"Panchawati_Pashan, Pune - IITM",18.5365,73.8055,16.5,27,23.2,90,9.7,269,2.694,0.047,9.0,9.8,hidden_for_validation
2026-08-23T23:00,PUN_3409526,"Panchawati_Pashan, Pune - IITM",18.5365,73.8055,18.0,30,23.2,89,10.7,262,2.943,0.414,8.4,8.5,hidden_for_validation
2026-08-24T00:00,PUN_3409526,"Panchawati_Pashan, Pune - IITM",18.5365,73.8055,18.4,30,22.9,91,9.8,265,2.712,0.237,7.6,7.3,hidden_for_validation
2026-08-24T01:00,PUN_3409526,"Panchawati_Pashan, Pune - IITM",18.5365,73.8055,20.2,33,22.9,92,9.0,267,2.497,0.131,5.8,6.0,hidden_for_validation
2026-08-24T02:00,PUN_3409526,"Panchawati_Pashan, Pune - IITM",18.5365,73.8055,16.1,26,22.9,91,9.0,264,2.486,0.261,4.4,5.1,hidden_for_validation
2026-08-24T03:00,PUN_3409526,"Panchawati_Pashan, Pune - IITM",18.5365,73.8055,14.9,24,22.6,92,6.9,265,1.909,0.167,3.6,4.8,hidden_for_validation
2026-08-24T04:00,PUN_3409526,"Panchawati_Pashan, Pune - IITM",18.5365,73.8055,17.5,29,22.7,92,7.2,257,1.949,0.45,3.3,4.8,hidden_for_validation
2026-08-24T05:00,PUN_3409526,"Panchawati_Pashan, Pune - IITM",18.5365,73.8055,19.3,32,23.4,91,10.3,265,2.85,0.249,3.9,4.3,hidden_for_validation
2026-08-24T06:00,PUN_3409526,"Panchawati_Pashan, Pune - IITM",18.5365,73.8055,17.2,28,23.0,92,9.6,275,2.657,-0.232,4.3,4.8,hidden_for_validation
2026-08-24T07:00,PUN_3409526,"Panchawati_Pashan, Pune - IITM",18.5365,73.8055,14.5,24,23.5,90,8.8,268,2.443,0.085,5.0,5.5,hidden_for_validation
2026-08-24T08:00,PUN_3409526,"Panchawati_Pashan, Pune - IITM",18.5365,73.8055,15.1,25,24.6,84,13.9,270,3.861,0.0,6.2,5.6,hidden_for_validation
2026-08-24T09:00,PUN_3409526,"Panchawati_Pashan, Pune - IITM",18.5365,73.8055,20.5,34,25.8,78,13.3,273,3.689,-0.193,8.2,4.8,hidden_for_validation
2026-08-24T10:00,PUN_3409526,"Panchawati_Pashan, Pune - IITM",18.5365,73.8055,19.7,32,27.0,71,15.3,274,4.24,-0.296,10.2,3.4,hidden_for_validation
2026-08-24T11:00,PUN_3409526,"Panchawati_Pashan, Pune - IITM",18.5365,73.8055,22.4,37,27.4,71,17.9,267,4.965,0.26,11.1,2.4,hidden_for_validation
2026-08-24T12:00,PUN_3409526,"Panchawati_Pashan, Pune - IITM",18.5365,73.8055,25.9,43,27.9,69,16.7,269,4.638,0.081,11.2,1.9,hidden_for_validation
2026-08-24T13:00,PUN_3409526,"Panchawati_Pashan, Pune - IITM",18.5365,73.8055,25.2,42,27.9,70,19.0,277,5.238,-0.643,10.4,1.7,hidden_for_validation
2026-08-24T14:00,PUN_3409526,"Panchawati_Pashan, Pune - IITM",18.5365,73.8055,20.9,34,26.8,75,20.5,270,5.694,0.0,10.2,1.9,hidden_for_validation
2026-08-24T15:00,PUN_3409526,"Panchawati_Pashan, Pune - IITM",18.5365,73.8055,16.9,28,27.2,72,18.6,272,5.164,-0.18,9.6,2.4,hidden_for_validation
2026-08-24T16:00,PUN_3409526,"Panchawati_Pashan, Pune - IITM",18.5365,73.8055,22.6,37,26.5,75,20.3,271,5.638,-0.098,9.1,3.3,hidden_for_validation
2026-08-24T17:00,PUN_3409526,"Panchawati_Pashan, Pune - IITM",18.5365,73.8055,21.2,35,25.7,79,17.3,265,4.787,0.419,11.3,4.5,hidden_for_validation
2026-08-24T18:00,PUN_3409526,"Panchawati_Pashan, Pune - IITM",18.5365,73.8055,16.8,28,24.4,83,13.9,266,3.852,0.269,11.2,6.4,hidden_for_validation
2026-08-24T19:00,PUN_3409526,"Panchawati_Pashan, Pune - IITM",18.5365,73.8055,18.0,30,23.6,85,14.0,263,3.86,0.474,10.8,8.9,hidden_for_validation
2026-08-24T20:00,PUN_3409526,"Panchawati_Pashan, Pune - IITM",18.5365,73.8055,23.6,39,23.3,88,12.9,258,3.505,0.745,11.1,10.7,hidden_for_validation
2026-08-24T21:00,PUN_3409526,"Panchawati_Pashan, Pune - IITM",18.5365,73.8055,26.3,43,23.4,89,12.2,261,3.347,0.53,11.1,11.2,hidden_for_validation
2026-08-24T22:00,PUN_3409526,"Panchawati_Pashan, Pune - IITM",18.5365,73.8055,26.4,44,23.2,91,12.1,258,3.288,0.699,11.5,10.9,hidden_for_validation
2026-08-24T23:00,PUN_3409526,"Panchawati_Pashan, Pune - IITM",18.5365,73.8055,25.3,42,23.2,89,12.4,256,3.342,0.833,10.7,10.3,hidden_for_validation
2026-08-25T00:00,PUN_3409526,"Panchawati_Pashan, Pune - IITM",18.5365,73.8055,23.0,38,22.8,90,11.9,264,3.287,0.346,7.9,9.1,hidden_for_validation
2026-08-25T01:00,PUN_3409526,"Panchawati_Pashan, Pune - IITM",18.5365,73.8055,18.2,30,22.7,91,12.6,259,3.436,0.668,6.2,7.5,hidden_for_validation
2026-08-25T02:00,PUN_3409526,"Panchawati_Pashan, Pune - IITM",18.5365,73.8055,13.9,23,22.9,90,13.4,264,3.702,0.389,5.5,6.3,hidden_for_validation
2026-08-25T03:00,PUN_3409526,"Panchawati_Pashan, Pune - IITM",18.5365,73.8055,15.5,25,22.6,91,12.1,267,3.357,0.176,4.4,5.7,hidden_for_validation
2026-08-25T04:00,PUN_3409526,"Panchawati_Pashan, Pune - IITM",18.5365,73.8055,17.0,28,22.7,90,11.8,279,3.237,-0.513,3.5,5.5,hidden_for_validation
2026-08-25T05:00,PUN_3409526,"Panchawati_Pashan, Pune - IITM",18.5365,73.8055,15.9,26,22.4,91,10.3,263,2.84,0.349,3.5,4.8,hidden_for_validation
2026-08-25T06:00,PUN_3409526,"Panchawati_Pashan, Pune - IITM",18.5365,73.8055,18.0,30,22.4,92,7.8,265,2.158,0.189,3.5,5.3,hidden_for_validation
2026-08-25T07:00,PUN_3409526,"Panchawati_Pashan, Pune - IITM",18.5365,73.8055,21.7,36,23.2,90,9.4,267,2.608,0.137,4.1,5.8,hidden_for_validation
2026-08-25T08:00,PUN_3409526,"Panchawati_Pashan, Pune - IITM",18.5365,73.8055,19.5,32,24.2,84,13.2,268,3.664,0.128,5.3,5.9,hidden_for_validation
2026-08-25T09:00,PUN_3409526,"Panchawati_Pashan, Pune - IITM",18.5365,73.8055,20.5,34,25.3,78,14.8,273,4.106,-0.215,8.2,5.0,hidden_for_validation
2026-08-25T10:00,PUN_3409526,"Panchawati_Pashan, Pune - IITM",18.5365,73.8055,28.6,47,26.6,72,16.0,278,4.401,-0.619,10.3,3.5,hidden_for_validation
2026-08-25T11:00,PUN_3409526,"Panchawati_Pashan, Pune - IITM",18.5365,73.8055,31.4,52,26.3,76,16.8,273,4.66,-0.244,11.5,2.4,hidden_for_validation
2026-08-25T12:00,PUN_3409526,"Panchawati_Pashan, Pune - IITM",18.5365,73.8055,35.2,58,27.2,71,16.2,273,4.494,-0.236,12.2,1.9,hidden_for_validation
2026-08-25T13:00,PUN_3409526,"Panchawati_Pashan, Pune - IITM",18.5365,73.8055,30.8,51,28.1,66,17.3,267,4.799,0.252,12.6,1.8,hidden_for_validation
2026-08-25T14:00,PUN_3409526,"Panchawati_Pashan, Pune - IITM",18.5365,73.8055,29.9,49,27.8,68,19.6,268,5.441,0.19,12.3,2.0,hidden_for_validation
2026-08-25T15:00,PUN_3409526,"Panchawati_Pashan, Pune - IITM",18.5365,73.8055,27.4,45,27.1,70,18.9,270,5.25,0.0,11.2,2.6,hidden_for_validation
2026-08-25T16:00,PUN_3409526,"Panchawati_Pashan, Pune - IITM",18.5365,73.8055,21.3,35,26.5,72,18.5,271,5.138,-0.09,11.0,3.5,hidden_for_validation
2026-08-25T17:00,PUN_3409526,"Panchawati_Pashan, Pune - IITM",18.5365,73.8055,23.9,39,25.8,76,17.0,260,4.651,0.82,21.3,4.4,hidden_for_validation
2026-08-25T18:00,PUN_3409526,"Panchawati_Pashan, Pune - IITM",18.5365,73.8055,30.6,51,24.3,83,14.0,263,3.86,0.474,18.6,6.2,hidden_for_validation
2026-08-25T19:00,PUN_3409526,"Panchawati_Pashan, Pune - IITM",18.5365,73.8055,35.2,58,23.4,87,13.7,261,3.759,0.595,17.0,8.6,hidden_for_validation
2026-08-25T20:00,PUN_3409526,"Panchawati_Pashan, Pune - IITM",18.5365,73.8055,36.5,60,23.3,88,13.6,258,3.695,0.785,15.8,10.6,hidden_for_validation
2026-08-25T21:00,PUN_3409526,"Panchawati_Pashan, Pune - IITM",18.5365,73.8055,30.3,50,23.3,88,12.7,262,3.493,0.491,15.2,11.8,hidden_for_validation
2026-08-25T22:00,PUN_3409526,"Panchawati_Pashan, Pune - IITM",18.5365,73.8055,27.4,45,23.4,89,11.8,259,3.218,0.625,14.9,12.5,hidden_for_validation
2026-08-25T23:00,PUN_3409526,"Panchawati_Pashan, Pune - IITM",18.5365,73.8055,27.6,46,23.1,89,10.9,261,2.991,0.474,14.4,12.5,hidden_for_validation
2026-08-26T00:00,PUN_3409526,"Panchawati_Pashan, Pune - IITM",18.5365,73.8055,27.1,45,22.9,90,14.0,263,3.86,0.474,12.7,11.2,hidden_for_validation
2026-08-26T01:00,PUN_3409526,"Panchawati_Pashan, Pune - IITM",18.5365,73.8055,23.6,39,22.7,91,12.5,265,3.459,0.303,10.6,9.2,hidden_for_validation
2026-08-26T02:00,PUN_3409526,"Panchawati_Pashan, Pune - IITM",18.5365,73.8055,20.4,34,22.6,91,12.8,266,3.547,0.248,8.7,7.5,hidden_for_validation
2026-08-26T03:00,PUN_3409526,"Panchawati_Pashan, Pune - IITM",18.5365,73.8055,27.4,45,22.5,91,13.2,266,3.658,0.256,6.9,6.5,hidden_for_validation
2026-08-26T04:00,PUN_3409526,"Panchawati_Pashan, Pune - IITM",18.5365,73.8055,26.6,44,22.5,91,12.5,265,3.459,0.303,6.2,5.9,hidden_for_validation
2026-08-26T05:00,PUN_3409526,"Panchawati_Pashan, Pune - IITM",18.5365,73.8055,23.1,38,22.8,91,11.2,264,3.094,0.325,4.4,4.8,hidden_for_validation
2026-08-26T06:00,PUN_3409526,"Panchawati_Pashan, Pune - IITM",18.5365,73.8055,25.0,41,22.5,93,9.7,274,2.688,-0.188,4.1,5.3,hidden_for_validation
2026-08-26T07:00,PUN_3409526,"Panchawati_Pashan, Pune - IITM",18.5365,73.8055,25.7,42,23.0,92,12.2,278,3.356,-0.472,4.4,6.0,hidden_for_validation
2026-08-26T08:00,PUN_3409526,"Panchawati_Pashan, Pune - IITM",18.5365,73.8055,25.6,42,23.9,87,14.4,280,3.939,-0.695,5.2,6.1,hidden_for_validation
2026-08-26T09:00,PUN_3409526,"Panchawati_Pashan, Pune - IITM",18.5365,73.8055,21.6,36,25.4,79,16.6,279,4.554,-0.721,7.6,5.1,hidden_for_validation
2026-08-26T10:00,PUN_3409526,"Panchawati_Pashan, Pune - IITM",18.5365,73.8055,23.5,39,26.3,75,18.8,274,5.21,-0.364,10.4,3.5,hidden_for_validation
2026-08-26T11:00,PUN_3409526,"Panchawati_Pashan, Pune - IITM",18.5365,73.8055,24.5,40,27.5,70,18.4,278,5.061,-0.711,13.5,2.3,hidden_for_validation
2026-08-26T12:00,PUN_3409526,"Panchawati_Pashan, Pune - IITM",18.5365,73.8055,25.5,42,27.9,68,17.1,271,4.749,-0.083,15.4,1.8,hidden_for_validation
2026-08-26T13:00,PUN_3409526,"Panchawati_Pashan, Pune - IITM",18.5365,73.8055,27.6,46,28.2,67,18.7,272,5.191,-0.181,14.9,1.7,hidden_for_validation
2026-08-26T14:00,PUN_3409526,"Panchawati_Pashan, Pune - IITM",18.5365,73.8055,28.7,47,27.9,68,18.5,269,5.138,0.09,15.4,2.0,hidden_for_validation
2026-08-26T15:00,PUN_3409526,"Panchawati_Pashan, Pune - IITM",18.5365,73.8055,24.4,40,27.4,70,17.6,270,4.889,0.0,16.1,2.5,hidden_for_validation
2026-08-26T16:00,PUN_3409526,"Panchawati_Pashan, Pune - IITM",18.5365,73.8055,17.1,28,26.5,74,18.8,275,5.202,-0.455,15.8,3.4,hidden_for_validation
2026-08-26T17:00,PUN_3409526,"Panchawati_Pashan, Pune - IITM",18.5365,73.8055,13.7,22,25.9,75,16.6,270,4.611,0.0,17.6,4.2,hidden_for_validation
2026-08-26T18:00,PUN_3409526,"Panchawati_Pashan, Pune - IITM",18.5365,73.8055,15.4,25,24.6,82,14.4,266,3.99,0.279,16.4,6.6,hidden_for_validation
2026-08-26T19:00,PUN_3409526,"Panchawati_Pashan, Pune - IITM",18.5365,73.8055,20.1,33,23.8,85,13.5,262,3.714,0.522,15.5,9.8,hidden_for_validation
2026-08-26T20:00,PUN_3409526,"Panchawati_Pashan, Pune - IITM",18.5365,73.8055,19.3,32,23.6,85,13.3,257,3.6,0.831,13.8,12.2,hidden_for_validation
2026-08-26T21:00,PUN_3409526,"Panchawati_Pashan, Pune - IITM",18.5365,73.8055,18.8,31,23.2,87,12.3,258,3.342,0.71,11.2,13.0,hidden_for_validation
2026-08-26T22:00,PUN_3409526,"Panchawati_Pashan, Pune - IITM",18.5365,73.8055,29.0,48,23.1,90,9.6,256,2.587,0.645,9.0,12.8,hidden_for_validation
2026-08-26T23:00,PUN_3409526,"Panchawati_Pashan, Pune - IITM",18.5365,73.8055,29.3,48,23.0,89,12.3,256,3.315,0.827,7.0,12.0,hidden_for_validation
2026-08-27T00:00,PUN_3409526,"Panchawati_Pashan, Pune - IITM",18.5365,73.8055,21.0,35,23.0,90,12.0,261,3.292,0.521,5.1,10.1,hidden_for_validation
2026-08-27T01:00,PUN_3409526,"Panchawati_Pashan, Pune - IITM",18.5365,73.8055,26.9,44,23.1,90,12.6,257,3.41,0.787,4.2,7.4,hidden_for_validation
2026-08-27T02:00,PUN_3409526,"Panchawati_Pashan, Pune - IITM",18.5365,73.8055,34.0,56,22.8,91,12.4,262,3.411,0.479,3.8,5.5,hidden_for_validation
2026-08-27T03:00,PUN_3409526,"Panchawati_Pashan, Pune - IITM",18.5365,73.8055,28.8,48,22.8,90,12.9,261,3.539,0.561,3.2,5.0,hidden_for_validation
2026-08-27T04:00,PUN_3409526,"Panchawati_Pashan, Pune - IITM",18.5365,73.8055,18.8,31,22.7,91,12.3,262,3.383,0.476,2.6,5.1,hidden_for_validation
2026-08-27T05:00,PUN_3409526,"Panchawati_Pashan, Pune - IITM",18.5365,73.8055,15.5,25,22.7,92,12.0,256,3.234,0.806,3.7,4.5,hidden_for_validation
2026-08-27T06:00,PUN_3409526,"Panchawati_Pashan, Pune - IITM",18.5365,73.8055,16.4,27,22.8,90,13.6,255,3.649,0.978,3.8,4.7,hidden_for_validation
2026-08-27T07:00,PUN_3409526,"Panchawati_Pashan, Pune - IITM",18.5365,73.8055,16.5,27,23.1,89,11.6,257,3.14,0.725,4.0,4.9,hidden_for_validation
2026-08-27T08:00,PUN_3409526,"Panchawati_Pashan, Pune - IITM",18.5365,73.8055,23.0,38,23.8,85,17.0,260,4.651,0.82,6.9,4.8,hidden_for_validation
2026-08-27T09:00,PUN_3409526,"Panchawati_Pashan, Pune - IITM",18.5365,73.8055,23.6,39,25.1,80,20.1,263,5.542,0.68,10.2,4.0,hidden_for_validation
2026-08-27T10:00,PUN_3409526,"Panchawati_Pashan, Pune - IITM",18.5365,73.8055,20.1,33,26.2,72,17.7,268,4.914,0.172,11.1,2.8,hidden_for_validation
2026-08-27T11:00,PUN_3409526,"Panchawati_Pashan, Pune - IITM",18.5365,73.8055,22.8,38,27.1,66,19.7,261,5.405,0.856,11.4,2.0,hidden_for_validation
2026-08-27T12:00,PUN_3409526,"Panchawati_Pashan, Pune - IITM",18.5365,73.8055,18.5,30,27.3,67,18.7,270,5.194,0.0,11.6,1.7,hidden_for_validation
2026-08-27T13:00,PUN_3409526,"Panchawati_Pashan, Pune - IITM",18.5365,73.8055,19.5,32,26.2,71,21.0,265,5.811,0.508,10.7,1.8,hidden_for_validation
2026-08-27T14:00,PUN_3409526,"Panchawati_Pashan, Pune - IITM",18.5365,73.8055,20.1,33,26.2,73,19.1,269,5.305,0.093,9.1,2.1,hidden_for_validation
2026-08-27T15:00,PUN_3409526,"Panchawati_Pashan, Pune - IITM",18.5365,73.8055,15.9,26,26.2,72,19.3,265,5.341,0.467,8.7,2.3,hidden_for_validation
2026-08-29T00:00,PUN_3409526,"Panchawati_Pashan, Pune - IITM",18.5365,73.8055,18.6,31,22.8,91,13.1,258,3.559,0.757,3.6,8.5,hidden_for_validation
2026-08-29T01:00,PUN_3409526,"Panchawati_Pashan, Pune - IITM",18.5365,73.8055,15.6,26,23.0,90,13.8,261,3.786,0.6,2.7,7.7,hidden_for_validation
2026-08-29T02:00,PUN_3409526,"Panchawati_Pashan, Pune - IITM",18.5365,73.8055,17.0,28,22.7,90,13.9,264,3.84,0.404,2.2,6.8,hidden_for_validation
2026-08-29T03:00,PUN_3409526,"Panchawati_Pashan, Pune - IITM",18.5365,73.8055,14.8,24,22.7,90,16.5,262,4.539,0.638,1.7,5.8,hidden_for_validation
2026-08-29T04:00,PUN_3409526,"Panchawati_Pashan, Pune - IITM",18.5365,73.8055,13.1,21,22.5,92,15.6,263,4.301,0.528,1.6,4.8,hidden_for_validation
2026-08-29T05:00,PUN_3409526,"Panchawati_Pashan, Pune - IITM",18.5365,73.8055,11.8,19,22.1,93,16.6,267,4.605,0.241,3.4,4.2,hidden_for_validation
2026-08-29T06:00,PUN_3409526,"Panchawati_Pashan, Pune - IITM",18.5365,73.8055,11.7,19,22.2,93,14.9,269,4.138,0.072,3.0,4.7,hidden_for_validation
2026-08-29T07:00,PUN_3409526,"Panchawati_Pashan, Pune - IITM",18.5365,73.8055,15.9,26,22.5,92,15.2,263,4.191,0.515,3.1,5.4,hidden_for_validation
2026-08-30T07:00,PUN_3409526,"Panchawati_Pashan, Pune - IITM",18.5365,73.8055,12.2,20,22.5,91,16.5,264,4.558,0.479,3.0,3.8,hidden_for_validation
2026-08-30T08:00,PUN_3409526,"Panchawati_Pashan, Pune - IITM",18.5365,73.8055,24.2,40,23.4,86,19.0,263,5.238,0.643,3.6,3.6,hidden_for_validation
2026-08-30T09:00,PUN_3409526,"Panchawati_Pashan, Pune - IITM",18.5365,73.8055,22.7,37,25.2,76,19.1,268,5.302,0.185,4.9,3.0,hidden_for_validation
2026-08-30T10:00,PUN_3409526,"Panchawati_Pashan, Pune - IITM",18.5365,73.8055,27.4,45,26.4,69,20.8,265,5.756,0.504,5.8,2.1,hidden_for_validation
2026-08-30T11:00,PUN_3409526,"Panchawati_Pashan, Pune - IITM",18.5365,73.8055,21.4,35,26.9,68,19.9,265,5.507,0.482,6.1,1.5,hidden_for_validation
2026-08-30T12:00,PUN_3409526,"Panchawati_Pashan, Pune - IITM",18.5365,73.8055,16.0,26,27.2,68,22.3,271,6.194,-0.108,5.8,1.3,hidden_for_validation
2026-08-30T13:00,PUN_3409526,"Panchawati_Pashan, Pune - IITM",18.5365,73.8055,19.6,32,27.6,66,24.1,272,6.69,-0.234,5.5,1.4,hidden_for_validation
2026-08-30T14:00,PUN_3409526,"Panchawati_Pashan, Pune - IITM",18.5365,73.8055,18.4,30,27.4,65,23.4,268,6.496,0.227,5.0,1.7,hidden_for_validation
2026-08-30T15:00,PUN_3409526,"Panchawati_Pashan, Pune - IITM",18.5365,73.8055,21.3,35,26.5,72,20.7,270,5.75,0.0,5.1,2.1,hidden_for_validation
2026-08-30T16:00,PUN_3409526,"Panchawati_Pashan, Pune - IITM",18.5365,73.8055,17.1,28,26.0,74,19.1,271,5.305,-0.093,5.4,2.6,hidden_for_validation
2026-08-30T17:00,PUN_3409526,"Panchawati_Pashan, Pune - IITM",18.5365,73.8055,14.4,24,25.5,75,16.0,263,4.411,0.542,8.1,2.8,hidden_for_validation
2026-08-30T18:00,PUN_3409526,"Panchawati_Pashan, Pune - IITM",18.5365,73.8055,11.8,19,24.2,80,15.0,259,4.09,0.795,7.5,4.5,hidden_for_validation
2026-08-30T19:00,PUN_3409526,"Panchawati_Pashan, Pune - IITM",18.5365,73.8055,18.3,30,23.3,85,12.7,262,3.493,0.491,7.3,6.8,hidden_for_validation
2026-08-30T20:00,PUN_3409526,"Panchawati_Pashan, Pune - IITM",18.5365,73.8055,15.7,26,23.2,88,11.1,263,3.06,0.376,7.0,8.4,hidden_for_validation
2026-08-30T21:00,PUN_3409526,"Panchawati_Pashan, Pune - IITM",18.5365,73.8055,18.5,30,23.4,88,11.6,263,3.198,0.393,6.5,8.7,hidden_for_validation
2026-08-30T22:00,PUN_3409526,"Panchawati_Pashan, Pune - IITM",18.5365,73.8055,15.4,25,23.2,89,12.7,264,3.508,0.369,5.6,8.3,hidden_for_validation
2026-08-30T23:00,PUN_3409526,"Panchawati_Pashan, Pune - IITM",18.5365,73.8055,12.9,21,22.7,90,12.6,261,3.457,0.548,4.9,7.7,hidden_for_validation
2026-08-31T00:00,PUN_3409526,"Panchawati_Pashan, Pune - IITM",18.5365,73.8055,11.9,19,22.5,90,12.8,267,3.551,0.186,4.0,7.0,hidden_for_validation
2026-08-31T01:00,PUN_3409526,"Panchawati_Pashan, Pune - IITM",18.5365,73.8055,11.6,19,22.2,91,11.9,267,3.301,0.173,3.7,6.2,hidden_for_validation
2026-08-31T02:00,PUN_3409526,"Panchawati_Pashan, Pune - IITM",18.5365,73.8055,11.1,18,22.2,91,12.4,268,3.442,0.12,3.3,5.5,hidden_for_validation
2026-08-31T03:00,PUN_3409526,"Panchawati_Pashan, Pune - IITM",18.5365,73.8055,11.1,18,22.3,90,13.6,264,3.757,0.395,2.8,5.1,hidden_for_validation
2026-08-31T04:00,PUN_3409526,"Panchawati_Pashan, Pune - IITM",18.5365,73.8055,19.1,31,22.2,91,13.6,264,3.757,0.395,2.5,4.9,hidden_for_validation
2026-08-31T05:00,PUN_3409526,"Panchawati_Pashan, Pune - IITM",18.5365,73.8055,16.5,27,22.2,90,13.4,264,3.702,0.389,2.1,4.5,hidden_for_validation
2026-08-31T06:00,PUN_3409526,"Panchawati_Pashan, Pune - IITM",18.5365,73.8055,13.9,23,22.1,91,13.4,265,3.708,0.324,2.4,4.8,hidden_for_validation
2026-08-31T07:00,PUN_3409526,"Panchawati_Pashan, Pune - IITM",18.5365,73.8055,12.7,21,22.8,89,11.7,266,3.242,0.227,3.2,5.2,hidden_for_validation
2026-08-31T08:00,PUN_3409526,"Panchawati_Pashan, Pune - IITM",18.5365,73.8055,16.5,27,23.3,88,18.0,272,4.997,-0.174,3.1,5.2,hidden_for_validation
2026-08-31T09:00,PUN_3409526,"Panchawati_Pashan, Pune - IITM",18.5365,73.8055,15.6,26,24.9,79,18.4,272,5.108,-0.178,4.6,4.3,hidden_for_validation
2026-08-31T10:00,PUN_3409526,"Panchawati_Pashan, Pune - IITM",18.5365,73.8055,20.1,33,26.3,73,17.9,273,4.965,-0.26,5.5,2.9,hidden_for_validation
2026-08-31T11:00,PUN_3409526,"Panchawati_Pashan, Pune - IITM",18.5365,73.8055,19.8,33,27.2,66,17.8,272,4.941,-0.173,6.8,1.9,hidden_for_validation
2026-08-31T12:00,PUN_3409526,"Panchawati_Pashan, Pune - IITM",18.5365,73.8055,23.3,38,27.7,65,17.6,270,4.889,0.0,7.3,1.5,hidden_for_validation
2026-08-31T13:00,PUN_3409526,"Panchawati_Pashan, Pune - IITM",18.5365,73.8055,18.9,31,28.1,63,19.7,275,5.451,-0.477,7.3,1.4,hidden_for_validation
2026-08-31T14:00,PUN_3409526,"Panchawati_Pashan, Pune - IITM",18.5365,73.8055,20.2,33,27.2,68,20.7,278,5.694,-0.8,7.3,1.8,hidden_for_validation
2026-08-31T15:00,PUN_3409526,"Panchawati_Pashan, Pune - IITM",18.5365,73.8055,16.4,27,27.0,69,17.2,277,4.742,-0.582,7.1,2.6,hidden_for_validation
2026-08-31T16:00,PUN_3409526,"Panchawati_Pashan, Pune - IITM",18.5365,73.8055,22.2,37,25.9,75,19.1,273,5.298,-0.278,6.3,3.7,hidden_for_validation
2026-08-31T17:00,PUN_3409526,"Panchawati_Pashan, Pune - IITM",18.5365,73.8055,18.3,30,25.3,78,16.4,270,4.556,0.0,8.9,4.5,hidden_for_validation
2026-08-31T18:00,PUN_3409526,"Panchawati_Pashan, Pune - IITM",18.5365,73.8055,14.6,24,24.1,83,14.2,273,3.939,-0.206,8.6,7.1,hidden_for_validation
2026-08-31T19:00,PUN_3409526,"Panchawati_Pashan, Pune - IITM",18.5365,73.8055,12.7,21,23.2,86,11.9,260,3.255,0.574,9.2,10.6,hidden_for_validation
2026-08-31T20:00,PUN_3409526,"Panchawati_Pashan, Pune - IITM",18.5365,73.8055,14.8,24,23.1,87,9.8,252,2.589,0.841,8.6,13.1,hidden_for_validation
2026-08-31T21:00,PUN_3409526,"Panchawati_Pashan, Pune - IITM",18.5365,73.8055,16.5,27,23.1,88,10.4,249,2.697,1.035,8.7,13.8,hidden_for_validation
2026-08-31T22:00,PUN_3409526,"Panchawati_Pashan, Pune - IITM",18.5365,73.8055,21.4,35,22.6,90,11.8,258,3.206,0.681,8.8,13.4,hidden_for_validation
2026-08-31T23:00,PUN_3409526,"Panchawati_Pashan, Pune - IITM",18.5365,73.8055,21.4,35,22.5,89,10.3,259,2.809,0.546,7.5,12.3,hidden_for_validation
2026-09-01T00:00,PUN_3409526,"Panchawati_Pashan, Pune - IITM",18.5365,73.8055,25.6,42,22.5,90,8.8,258,2.391,0.508,5.1,10.2,hidden_for_validation
2026-09-01T01:00,PUN_3409526,"Panchawati_Pashan, Pune - IITM",18.5365,73.8055,20.8,34,22.3,91,10.7,261,2.936,0.465,4.4,7.5,hidden_for_validation
2026-09-01T02:00,PUN_3409526,"Panchawati_Pashan, Pune - IITM",18.5365,73.8055,15.8,26,22.5,91,8.9,257,2.409,0.556,3.4,5.5,hidden_for_validation
2026-09-01T03:00,PUN_3409526,"Panchawati_Pashan, Pune - IITM",18.5365,73.8055,13.6,22,22.3,91,12.5,265,3.459,0.303,2.7,4.9,hidden_for_validation
2026-09-01T04:00,PUN_3409526,"Panchawati_Pashan, Pune - IITM",18.5365,73.8055,17.9,29,22.5,91,10.8,266,2.993,0.209,2.3,5.1,hidden_for_validation
2026-09-01T05:00,PUN_3409526,"Panchawati_Pashan, Pune - IITM",18.5365,73.8055,15.7,26,22.3,91,11.6,265,3.21,0.281,2.4,5.1,hidden_for_validation
2026-09-01T06:00,PUN_3409526,"Panchawati_Pashan, Pune - IITM",18.5365,73.8055,12.8,21,22.5,90,12.4,267,3.44,0.18,3.1,5.6,hidden_for_validation
2026-09-01T07:00,PUN_3409526,"Panchawati_Pashan, Pune - IITM",18.5365,73.8055,11.7,19,23.1,88,13.7,265,3.791,0.332,3.4,6.3,hidden_for_validation
2026-09-01T08:00,PUN_3409526,"Panchawati_Pashan, Pune - IITM",18.5365,73.8055,17.5,29,24.2,83,16.6,270,4.611,0.0,4.7,6.4,hidden_for_validation
2026-09-01T09:00,PUN_3409526,"Panchawati_Pashan, Pune - IITM",18.5365,73.8055,15.3,25,25.5,76,16.9,270,4.694,0.0,5.2,5.3,hidden_for_validation
2026-09-01T10:00,PUN_3409526,"Panchawati_Pashan, Pune - IITM",18.5365,73.8055,19.3,32,26.5,73,18.0,271,4.999,-0.087,5.8,3.6,hidden_for_validation
2026-09-01T11:00,PUN_3409526,"Panchawati_Pashan, Pune - IITM",18.5365,73.8055,16.1,26,27.5,67,15.7,271,4.36,-0.076,6.3,2.3,hidden_for_validation
2026-09-01T12:00,PUN_3409526,"Panchawati_Pashan, Pune - IITM",18.5365,73.8055,12.7,21,28.1,65,16.4,270,4.556,0.0,6.3,1.8,hidden_for_validation
2026-09-01T13:00,PUN_3409526,"Panchawati_Pashan, Pune - IITM",18.5365,73.8055,20.6,34,28.3,63,17.5,273,4.854,-0.254,6.1,1.7,hidden_for_validation
2026-09-01T14:00,PUN_3409526,"Panchawati_Pashan, Pune - IITM",18.5365,73.8055,17.3,28,28.1,65,17.5,268,4.858,0.17,6.2,2.0,hidden_for_validation
2026-09-01T15:00,PUN_3409526,"Panchawati_Pashan, Pune - IITM",18.5365,73.8055,16.7,27,27.5,67,19.9,265,5.507,0.482,6.4,2.6,hidden_for_validation
2026-09-01T16:00,PUN_3409526,"Panchawati_Pashan, Pune - IITM",18.5365,73.8055,19.1,31,26.1,75,19.4,276,5.359,-0.563,6.0,3.5,hidden_for_validation
2026-09-01T17:00,PUN_3409526,"Panchawati_Pashan, Pune - IITM",18.5365,73.8055,16.9,28,25.4,79,17.5,279,4.801,-0.76,6.8,4.8,hidden_for_validation
2026-09-01T18:00,PUN_3409526,"Panchawati_Pashan, Pune - IITM",18.5365,73.8055,14.7,24,24.0,84,13.0,270,3.611,0.0,6.0,8.1,hidden_for_validation
2026-09-01T19:00,PUN_3409526,"Panchawati_Pashan, Pune - IITM",18.5365,73.8055,13.0,21,23.5,86,11.9,268,3.304,0.115,6.7,12.5,hidden_for_validation
2026-09-01T20:00,PUN_3409526,"Panchawati_Pashan, Pune - IITM",18.5365,73.8055,14.6,24,23.1,89,9.7,273,2.691,-0.141,7.6,15.4,hidden_for_validation
2026-09-01T21:00,PUN_3409526,"Panchawati_Pashan, Pune - IITM",18.5365,73.8055,16.2,27,23.1,90,8.6,270,2.389,0.0,7.9,15.1,hidden_for_validation
2026-09-01T22:00,PUN_3409526,"Panchawati_Pashan, Pune - IITM",18.5365,73.8055,14.8,24,23.2,90,8.1,264,2.238,0.235,7.5,13.2,hidden_for_validation
2026-09-01T23:00,PUN_3409526,"Panchawati_Pashan, Pune - IITM",18.5365,73.8055,22.0,36,22.8,88,8.3,254,2.216,0.636,6.7,11.6,hidden_for_validation
2026-09-02T00:00,PUN_3409526,"Panchawati_Pashan, Pune - IITM",18.5365,73.8055,21.0,35,22.4,90,6.5,247,1.662,0.705,6.1,11.0,hidden_for_validation
2026-09-02T01:00,PUN_3409526,"Panchawati_Pashan, Pune - IITM",18.5365,73.8055,16.5,27,22.4,90,8.1,252,2.14,0.695,5.9,10.6,hidden_for_validation
2026-09-02T02:00,PUN_3409526,"Panchawati_Pashan, Pune - IITM",18.5365,73.8055,14.2,23,22.2,91,7.9,259,2.154,0.419,5.8,10.1,hidden_for_validation
2026-09-02T03:00,PUN_3409526,"Panchawati_Pashan, Pune - IITM",18.5365,73.8055,13.0,21,22.4,90,7.9,258,2.147,0.456,5.7,9.4,hidden_for_validation
2026-09-02T04:00,PUN_3409526,"Panchawati_Pashan, Pune - IITM",18.5365,73.8055,14.7,24,22.6,89,8.5,252,2.246,0.73,5.7,8.5,hidden_for_validation
2026-09-02T05:00,PUN_3409526,"Panchawati_Pashan, Pune - IITM",18.5365,73.8055,17.9,29,22.6,92,8.7,257,2.355,0.544,4.4,6.8,hidden_for_validation
2026-09-02T06:00,PUN_3409526,"Panchawati_Pashan, Pune - IITM",18.5365,73.8055,15.1,25,22.4,92,7.7,258,2.092,0.445,3.7,6.8,hidden_for_validation
2026-09-02T07:00,PUN_3409526,"Panchawati_Pashan, Pune - IITM",18.5365,73.8055,12.3,20,23.2,88,9.8,257,2.652,0.612,3.5,6.8,hidden_for_validation
2026-09-02T08:00,PUN_3409526,"Panchawati_Pashan, Pune - IITM",18.5365,73.8055,17.3,28,24.5,82,14.2,250,3.707,1.349,3.7,6.4,hidden_for_validation
2026-09-02T09:00,PUN_3409526,"Panchawati_Pashan, Pune - IITM",18.5365,73.8055,22.6,37,25.6,78,14.7,251,3.861,1.329,3.5,5.1,hidden_for_validation
2026-09-02T10:00,PUN_3409526,"Panchawati_Pashan, Pune - IITM",18.5365,73.8055,22.8,38,26.8,73,15.4,260,4.213,0.743,3.5,3.4,hidden_for_validation
2026-09-02T11:00,PUN_3409526,"Panchawati_Pashan, Pune - IITM",18.5365,73.8055,17.7,29,26.9,71,16.1,256,4.339,1.082,3.2,2.1,hidden_for_validation
2026-09-02T12:00,PUN_3409526,"Panchawati_Pashan, Pune - IITM",18.5365,73.8055,15.8,26,27.4,70,17.1,261,4.692,0.743,3.1,1.6,hidden_for_validation
2026-09-02T13:00,PUN_3409526,"Panchawati_Pashan, Pune - IITM",18.5365,73.8055,21.4,35,26.3,74,20.7,262,5.694,0.8,3.3,1.7,hidden_for_validation
2026-09-02T14:00,PUN_3409526,"Panchawati_Pashan, Pune - IITM",18.5365,73.8055,17.6,29,26.0,76,20.0,268,5.552,0.194,3.8,2.1,hidden_for_validation
2026-09-02T15:00,PUN_3409526,"Panchawati_Pashan, Pune - IITM",18.5365,73.8055,13.7,22,26.5,75,17.8,278,4.896,-0.688,4.4,2.9,hidden_for_validation
2026-09-02T16:00,PUN_3409526,"Panchawati_Pashan, Pune - IITM",18.5365,73.8055,19.8,33,25.8,73,17.6,271,4.888,-0.085,3.8,4.1,hidden_for_validation
2026-09-02T17:00,PUN_3409526,"Panchawati_Pashan, Pune - IITM",18.5365,73.8055,20.3,33,24.9,79,15.1,271,4.194,-0.073,3.6,5.6,hidden_for_validation
2026-09-02T18:00,PUN_3409526,"Panchawati_Pashan, Pune - IITM",18.5365,73.8055,16.9,28,23.9,84,13.7,265,3.791,0.332,4.4,8.9,hidden_for_validation
2026-09-02T19:00,PUN_3409526,"Panchawati_Pashan, Pune - IITM",18.5365,73.8055,14.5,24,23.1,89,12.3,258,3.342,0.71,6.0,13.4,hidden_for_validation
2026-09-02T20:00,PUN_3409526,"Panchawati_Pashan, Pune - IITM",18.5365,73.8055,13.0,21,23.0,89,9.8,262,2.696,0.379,6.9,16.3,hidden_for_validation
2026-09-02T21:00,PUN_3409526,"Panchawati_Pashan, Pune - IITM",18.5365,73.8055,17.7,29,22.7,90,8.3,265,2.297,0.201,6.8,16.2,hidden_for_validation
2026-09-02T22:00,PUN_3409526,"Panchawati_Pashan, Pune - IITM",18.5365,73.8055,16.9,28,22.6,91,6.9,263,1.902,0.234,7.1,14.5,hidden_for_validation
2026-09-02T23:00,PUN_3409526,"Panchawati_Pashan, Pune - IITM",18.5365,73.8055,18.9,31,22.3,91,7.1,249,1.841,0.707,6.2,12.7,hidden_for_validation
2026-09-03T00:00,PUN_3409526,"Panchawati_Pashan, Pune - IITM",18.5365,73.8055,17.3,28,22.1,91,7.2,251,1.891,0.651,4.9,11.0,hidden_for_validation
2026-09-03T01:00,PUN_3409526,"Panchawati_Pashan, Pune - IITM",18.5365,73.8055,16.2,27,22.0,91,5.8,254,1.549,0.444,4.8,9.1,hidden_for_validation
2026-09-03T02:00,PUN_3409526,"Panchawati_Pashan, Pune - IITM",18.5365,73.8055,19.1,31,22.0,92,6.0,243,1.485,0.757,4.6,7.7,hidden_for_validation
2026-09-03T03:00,PUN_3409526,"Panchawati_Pashan, Pune - IITM",18.5365,73.8055,25.9,43,22.0,92,5.6,245,1.41,0.657,4.3,7.2,hidden_for_validation
2026-09-03T04:00,PUN_3409526,"Panchawati_Pashan, Pune - IITM",18.5365,73.8055,20.9,34,22.3,92,8.2,241,1.992,1.104,3.7,7.1,hidden_for_validation
2026-09-03T05:00,PUN_3409526,"Panchawati_Pashan, Pune - IITM",18.5365,73.8055,23.4,39,22.2,90,7.3,254,1.949,0.559,2.5,6.1,hidden_for_validation
2026-09-03T06:00,PUN_3409526,"Panchawati_Pashan, Pune - IITM",18.5365,73.8055,18.7,31,22.1,90,7.8,255,2.093,0.561,2.3,6.3,hidden_for_validation
2026-09-03T07:00,PUN_3409526,"Panchawati_Pashan, Pune - IITM",18.5365,73.8055,15.9,26,22.8,87,9.1,260,2.489,0.439,2.5,6.6,hidden_for_validation
2026-09-03T08:00,PUN_3409526,"Panchawati_Pashan, Pune - IITM",18.5365,73.8055,13.9,23,23.9,82,13.9,257,3.762,0.869,3.3,6.4,hidden_for_validation
2026-09-03T09:00,PUN_3409526,"Panchawati_Pashan, Pune - IITM",18.5365,73.8055,18.7,31,25.2,76,15.3,258,4.157,0.884,3.9,5.2,hidden_for_validation
2026-09-03T10:00,PUN_3409526,"Panchawati_Pashan, Pune - IITM",18.5365,73.8055,15.8,26,26.2,73,17.1,259,4.663,0.906,4.8,3.5,hidden_for_validation
2026-09-03T11:00,PUN_3409526,"Panchawati_Pashan, Pune - IITM",18.5365,73.8055,17.5,29,27.3,69,17.7,264,4.89,0.514,5.9,2.3,hidden_for_validation
2026-09-03T12:00,PUN_3409526,"Panchawati_Pashan, Pune - IITM",18.5365,73.8055,17.7,29,27.6,68,16.1,266,4.461,0.312,6.3,1.9,hidden_for_validation
2026-09-03T13:00,PUN_3409526,"Panchawati_Pashan, Pune - IITM",18.5365,73.8055,17.9,29,28.1,65,18.6,268,5.164,0.18,6.4,1.9,hidden_for_validation
2026-09-03T14:00,PUN_3409526,"Panchawati_Pashan, Pune - IITM",18.5365,73.8055,15.7,26,27.0,69,18.4,271,5.11,-0.089,6.2,2.2,hidden_for_validation
2026-09-03T15:00,PUN_3409526,"Panchawati_Pashan, Pune - IITM",18.5365,73.8055,13.8,23,26.5,72,17.3,273,4.799,-0.252,5.9,2.6,hidden_for_validation
2026-09-03T16:00,PUN_3409526,"Panchawati_Pashan, Pune - IITM",18.5365,73.8055,17.4,29,25.7,76,17.5,265,4.843,0.424,6.0,3.2,hidden_for_validation
2026-09-03T17:00,PUN_3409526,"Panchawati_Pashan, Pune - IITM",18.5365,73.8055,14.9,24,25.0,78,15.7,264,4.337,0.456,9.1,4.4,hidden_for_validation
2026-09-03T18:00,PUN_3409526,"Panchawati_Pashan, Pune - IITM",18.5365,73.8055,15.6,26,23.8,84,12.5,259,3.408,0.663,8.8,7.4,hidden_for_validation
2026-09-03T19:00,PUN_3409526,"Panchawati_Pashan, Pune - IITM",18.5365,73.8055,17.2,28,23.2,86,11.4,263,3.143,0.386,9.0,11.5,hidden_for_validation
2026-09-03T20:00,PUN_3409526,"Panchawati_Pashan, Pune - IITM",18.5365,73.8055,14.3,23,22.7,90,9.1,255,2.442,0.654,9.6,14.4,hidden_for_validation
2026-09-03T21:00,PUN_3409526,"Panchawati_Pashan, Pune - IITM",18.5365,73.8055,15.6,26,22.9,90,8.8,255,2.361,0.633,11.0,15.3,hidden_for_validation
2026-09-03T22:00,PUN_3409526,"Panchawati_Pashan, Pune - IITM",18.5365,73.8055,14.1,23,23.1,89,10.1,253,2.683,0.82,10.9,15.0,hidden_for_validation
2026-09-03T23:00,PUN_3409526,"Panchawati_Pashan, Pune - IITM",18.5365,73.8055,14.3,23,22.7,89,10.3,259,2.809,0.546,9.3,14.1,hidden_for_validation
2026-09-04T00:00,PUN_3409526,"Panchawati_Pashan, Pune - IITM",18.5365,73.8055,14.1,23,22.5,90,9.6,254,2.563,0.735,7.6,12.6,hidden_for_validation
2026-08-21T01:00,PUN_3409528,"Savta Mali Nagar, Pimpri-Chinchwad - IITM",18.6148,73.7995,17.3,28,22.7,92,10.1,254,2.697,0.773,6.8,10.3,active
2026-08-21T02:00,PUN_3409528,"Savta Mali Nagar, Pimpri-Chinchwad - IITM",18.6148,73.7995,14.2,23,22.6,91,9.7,258,2.636,0.56,4.5,7.8,active
2026-08-21T03:00,PUN_3409528,"Savta Mali Nagar, Pimpri-Chinchwad - IITM",18.6148,73.7995,14.1,23,22.3,92,8.1,257,2.192,0.506,3.7,7.0,active
2026-08-21T04:00,PUN_3409528,"Savta Mali Nagar, Pimpri-Chinchwad - IITM",18.6148,73.7995,16.1,26,22.4,92,8.7,256,2.345,0.585,3.5,7.2,active
2026-08-21T05:00,PUN_3409528,"Savta Mali Nagar, Pimpri-Chinchwad - IITM",18.6148,73.7995,14.5,24,22.3,91,10.6,256,2.857,0.712,4.4,6.7,active
2026-08-21T06:00,PUN_3409528,"Savta Mali Nagar, Pimpri-Chinchwad - IITM",18.6148,73.7995,12.0,20,22.4,91,10.2,260,2.79,0.492,4.8,6.7,active
2026-08-21T07:00,PUN_3409528,"Savta Mali Nagar, Pimpri-Chinchwad - IITM",18.6148,73.7995,13.2,22,22.9,90,9.7,272,2.693,-0.094,5.9,6.6,active
2026-08-21T08:00,PUN_3409528,"Savta Mali Nagar, Pimpri-Chinchwad - IITM",18.6148,73.7995,21.7,36,23.8,85,13.0,264,3.591,0.377,7.5,6.3,active
2026-08-21T09:00,PUN_3409528,"Savta Mali Nagar, Pimpri-Chinchwad - IITM",18.6148,73.7995,23.2,38,25.4,76,14.4,270,4.0,0.0,9.2,5.5,active
2026-08-21T10:00,PUN_3409528,"Savta Mali Nagar, Pimpri-Chinchwad - IITM",18.6148,73.7995,16.9,28,26.4,72,17.5,268,4.858,0.17,12.0,4.4,active
2026-08-21T11:00,PUN_3409528,"Savta Mali Nagar, Pimpri-Chinchwad - IITM",18.6148,73.7995,15.4,25,27.2,68,15.9,265,4.4,0.385,13.4,3.5,active
2026-08-21T12:00,PUN_3409528,"Savta Mali Nagar, Pimpri-Chinchwad - IITM",18.6148,73.7995,12.6,21,28.1,63,16.1,263,4.439,0.545,13.6,2.9,active
2026-08-21T13:00,PUN_3409528,"Savta Mali Nagar, Pimpri-Chinchwad - IITM",18.6148,73.7995,10.3,17,27.5,66,19.5,267,5.409,0.283,12.7,2.4,active
2026-08-21T14:00,PUN_3409528,"Savta Mali Nagar, Pimpri-Chinchwad - IITM",18.6148,73.7995,14.0,23,26.7,69,19.3,271,5.36,-0.094,9.8,2.6,active
2026-08-21T15:00,PUN_3409528,"Savta Mali Nagar, Pimpri-Chinchwad - IITM",18.6148,73.7995,13.7,22,26.4,73,19.9,260,5.444,0.96,8.9,3.4,active
2026-08-21T16:00,PUN_3409528,"Savta Mali Nagar, Pimpri-Chinchwad - IITM",18.6148,73.7995,13.4,22,25.9,76,20.5,267,5.687,0.298,8.5,4.8,active
2026-08-21T17:00,PUN_3409528,"Savta Mali Nagar, Pimpri-Chinchwad - IITM",18.6148,73.7995,19.9,33,25.3,77,17.2,260,4.705,0.83,13.2,4.7,active
2026-08-21T18:00,PUN_3409528,"Savta Mali Nagar, Pimpri-Chinchwad - IITM",18.6148,73.7995,19.9,33,23.9,84,14.3,264,3.95,0.415,12.6,7.8,active
2026-08-21T19:00,PUN_3409528,"Savta Mali Nagar, Pimpri-Chinchwad - IITM",18.6148,73.7995,26.8,44,23.2,88,12.0,256,3.234,0.806,12.0,12.1,active
2026-08-21T20:00,PUN_3409528,"Savta Mali Nagar, Pimpri-Chinchwad - IITM",18.6148,73.7995,20.3,33,23.0,89,11.9,255,3.193,0.856,12.4,15.2,active
2026-08-21T21:00,PUN_3409528,"Savta Mali Nagar, Pimpri-Chinchwad - IITM",18.6148,73.7995,15.0,25,23.1,89,10.1,259,2.754,0.535,10.2,16.0,active
2026-08-21T22:00,PUN_3409528,"Savta Mali Nagar, Pimpri-Chinchwad - IITM",18.6148,73.7995,21.3,35,22.9,90,10.1,253,2.683,0.82,8.4,15.6,active
2026-08-21T23:00,PUN_3409528,"Savta Mali Nagar, Pimpri-Chinchwad - IITM",18.6148,73.7995,15.6,26,22.5,90,9.1,256,2.453,0.612,8.7,14.4,active
2026-08-22T01:00,PUN_3409528,"Savta Mali Nagar, Pimpri-Chinchwad - IITM",18.6148,73.7995,18.7,31,22.3,91,9.1,260,2.489,0.439,7.6,8.9,active
2026-08-22T02:00,PUN_3409528,"Savta Mali Nagar, Pimpri-Chinchwad - IITM",18.6148,73.7995,13.9,23,22.2,91,9.1,260,2.489,0.439,6.2,6.5,active
2026-08-22T03:00,PUN_3409528,"Savta Mali Nagar, Pimpri-Chinchwad - IITM",18.6148,73.7995,12.6,21,22.2,91,9.4,252,2.483,0.807,4.7,5.6,active
2026-08-22T04:00,PUN_3409528,"Savta Mali Nagar, Pimpri-Chinchwad - IITM",18.6148,73.7995,9.7,16,22.3,91,9.3,255,2.495,0.669,3.2,5.5,active
2026-08-22T05:00,PUN_3409528,"Savta Mali Nagar, Pimpri-Chinchwad - IITM",18.6148,73.7995,18.3,30,22.9,89,11.8,257,3.194,0.737,4.1,7.0,active
2026-08-22T06:00,PUN_3409528,"Savta Mali Nagar, Pimpri-Chinchwad - IITM",18.6148,73.7995,14.9,24,22.9,89,10.2,262,2.806,0.394,4.9,6.8,active
2026-08-22T07:00,PUN_3409528,"Savta Mali Nagar, Pimpri-Chinchwad - IITM",18.6148,73.7995,13.0,21,23.1,89,10.0,261,2.744,0.435,5.2,6.5,active
2026-08-22T08:00,PUN_3409528,"Savta Mali Nagar, Pimpri-Chinchwad - IITM",18.6148,73.7995,11.1,18,24.2,83,14.2,258,3.858,0.82,5.5,6.0,active
2026-08-22T09:00,PUN_3409528,"Savta Mali Nagar, Pimpri-Chinchwad - IITM",18.6148,73.7995,13.9,23,24.9,80,15.7,260,4.295,0.757,5.7,5.0,active
2026-08-22T10:00,PUN_3409528,"Savta Mali Nagar, Pimpri-Chinchwad - IITM",18.6148,73.7995,10.6,17,25.2,78,17.8,264,4.917,0.517,7.1,3.7,active
2026-08-22T11:00,PUN_3409528,"Savta Mali Nagar, Pimpri-Chinchwad - IITM",18.6148,73.7995,14.2,23,25.8,78,20.3,271,5.638,-0.098,7.9,2.9,active
2026-08-22T12:00,PUN_3409528,"Savta Mali Nagar, Pimpri-Chinchwad - IITM",18.6148,73.7995,17.4,29,27.2,68,19.2,276,5.304,-0.557,8.0,2.7,active
2026-08-22T13:00,PUN_3409528,"Savta Mali Nagar, Pimpri-Chinchwad - IITM",18.6148,73.7995,13.4,22,26.2,74,18.3,280,5.006,-0.883,7.8,2.9,active
2026-08-22T14:00,PUN_3409528,"Savta Mali Nagar, Pimpri-Chinchwad - IITM",18.6148,73.7995,10.5,17,25.9,72,16.9,287,4.489,-1.373,9.5,3.4,active
2026-08-22T15:00,PUN_3409528,"Savta Mali Nagar, Pimpri-Chinchwad - IITM",18.6148,73.7995,9.7,16,25.8,75,17.5,275,4.843,-0.424,8.9,4.2,active
2026-08-22T16:00,PUN_3409528,"Savta Mali Nagar, Pimpri-Chinchwad - IITM",18.6148,73.7995,9.7,16,24.6,81,17.0,274,4.711,-0.329,9.4,5.3,active
2026-08-22T17:00,PUN_3409528,"Savta Mali Nagar, Pimpri-Chinchwad - IITM",18.6148,73.7995,10.6,17,24.6,84,15.7,276,4.337,-0.456,12.1,7.6,active
2026-08-22T18:00,PUN_3409528,"Savta Mali Nagar, Pimpri-Chinchwad - IITM",18.6148,73.7995,13.2,22,23.7,89,10.9,264,3.011,0.316,12.9,11.0,active
2026-08-22T19:00,PUN_3409528,"Savta Mali Nagar, Pimpri-Chinchwad - IITM",18.6148,73.7995,11.6,19,23.4,89,13.1,257,3.546,0.819,13.6,15.7,active
2026-08-22T20:00,PUN_3409528,"Savta Mali Nagar, Pimpri-Chinchwad - IITM",18.6148,73.7995,17.0,28,23.0,90,11.3,262,3.108,0.437,13.5,18.7,active
2026-08-22T21:00,PUN_3409528,"Savta Mali Nagar, Pimpri-Chinchwad - IITM",18.6148,73.7995,19.8,33,23.0,91,10.2,246,2.588,1.152,11.0,18.7,active
2026-08-22T22:00,PUN_3409528,"Savta Mali Nagar, Pimpri-Chinchwad - IITM",18.6148,73.7995,14.4,24,22.9,91,10.4,252,2.748,0.893,9.5,17.1,active
2026-08-22T23:00,PUN_3409528,"Savta Mali Nagar, Pimpri-Chinchwad - IITM",18.6148,73.7995,17.4,29,23.3,92,9.7,246,2.462,1.096,7.1,15.2,active
2026-08-23T00:00,PUN_3409528,"Savta Mali Nagar, Pimpri-Chinchwad - IITM",18.6148,73.7995,18.6,31,23.2,92,11.6,233,2.573,1.939,5.9,13.1,active
2026-08-23T01:00,PUN_3409528,"Savta Mali Nagar, Pimpri-Chinchwad - IITM",18.6148,73.7995,16.0,26,22.8,91,9.6,249,2.49,0.956,5.0,10.6,active
2026-08-23T02:00,PUN_3409528,"Savta Mali Nagar, Pimpri-Chinchwad - IITM",18.6148,73.7995,14.1,23,22.7,92,8.5,257,2.301,0.531,4.6,8.7,active
2026-08-23T04:00,PUN_3409528,"Savta Mali Nagar, Pimpri-Chinchwad - IITM",18.6148,73.7995,10.3,17,22.3,91,9.6,262,2.641,0.371,3.1,7.3,active
2026-08-23T05:00,PUN_3409528,"Savta Mali Nagar, Pimpri-Chinchwad - IITM",18.6148,73.7995,9.5,15,22.7,92,8.6,258,2.337,0.497,3.7,6.9,active
2026-08-23T06:00,PUN_3409528,"Savta Mali Nagar, Pimpri-Chinchwad - IITM",18.6148,73.7995,8.8,14,22.8,91,9.0,260,2.462,0.434,3.6,6.8,active
2026-08-23T07:00,PUN_3409528,"Savta Mali Nagar, Pimpri-Chinchwad - IITM",18.6148,73.7995,9.2,15,23.3,89,7.7,258,2.092,0.445,4.6,6.6,active
2026-08-23T08:00,PUN_3409528,"Savta Mali Nagar, Pimpri-Chinchwad - IITM",18.6148,73.7995,9.7,16,24.5,83,13.6,258,3.695,0.785,5.9,6.1,active
2026-08-23T09:00,PUN_3409528,"Savta Mali Nagar, Pimpri-Chinchwad - IITM",18.6148,73.7995,9.6,16,25.6,77,15.5,261,4.253,0.674,6.8,5.0,active
2026-08-23T10:00,PUN_3409528,"Savta Mali Nagar, Pimpri-Chinchwad - IITM",18.6148,73.7995,19.4,32,26.4,74,16.9,262,4.649,0.653,10.4,3.6,active
2026-08-23T11:00,PUN_3409528,"Savta Mali Nagar, Pimpri-Chinchwad - IITM",18.6148,73.7995,16.1,26,26.7,73,19.0,263,5.238,0.643,11.9,2.5,active
2026-08-23T12:00,PUN_3409528,"Savta Mali Nagar, Pimpri-Chinchwad - IITM",18.6148,73.7995,19.1,31,27.2,72,18.6,268,5.164,0.18,12.6,1.9,active
2026-08-23T13:00,PUN_3409528,"Savta Mali Nagar, Pimpri-Chinchwad - IITM",18.6148,73.7995,15.3,25,27.3,73,19.1,265,5.285,0.462,12.7,1.7,active
2026-08-23T14:00,PUN_3409528,"Savta Mali Nagar, Pimpri-Chinchwad - IITM",18.6148,73.7995,12.8,21,27.1,72,20.2,268,5.608,0.196,11.6,1.9,active
2026-08-23T15:00,PUN_3409528,"Savta Mali Nagar, Pimpri-Chinchwad - IITM",18.6148,73.7995,10.5,17,26.7,74,20.4,273,5.659,-0.297,10.0,2.5,active
2026-08-23T16:00,PUN_3409528,"Savta Mali Nagar, Pimpri-Chinchwad - IITM",18.6148,73.7995,12.8,21,26.2,75,19.8,269,5.499,0.096,8.8,3.6,active
2026-08-23T17:00,PUN_3409528,"Savta Mali Nagar, Pimpri-Chinchwad - IITM",18.6148,73.7995,12.7,21,25.5,79,16.8,266,4.655,0.326,10.6,4.5,active
2026-08-23T18:00,PUN_3409528,"Savta Mali Nagar, Pimpri-Chinchwad - IITM",18.6148,73.7995,29.2,48,24.4,84,14.3,266,3.963,0.277,10.4,7.0,active
2026-08-23T19:00,PUN_3409528,"Savta Mali Nagar, Pimpri-Chinchwad - IITM",18.6148,73.7995,28.4,47,23.7,89,12.0,261,3.292,0.521,11.5,10.4,active
2026-08-23T20:00,PUN_3409528,"Savta Mali Nagar, Pimpri-Chinchwad - IITM",18.6148,73.7995,27.6,46,23.3,89,11.8,263,3.253,0.399,11.4,12.7,active
2026-08-23T21:00,PUN_3409528,"Savta Mali Nagar, Pimpri-Chinchwad - IITM",18.6148,73.7995,25.5,42,23.2,90,11.2,266,3.104,0.217,11.4,13.1,active
2026-08-23T22:00,PUN_3409528,"Savta Mali Nagar, Pimpri-Chinchwad - IITM",18.6148,73.7995,15.7,26,23.2,90,10.1,267,2.802,0.147,11.3,12.5,active
2026-08-23T23:00,PUN_3409528,"Savta Mali Nagar, Pimpri-Chinchwad - IITM",18.6148,73.7995,29.8,49,23.4,89,9.9,261,2.716,0.43,10.5,11.5,active
2026-08-24T01:00,PUN_3409528,"Savta Mali Nagar, Pimpri-Chinchwad - IITM",18.6148,73.7995,19.8,33,23.0,92,9.0,269,2.5,0.044,7.2,8.5,active
2026-08-24T02:00,PUN_3409528,"Savta Mali Nagar, Pimpri-Chinchwad - IITM",18.6148,73.7995,13.0,21,23.0,91,9.0,268,2.498,0.087,5.4,7.4,active
2026-08-24T03:00,PUN_3409528,"Savta Mali Nagar, Pimpri-Chinchwad - IITM",18.6148,73.7995,11.3,18,22.6,93,7.2,271,2.0,-0.035,6.2,7.2,active
2026-08-24T04:00,PUN_3409528,"Savta Mali Nagar, Pimpri-Chinchwad - IITM",18.6148,73.7995,12.8,21,22.8,92,6.9,264,1.906,0.2,6.2,7.5,active
2026-08-24T05:00,PUN_3409528,"Savta Mali Nagar, Pimpri-Chinchwad - IITM",18.6148,73.7995,12.5,20,23.5,91,10.1,270,2.806,0.0,5.9,6.5,active
2026-08-24T06:00,PUN_3409528,"Savta Mali Nagar, Pimpri-Chinchwad - IITM",18.6148,73.7995,9.6,16,23.1,92,10.1,271,2.805,-0.049,7.6,6.9,active
2026-08-24T07:00,PUN_3409528,"Savta Mali Nagar, Pimpri-Chinchwad - IITM",18.6148,73.7995,17.6,29,23.3,91,9.2,272,2.554,-0.089,7.9,7.4,active
2026-08-24T08:00,PUN_3409528,"Savta Mali Nagar, Pimpri-Chinchwad - IITM",18.6148,73.7995,21.9,36,24.7,83,14.4,272,3.998,-0.14,9.5,7.4,active
2026-08-24T09:00,PUN_3409528,"Savta Mali Nagar, Pimpri-Chinchwad - IITM",18.6148,73.7995,17.2,28,26.0,76,13.2,274,3.658,-0.256,10.2,6.3,active
2026-08-24T10:00,PUN_3409528,"Savta Mali Nagar, Pimpri-Chinchwad - IITM",18.6148,73.7995,15.6,26,27.0,72,15.6,276,4.31,-0.453,12.5,4.6,active
2026-08-24T11:00,PUN_3409528,"Savta Mali Nagar, Pimpri-Chinchwad - IITM",18.6148,73.7995,21.7,36,27.4,71,17.8,269,4.944,0.086,14.4,3.3,active
2026-08-24T12:00,PUN_3409528,"Savta Mali Nagar, Pimpri-Chinchwad - IITM",18.6148,73.7995,27.9,46,27.6,70,16.9,270,4.694,0.0,15.0,2.7,active
2026-08-24T13:00,PUN_3409528,"Savta Mali Nagar, Pimpri-Chinchwad - IITM",18.6148,73.7995,20.4,34,28.0,68,19.5,280,5.334,-0.941,14.6,2.6,active
2026-08-24T14:00,PUN_3409528,"Savta Mali Nagar, Pimpri-Chinchwad - IITM",18.6148,73.7995,13.9,23,27.0,72,20.2,266,5.597,0.391,14.1,2.9,active
2026-08-24T15:00,PUN_3409528,"Savta Mali Nagar, Pimpri-Chinchwad - IITM",18.6148,73.7995,11.7,19,27.2,72,18.3,276,5.056,-0.531,13.6,3.7,active
2026-08-24T16:00,PUN_3409528,"Savta Mali Nagar, Pimpri-Chinchwad - IITM",18.6148,73.7995,10.4,17,26.4,77,19.8,273,5.493,-0.288,14.5,5.0,active
2026-08-24T17:00,PUN_3409528,"Savta Mali Nagar, Pimpri-Chinchwad - IITM",18.6148,73.7995,18.8,31,25.7,79,17.2,263,4.742,0.582,15.7,7.4,active
2026-08-24T18:00,PUN_3409528,"Savta Mali Nagar, Pimpri-Chinchwad - IITM",18.6148,73.7995,16.3,27,24.4,84,13.4,265,3.708,0.324,16.3,10.7,active
2026-08-24T19:00,PUN_3409528,"Savta Mali Nagar, Pimpri-Chinchwad - IITM",18.6148,73.7995,18.2,30,23.6,87,14.3,264,3.95,0.415,16.3,15.2,active
2026-08-24T20:00,PUN_3409528,"Savta Mali Nagar, Pimpri-Chinchwad - IITM",18.6148,73.7995,15.2,25,23.4,89,13.3,261,3.649,0.578,15.0,17.8,active
2026-08-24T21:00,PUN_3409528,"Savta Mali Nagar, Pimpri-Chinchwad - IITM",18.6148,73.7995,26.0,43,23.5,89,13.3,267,3.689,0.193,13.6,16.9,active
2026-08-24T22:00,PUN_3409528,"Savta Mali Nagar, Pimpri-Chinchwad - IITM",18.6148,73.7995,19.7,32,23.4,90,13.0,264,3.591,0.377,11.6,14.2,active
2026-08-24T23:00,PUN_3409528,"Savta Mali Nagar, Pimpri-Chinchwad - IITM",18.6148,73.7995,29.4,49,23.3,89,11.9,260,3.255,0.574,8.8,11.7,active
2026-08-25T00:00,PUN_3409528,"Savta Mali Nagar, Pimpri-Chinchwad - IITM",18.6148,73.7995,27.1,45,22.9,91,12.4,262,3.411,0.479,9.3,10.0,active
2026-08-25T01:00,PUN_3409528,"Savta Mali Nagar, Pimpri-Chinchwad - IITM",18.6148,73.7995,18.1,30,22.8,92,12.3,259,3.354,0.652,8.1,8.4,active
2026-08-25T02:00,PUN_3409528,"Savta Mali Nagar, Pimpri-Chinchwad - IITM",18.6148,73.7995,12.5,20,22.9,91,13.7,265,3.791,0.332,7.8,7.4,active
2026-08-25T03:00,PUN_3409528,"Savta Mali Nagar, Pimpri-Chinchwad - IITM",18.6148,73.7995,11.6,19,22.6,92,12.6,266,3.492,0.244,6.8,7.1,active
2026-08-25T04:00,PUN_3409528,"Savta Mali Nagar, Pimpri-Chinchwad - IITM",18.6148,73.7995,10.1,16,22.7,91,12.5,275,3.459,-0.303,6.3,7.3,active
2026-08-25T05:00,PUN_3409528,"Savta Mali Nagar, Pimpri-Chinchwad - IITM",18.6148,73.7995,13.0,21,22.6,91,11.2,268,3.109,0.109,6.1,8.8,active
2026-08-25T06:00,PUN_3409528,"Savta Mali Nagar, Pimpri-Chinchwad - IITM",18.6148,73.7995,28.2,47,22.7,91,9.0,265,2.491,0.218,6.4,9.2,active
2026-08-25T07:00,PUN_3409528,"Savta Mali Nagar, Pimpri-Chinchwad - IITM",18.6148,73.7995,19.8,33,23.3,89,9.8,263,2.702,0.332,8.3,9.7,active
2026-08-25T08:00,PUN_3409528,"Savta Mali Nagar, Pimpri-Chinchwad - IITM",18.6148,73.7995,12.7,21,24.2,84,13.3,270,3.694,0.0,10.8,9.4,active
2026-08-25T09:00,PUN_3409528,"Savta Mali Nagar, Pimpri-Chinchwad - IITM",18.6148,73.7995,29.1,48,25.3,79,14.0,271,3.888,-0.068,10.8,7.7,active
2026-08-25T10:00,PUN_3409528,"Savta Mali Nagar, Pimpri-Chinchwad - IITM",18.6148,73.7995,30.9,51,26.6,73,15.4,275,4.262,-0.373,11.6,5.2,active
2026-08-25T11:00,PUN_3409528,"Savta Mali Nagar, Pimpri-Chinchwad - IITM",18.6148,73.7995,27.2,45,26.4,74,16.2,269,4.499,0.079,13.0,3.3,active
2026-08-25T12:00,PUN_3409528,"Savta Mali Nagar, Pimpri-Chinchwad - IITM",18.6148,73.7995,19.6,32,27.3,70,15.3,268,4.247,0.148,16.2,2.5,active
2026-08-25T13:00,PUN_3409528,"Savta Mali Nagar, Pimpri-Chinchwad - IITM",18.6148,73.7995,21.6,36,28.2,65,17.6,271,4.888,-0.085,18.0,2.4,active
2026-08-25T14:00,PUN_3409528,"Savta Mali Nagar, Pimpri-Chinchwad - IITM",18.6148,73.7995,16.8,28,27.8,67,19.8,269,5.499,0.096,19.3,2.6,active
2026-08-25T15:00,PUN_3409528,"Savta Mali Nagar, Pimpri-Chinchwad - IITM",18.6148,73.7995,12.1,20,27.0,70,18.7,272,5.191,-0.181,19.1,3.0,active
2026-08-25T16:00,PUN_3409528,"Savta Mali Nagar, Pimpri-Chinchwad - IITM",18.6148,73.7995,22.1,36,26.4,72,18.2,271,5.055,-0.088,17.4,3.8,active
2026-08-25T17:00,PUN_3409528,"Savta Mali Nagar, Pimpri-Chinchwad - IITM",18.6148,73.7995,28.4,47,25.8,77,17.0,264,4.696,0.494,22.6,6.9,active
2026-08-25T18:00,PUN_3409528,"Savta Mali Nagar, Pimpri-Chinchwad - IITM",18.6148,73.7995,32.0,53,24.4,82,14.6,261,4.006,0.634,21.1,10.2,active
2026-08-25T19:00,PUN_3409528,"Savta Mali Nagar, Pimpri-Chinchwad - IITM",18.6148,73.7995,21.5,35,23.7,86,14.9,262,4.099,0.576,21.1,14.7,active
2026-08-25T20:00,PUN_3409528,"Savta Mali Nagar, Pimpri-Chinchwad - IITM",18.6148,73.7995,22.6,37,23.4,88,13.9,260,3.802,0.67,21.6,18.1,active
2026-08-25T21:00,PUN_3409528,"Savta Mali Nagar, Pimpri-Chinchwad - IITM",18.6148,73.7995,22.6,37,23.4,89,12.3,266,3.408,0.238,20.7,19.5,active
2026-08-25T22:00,PUN_3409528,"Savta Mali Nagar, Pimpri-Chinchwad - IITM",18.6148,73.7995,24.0,40,23.4,90,11.5,262,3.163,0.445,19.2,19.7,active
2026-08-25T23:00,PUN_3409528,"Savta Mali Nagar, Pimpri-Chinchwad - IITM",18.6148,73.7995,40.3,67,23.2,90,10.9,262,2.998,0.421,17.2,18.7,active
2026-08-26T00:00,PUN_3409528,"Savta Mali Nagar, Pimpri-Chinchwad - IITM",18.6148,73.7995,28.0,46,23.0,90,14.1,265,3.902,0.341,13.1,15.9,active
2026-08-26T01:00,PUN_3409528,"Savta Mali Nagar, Pimpri-Chinchwad - IITM",18.6148,73.7995,17.6,29,22.8,91,13.0,269,3.611,0.063,12.9,12.0,active
2026-08-26T02:00,PUN_3409528,"Savta Mali Nagar, Pimpri-Chinchwad - IITM",18.6148,73.7995,16.4,27,22.6,92,13.3,267,3.689,0.193,10.2,9.0,active
2026-08-26T03:00,PUN_3409528,"Savta Mali Nagar, Pimpri-Chinchwad - IITM",18.6148,73.7995,16.3,27,22.5,91,12.8,265,3.542,0.31,9.7,7.9,active
2026-08-26T04:00,PUN_3409528,"Savta Mali Nagar, Pimpri-Chinchwad - IITM",18.6148,73.7995,21.4,35,22.5,91,13.4,263,3.695,0.454,8.4,7.8,active
2026-08-26T05:00,PUN_3409528,"Savta Mali Nagar, Pimpri-Chinchwad - IITM",18.6148,73.7995,27.7,46,23.0,91,12.4,268,3.442,0.12,5.5,8.0,active
2026-08-26T06:00,PUN_3409528,"Savta Mali Nagar, Pimpri-Chinchwad - IITM",18.6148,73.7995,20.7,34,22.7,92,11.5,280,3.146,-0.555,5.4,8.6,active
2026-08-26T07:00,PUN_3409528,"Savta Mali Nagar, Pimpri-Chinchwad - IITM",18.6148,73.7995,15.7,26,23.1,91,12.7,281,3.463,-0.673,6.9,9.5,active
2026-08-26T08:00,PUN_3409528,"Savta Mali Nagar, Pimpri-Chinchwad - IITM",18.6148,73.7995,26.5,44,24.2,84,14.2,279,3.896,-0.617,8.4,9.5,active
2026-08-26T09:00,PUN_3409528,"Savta Mali Nagar, Pimpri-Chinchwad - IITM",18.6148,73.7995,33.0,55,25.6,76,16.2,280,4.432,-0.781,12.5,8.1,active
2026-08-26T10:00,PUN_3409528,"Savta Mali Nagar, Pimpri-Chinchwad - IITM",18.6148,73.7995,25.5,42,26.4,74,19.3,275,5.341,-0.467,15.7,5.9,active
2026-08-26T11:00,PUN_3409528,"Savta Mali Nagar, Pimpri-Chinchwad - IITM",18.6148,73.7995,19.4,32,27.5,69,18.0,279,4.938,-0.782,19.0,4.1,active
2026-08-26T12:00,PUN_3409528,"Savta Mali Nagar, Pimpri-Chinchwad - IITM",18.6148,73.7995,15.0,25,28.1,66,16.8,272,4.664,-0.163,20.8,3.2,active
2026-08-26T13:00,PUN_3409528,"Savta Mali Nagar, Pimpri-Chinchwad - IITM",18.6148,73.7995,11.6,19,28.2,66,18.2,275,5.036,-0.441,21.4,2.8,active
2026-08-26T14:00,PUN_3409528,"Savta Mali Nagar, Pimpri-Chinchwad - IITM",18.6148,73.7995,13.4,22,27.8,68,18.4,272,5.108,-0.178,20.7,2.8,active
2026-08-26T15:00,PUN_3409528,"Savta Mali Nagar, Pimpri-Chinchwad - IITM",18.6148,73.7995,17.7,29,27.6,69,17.8,273,4.938,-0.259,19.8,3.2,active
2026-08-26T16:00,PUN_3409528,"Savta Mali Nagar, Pimpri-Chinchwad - IITM",18.6148,73.7995,16.1,26,26.5,74,18.8,274,5.21,-0.364,16.8,4.1,active
2026-08-26T17:00,PUN_3409528,"Savta Mali Nagar, Pimpri-Chinchwad - IITM",18.6148,73.7995,24.9,41,26.0,76,16.4,270,4.556,0.0,19.5,6.5,active
2026-08-26T18:00,PUN_3409528,"Savta Mali Nagar, Pimpri-Chinchwad - IITM",18.6148,73.7995,19.2,32,24.7,82,14.5,265,4.012,0.351,18.1,10.8,active
2026-08-26T19:00,PUN_3409528,"Savta Mali Nagar, Pimpri-Chinchwad - IITM",18.6148,73.7995,12.9,21,23.7,89,12.8,260,3.502,0.617,17.5,16.7,active
2026-08-26T20:00,PUN_3409528,"Savta Mali Nagar, Pimpri-Chinchwad - IITM",18.6148,73.7995,16.9,28,23.5,89,12.8,259,3.49,0.678,17.5,20.6,active
2026-08-26T21:00,PUN_3409528,"Savta Mali Nagar, Pimpri-Chinchwad - IITM",18.6148,73.7995,34.0,56,23.3,90,11.7,261,3.21,0.508,14.6,20.7,active
2026-08-26T22:00,PUN_3409528,"Savta Mali Nagar, Pimpri-Chinchwad - IITM",18.6148,73.7995,24.6,41,23.2,91,9.7,260,2.654,0.468,13.9,18.8,active
2026-08-26T23:00,PUN_3409528,"Savta Mali Nagar, Pimpri-Chinchwad - IITM",18.6148,73.7995,31.1,51,23.1,90,11.0,255,2.951,0.791,11.2,16.5,active
2026-08-27T00:00,PUN_3409528,"Savta Mali Nagar, Pimpri-Chinchwad - IITM",18.6148,73.7995,22.7,37,22.9,92,10.4,259,2.836,0.551,7.5,13.9,active
2026-08-27T01:00,PUN_3409528,"Savta Mali Nagar, Pimpri-Chinchwad - IITM",18.6148,73.7995,20.1,33,23.1,91,11.8,259,3.218,0.625,5.6,11.0,active
2026-08-27T02:00,PUN_3409528,"Savta Mali Nagar, Pimpri-Chinchwad - IITM",18.6148,73.7995,13.5,22,22.9,92,11.7,260,3.201,0.564,5.9,8.7,active
2026-08-27T03:00,PUN_3409528,"Savta Mali Nagar, Pimpri-Chinchwad - IITM",18.6148,73.7995,14.1,23,22.8,91,12.2,261,3.347,0.53,7.0,7.6,active
2026-08-27T04:00,PUN_3409528,"Savta Mali Nagar, Pimpri-Chinchwad - IITM",18.6148,73.7995,22.6,37,22.7,92,11.8,263,3.253,0.399,5.0,7.1,active
2026-08-27T05:00,PUN_3409528,"Savta Mali Nagar, Pimpri-Chinchwad - IITM",18.6148,73.7995,18.4,30,22.8,92,11.8,262,3.246,0.456,3.4,6.2,active
2026-08-27T06:00,PUN_3409528,"Savta Mali Nagar, Pimpri-Chinchwad - IITM",18.6148,73.7995,24.9,41,23.1,90,12.8,256,3.45,0.86,5.4,6.4,active
2026-08-27T07:00,PUN_3409528,"Savta Mali Nagar, Pimpri-Chinchwad - IITM",18.6148,73.7995,17.3,28,23.2,89,11.3,263,3.116,0.383,6.9,6.6,active
2026-08-27T08:00,PUN_3409528,"Savta Mali Nagar, Pimpri-Chinchwad - IITM",18.6148,73.7995,12.8,21,23.9,86,16.3,263,4.494,0.552,8.6,6.4,active
2026-08-27T09:00,PUN_3409528,"Savta Mali Nagar, Pimpri-Chinchwad - IITM",18.6148,73.7995,11.3,18,25.1,79,19.1,267,5.298,0.278,10.3,5.3,active
2026-08-27T10:00,PUN_3409528,"Savta Mali Nagar, Pimpri-Chinchwad - IITM",18.6148,73.7995,9.2,15,26.3,70,17.1,267,4.744,0.249,10.4,3.8,active
2026-08-27T11:00,PUN_3409528,"Savta Mali Nagar, Pimpri-Chinchwad - IITM",18.6148,73.7995,9.9,16,27.0,67,19.4,263,5.349,0.657,11.3,2.7,active
2026-08-27T12:00,PUN_3409528,"Savta Mali Nagar, Pimpri-Chinchwad - IITM",18.6148,73.7995,16.3,27,27.4,66,18.4,274,5.099,-0.357,11.2,2.4,active
2026-08-27T13:00,PUN_3409528,"Savta Mali Nagar, Pimpri-Chinchwad - IITM",18.6148,73.7995,11.2,18,26.7,69,21.3,268,5.913,0.206,11.2,2.5,active
2026-08-27T14:00,PUN_3409528,"Savta Mali Nagar, Pimpri-Chinchwad - IITM",18.6148,73.7995,9.9,16,26.4,71,20.3,271,5.638,-0.098,13.0,2.9,active
2026-08-27T15:00,PUN_3409528,"Savta Mali Nagar, Pimpri-Chinchwad - IITM",18.6148,73.7995,10.4,17,26.4,72,18.6,267,5.16,0.27,12.0,3.3,active
2026-08-29T00:00,PUN_3409528,"Savta Mali Nagar, Pimpri-Chinchwad - IITM",18.6148,73.7995,11.7,19,22.8,92,11.5,262,3.163,0.445,4.3,10.6,active
2026-08-29T01:00,PUN_3409528,"Savta Mali Nagar, Pimpri-Chinchwad - IITM",18.6148,73.7995,10.1,16,22.8,92,12.1,267,3.357,0.176,5.2,9.9,active
2026-08-29T02:00,PUN_3409528,"Savta Mali Nagar, Pimpri-Chinchwad - IITM",18.6148,73.7995,9.2,15,22.7,92,12.8,265,3.542,0.31,4.3,9.2,active
2026-08-29T03:00,PUN_3409528,"Savta Mali Nagar, Pimpri-Chinchwad - IITM",18.6148,73.7995,9.5,15,22.6,92,14.4,257,3.898,0.9,2.4,8.2,active
2026-08-29T04:00,PUN_3409528,"Savta Mali Nagar, Pimpri-Chinchwad - IITM",18.6148,73.7995,8.0,13,22.5,93,16.3,264,4.503,0.473,2.2,7.2,active
2026-08-29T05:00,PUN_3409528,"Savta Mali Nagar, Pimpri-Chinchwad - IITM",18.6148,73.7995,9.2,15,22.4,93,17.1,267,4.744,0.249,5.2,6.9,active
2026-08-29T06:00,PUN_3409528,"Savta Mali Nagar, Pimpri-Chinchwad - IITM",18.6148,73.7995,11.4,19,22.3,93,15.8,271,4.388,-0.077,5.2,6.6,active
2026-08-29T07:00,PUN_3409528,"Savta Mali Nagar, Pimpri-Chinchwad - IITM",18.6148,73.7995,20.0,33,22.7,91,14.0,262,3.851,0.541,6.5,6.1,active
2026-08-30T07:00,PUN_3409528,"Savta Mali Nagar, Pimpri-Chinchwad - IITM",18.6148,73.7995,8.7,14,22.6,90,15.2,263,4.191,0.515,5.7,6.2,active
2026-08-30T08:00,PUN_3409528,"Savta Mali Nagar, Pimpri-Chinchwad - IITM",18.6148,73.7995,8.2,13,23.6,84,17.3,261,4.746,0.752,6.5,5.6,active
2026-08-30T09:00,PUN_3409528,"Savta Mali Nagar, Pimpri-Chinchwad - IITM",18.6148,73.7995,9.8,16,25.4,73,19.5,266,5.404,0.378,7.5,4.5,active
2026-08-30T10:00,PUN_3409528,"Savta Mali Nagar, Pimpri-Chinchwad - IITM",18.6148,73.7995,8.6,14,26.5,69,21.0,264,5.801,0.61,8.6,3.2,active
2026-08-30T11:00,PUN_3409528,"Savta Mali Nagar, Pimpri-Chinchwad - IITM",18.6148,73.7995,10.6,17,27.1,65,19.1,268,5.302,0.185,9.3,2.3,active
2026-08-30T12:00,PUN_3409528,"Savta Mali Nagar, Pimpri-Chinchwad - IITM",18.6148,73.7995,22.7,37,27.3,65,22.9,271,6.36,-0.111,9.8,1.9,active
2026-08-30T13:00,PUN_3409528,"Savta Mali Nagar, Pimpri-Chinchwad - IITM",18.6148,73.7995,25.8,43,27.7,64,24.2,274,6.706,-0.469,8.4,1.9,active
2026-08-30T14:00,PUN_3409528,"Savta Mali Nagar, Pimpri-Chinchwad - IITM",18.6148,73.7995,16.3,27,27.9,62,23.0,271,6.388,-0.112,8.6,2.1,active
2026-08-30T15:00,PUN_3409528,"Savta Mali Nagar, Pimpri-Chinchwad - IITM",18.6148,73.7995,14.0,23,26.9,69,20.7,267,5.742,0.301,8.8,2.5,active
2026-08-30T16:00,PUN_3409528,"Savta Mali Nagar, Pimpri-Chinchwad - IITM",18.6148,73.7995,14.6,24,26.4,70,19.5,266,5.404,0.378,8.7,3.1,active
2026-08-30T17:00,PUN_3409528,"Savta Mali Nagar, Pimpri-Chinchwad - IITM",18.6148,73.7995,12.3,20,25.8,72,16.2,268,4.497,0.157,9.3,3.6,active
2026-08-30T18:00,PUN_3409528,"Savta Mali Nagar, Pimpri-Chinchwad - IITM",18.6148,73.7995,16.5,27,24.4,82,14.5,262,3.989,0.561,8.5,6.1,active
2026-08-30T19:00,PUN_3409528,"Savta Mali Nagar, Pimpri-Chinchwad - IITM",18.6148,73.7995,12.1,20,23.4,87,12.3,265,3.404,0.298,8.7,9.4,active
2026-08-30T20:00,PUN_3409528,"Savta Mali Nagar, Pimpri-Chinchwad - IITM",18.6148,73.7995,14.1,23,23.3,90,11.2,268,3.109,0.109,8.0,11.6,active
2026-08-30T21:00,PUN_3409528,"Savta Mali Nagar, Pimpri-Chinchwad - IITM",18.6148,73.7995,32.6,54,23.4,89,11.4,267,3.162,0.166,7.4,11.5,active
2026-08-30T22:00,PUN_3409528,"Savta Mali Nagar, Pimpri-Chinchwad - IITM",18.6148,73.7995,21.2,35,23.3,90,11.9,268,3.304,0.115,7.1,10.3,active
2026-08-30T23:00,PUN_3409528,"Savta Mali Nagar, Pimpri-Chinchwad - IITM",18.6148,73.7995,15.3,25,22.7,91,12.3,262,3.383,0.476,7.0,9.1,active
2026-08-31T00:00,PUN_3409528,"Savta Mali Nagar, Pimpri-Chinchwad - IITM",18.6148,73.7995,13.5,22,22.6,91,12.8,268,3.553,0.124,5.5,8.3,active
2026-08-31T01:00,PUN_3409528,"Savta Mali Nagar, Pimpri-Chinchwad - IITM",18.6148,73.7995,13.5,22,22.2,92,12.1,269,3.361,0.059,6.2,7.7,active
2026-08-31T02:00,PUN_3409528,"Savta Mali Nagar, Pimpri-Chinchwad - IITM",18.6148,73.7995,10.1,16,22.3,90,12.6,268,3.498,0.122,5.9,7.2,active
2026-08-31T03:00,PUN_3409528,"Savta Mali Nagar, Pimpri-Chinchwad - IITM",18.6148,73.7995,9.4,15,22.3,90,13.1,263,3.612,0.443,4.8,7.1,active
2026-08-31T04:00,PUN_3409528,"Savta Mali Nagar, Pimpri-Chinchwad - IITM",18.6148,73.7995,15.0,25,22.3,91,13.8,264,3.812,0.401,4.0,7.3,active
2026-08-31T05:00,PUN_3409528,"Savta Mali Nagar, Pimpri-Chinchwad - IITM",18.6148,73.7995,10.8,18,22.2,91,13.3,262,3.659,0.514,4.2,6.8,active
2026-08-31T06:00,PUN_3409528,"Savta Mali Nagar, Pimpri-Chinchwad - IITM",18.6148,73.7995,8.5,14,22.2,91,13.6,264,3.757,0.395,4.2,7.1,active
2026-08-31T07:00,PUN_3409528,"Savta Mali Nagar, Pimpri-Chinchwad - IITM",18.6148,73.7995,9.1,15,22.9,89,13.3,270,3.694,0.0,5.4,7.4,active
2026-08-31T08:00,PUN_3409528,"Savta Mali Nagar, Pimpri-Chinchwad - IITM",18.6148,73.7995,9.3,15,24.1,82,18.2,273,5.049,-0.265,5.5,7.3,active
2026-08-31T09:00,PUN_3409528,"Savta Mali Nagar, Pimpri-Chinchwad - IITM",18.6148,73.7995,11.5,19,25.1,78,18.2,273,5.049,-0.265,8.3,6.4,active
2026-08-31T10:00,PUN_3409528,"Savta Mali Nagar, Pimpri-Chinchwad - IITM",18.6148,73.7995,11.2,18,26.4,72,17.6,276,4.862,-0.511,10.0,5.0,active
2026-08-31T11:00,PUN_3409528,"Savta Mali Nagar, Pimpri-Chinchwad - IITM",18.6148,73.7995,16.1,26,27.4,65,17.7,273,4.91,-0.257,12.6,3.8,active
2026-08-31T12:00,PUN_3409528,"Savta Mali Nagar, Pimpri-Chinchwad - IITM",18.6148,73.7995,12.1,20,27.7,65,17.6,272,4.886,-0.171,10.9,3.0,active
2026-08-31T13:00,PUN_3409528,"Savta Mali Nagar, Pimpri-Chinchwad - IITM",18.6148,73.7995,11.4,19,28.0,62,19.1,279,5.24,-0.83,9.1,2.4,active
2026-08-31T14:00,PUN_3409528,"Savta Mali Nagar, Pimpri-Chinchwad - IITM",18.6148,73.7995,9.3,15,27.2,68,19.2,277,5.294,-0.65,8.7,2.4,active
2026-08-31T15:00,PUN_3409528,"Savta Mali Nagar, Pimpri-Chinchwad - IITM",18.6148,73.7995,11.0,18,27.3,67,17.9,279,4.911,-0.778,8.8,3.1,active
2026-08-31T16:00,PUN_3409528,"Savta Mali Nagar, Pimpri-Chinchwad - IITM",18.6148,73.7995,16.5,27,26.1,73,19.4,278,5.336,-0.75,7.4,4.3,active
2026-08-31T17:00,PUN_3409528,"Savta Mali Nagar, Pimpri-Chinchwad - IITM",18.6148,73.7995,20.6,34,25.4,77,16.6,273,4.605,-0.241,11.9,6.0,active
2026-08-31T18:00,PUN_3409528,"Savta Mali Nagar, Pimpri-Chinchwad - IITM",18.6148,73.7995,14.4,24,23.9,84,13.0,272,3.609,-0.126,10.9,10.0,active
2026-08-31T19:00,PUN_3409528,"Savta Mali Nagar, Pimpri-Chinchwad - IITM",18.6148,73.7995,12.4,20,23.2,88,11.2,259,3.054,0.594,11.5,15.4,active
2026-08-31T20:00,PUN_3409528,"Savta Mali Nagar, Pimpri-Chinchwad - IITM",18.6148,73.7995,22.0,36,23.1,88,8.0,250,2.088,0.76,10.5,19.0,active
2026-08-31T21:00,PUN_3409528,"Savta Mali Nagar, Pimpri-Chinchwad - IITM",18.6148,73.7995,30.8,51,23.1,89,8.8,244,2.197,1.072,11.0,19.3,active
2026-08-31T22:00,PUN_3409528,"Savta Mali Nagar, Pimpri-Chinchwad - IITM",18.6148,73.7995,21.0,35,22.7,90,12.0,254,3.204,0.919,10.1,17.8,active
2026-08-31T23:00,PUN_3409528,"Savta Mali Nagar, Pimpri-Chinchwad - IITM",18.6148,73.7995,18.0,30,22.6,89,9.2,259,2.509,0.488,9.1,15.8,active
2026-09-01T00:00,PUN_3409528,"Savta Mali Nagar, Pimpri-Chinchwad - IITM",18.6148,73.7995,14.3,23,22.4,91,7.7,259,2.1,0.408,8.2,13.1,active
2026-09-01T01:00,PUN_3409528,"Savta Mali Nagar, Pimpri-Chinchwad - IITM",18.6148,73.7995,16.8,28,22.3,92,9.6,266,2.66,0.186,7.2,9.9,active
2026-09-01T02:00,PUN_3409528,"Savta Mali Nagar, Pimpri-Chinchwad - IITM",18.6148,73.7995,17.5,29,22.4,92,8.5,252,2.246,0.73,6.3,7.6,active
2026-09-01T03:00,PUN_3409528,"Savta Mali Nagar, Pimpri-Chinchwad - IITM",18.6148,73.7995,20.1,33,22.3,91,13.4,265,3.708,0.324,5.4,7.2,active
2026-09-01T04:00,PUN_3409528,"Savta Mali Nagar, Pimpri-Chinchwad - IITM",18.6148,73.7995,14.1,23,22.5,91,11.2,265,3.099,0.271,5.4,7.8,active
2026-09-01T05:00,PUN_3409528,"Savta Mali Nagar, Pimpri-Chinchwad - IITM",18.6148,73.7995,10.4,17,22.4,92,12.2,261,3.347,0.53,4.2,7.0,active
2026-09-01T06:00,PUN_3409528,"Savta Mali Nagar, Pimpri-Chinchwad - IITM",18.6148,73.7995,11.2,18,22.6,91,11.9,265,3.293,0.288,4.1,7.2,active
2026-09-01T07:00,PUN_3409528,"Savta Mali Nagar, Pimpri-Chinchwad - IITM",18.6148,73.7995,13.1,21,23.2,89,13.2,265,3.653,0.32,4.7,7.5,active
2026-09-01T08:00,PUN_3409528,"Savta Mali Nagar, Pimpri-Chinchwad - IITM",18.6148,73.7995,11.3,18,24.3,83,16.7,269,4.638,0.081,6.2,7.3,active
2026-09-01T09:00,PUN_3409528,"Savta Mali Nagar, Pimpri-Chinchwad - IITM",18.6148,73.7995,13.1,21,25.2,79,16.4,267,4.549,0.238,6.7,6.2,active
2026-09-01T10:00,PUN_3409528,"Savta Mali Nagar, Pimpri-Chinchwad - IITM",18.6148,73.7995,14.3,23,26.8,71,18.4,268,5.108,0.178,7.0,4.7,active
2026-09-01T11:00,PUN_3409528,"Savta Mali Nagar, Pimpri-Chinchwad - IITM",18.6148,73.7995,18.5,30,27.7,66,15.7,271,4.36,-0.076,7.3,3.5,active
2026-09-01T12:00,PUN_3409528,"Savta Mali Nagar, Pimpri-Chinchwad - IITM",18.6148,73.7995,12.1,20,28.3,63,16.6,272,4.608,-0.161,8.5,2.9,active
2026-09-01T13:00,PUN_3409528,"Savta Mali Nagar, Pimpri-Chinchwad - IITM",18.6148,73.7995,9.5,15,28.5,63,16.7,272,4.636,-0.162,8.2,2.6,active
2026-09-01T14:00,PUN_3409528,"Savta Mali Nagar, Pimpri-Chinchwad - IITM",18.6148,73.7995,9.0,15,28.2,63,18.2,269,5.055,0.088,8.6,2.8,active
2026-09-01T15:00,PUN_3409528,"Savta Mali Nagar, Pimpri-Chinchwad - IITM",18.6148,73.7995,8.1,13,27.6,68,20.6,266,5.708,0.399,8.6,3.5,active
2026-09-01T16:00,PUN_3409528,"Savta Mali Nagar, Pimpri-Chinchwad - IITM",18.6148,73.7995,8.1,13,25.8,78,19.5,279,5.35,-0.847,8.6,4.6,active
2026-09-01T17:00,PUN_3409528,"Savta Mali Nagar, Pimpri-Chinchwad - IITM",18.6148,73.7995,8.2,13,25.4,79,16.5,281,4.499,-0.875,8.1,8.1,active
2026-09-01T18:00,PUN_3409528,"Savta Mali Nagar, Pimpri-Chinchwad - IITM",18.6148,73.7995,9.6,16,24.1,85,12.4,269,3.444,0.06,8.6,11.5,active
2026-09-01T19:00,PUN_3409528,"Savta Mali Nagar, Pimpri-Chinchwad - IITM",18.6148,73.7995,15.2,25,23.6,87,10.6,255,2.844,0.762,10.6,16.1,active
2026-09-01T20:00,PUN_3409528,"Savta Mali Nagar, Pimpri-Chinchwad - IITM",18.6148,73.7995,14.4,24,23.4,89,9.0,269,2.5,0.044,10.9,19.6,active
2026-09-01T21:00,PUN_3409528,"Savta Mali Nagar, Pimpri-Chinchwad - IITM",18.6148,73.7995,15.2,25,23.3,90,8.4,263,2.316,0.284,11.3,20.8,active
2026-09-01T22:00,PUN_3409528,"Savta Mali Nagar, Pimpri-Chinchwad - IITM",18.6148,73.7995,20.5,34,23.3,90,7.6,258,2.065,0.439,11.8,20.7,active
2026-09-01T23:00,PUN_3409528,"Savta Mali Nagar, Pimpri-Chinchwad - IITM",18.6148,73.7995,18.4,30,23.0,89,9.0,255,2.415,0.647,11.9,20.3,active
2026-09-02T00:00,PUN_3409528,"Savta Mali Nagar, Pimpri-Chinchwad - IITM",18.6148,73.7995,25.1,41,22.5,91,6.3,257,1.705,0.394,11.1,19.9,active
2026-09-02T01:00,PUN_3409528,"Savta Mali Nagar, Pimpri-Chinchwad - IITM",18.6148,73.7995,19.8,33,22.4,91,8.1,253,2.152,0.658,10.7,19.0,active
2026-09-02T02:00,PUN_3409528,"Savta Mali Nagar, Pimpri-Chinchwad - IITM",18.6148,73.7995,22.1,36,22.1,92,7.8,261,2.14,0.339,9.9,17.6,active
2026-09-02T03:00,PUN_3409528,"Savta Mali Nagar, Pimpri-Chinchwad - IITM",18.6148,73.7995,15.9,26,22.2,92,6.7,261,1.838,0.291,8.9,15.0,active
2026-09-02T04:00,PUN_3409528,"Savta Mali Nagar, Pimpri-Chinchwad - IITM",18.6148,73.7995,12.2,20,22.4,91,6.9,256,1.86,0.464,8.2,11.8,active
2026-09-02T05:00,PUN_3409528,"Savta Mali Nagar, Pimpri-Chinchwad - IITM",18.6148,73.7995,10.6,17,22.5,92,8.7,257,2.355,0.544,6.7,9.7,active
2026-09-02T06:00,PUN_3409528,"Savta Mali Nagar, Pimpri-Chinchwad - IITM",18.6148,73.7995,10.6,17,22.4,92,7.3,261,2.003,0.317,5.6,8.9,active
2026-09-02T07:00,PUN_3409528,"Savta Mali Nagar, Pimpri-Chinchwad - IITM",18.6148,73.7995,11.2,18,23.2,88,9.5,255,2.549,0.683,4.5,7.7,active
2026-09-02T08:00,PUN_3409528,"Savta Mali Nagar, Pimpri-Chinchwad - IITM",18.6148,73.7995,22.3,37,24.7,80,13.9,250,3.628,1.321,4.6,6.4,active
2026-09-02T09:00,PUN_3409528,"Savta Mali Nagar, Pimpri-Chinchwad - IITM",18.6148,73.7995,25.0,41,25.9,75,14.6,254,3.898,1.118,5.2,5.0,active
2026-09-02T10:00,PUN_3409528,"Savta Mali Nagar, Pimpri-Chinchwad - IITM",18.6148,73.7995,19.8,33,27.0,71,15.1,262,4.154,0.584,4.1,3.5,active
2026-09-02T11:00,PUN_3409528,"Savta Mali Nagar, Pimpri-Chinchwad - IITM",18.6148,73.7995,13.5,22,27.5,69,16.3,259,4.445,0.864,3.9,2.5,active
2026-09-02T12:00,PUN_3409528,"Savta Mali Nagar, Pimpri-Chinchwad - IITM",18.6148,73.7995,11.4,19,27.8,67,17.0,263,4.687,0.575,3.9,2.1,active
2026-09-02T13:00,PUN_3409528,"Savta Mali Nagar, Pimpri-Chinchwad - IITM",18.6148,73.7995,8.9,14,26.2,72,20.6,264,5.691,0.598,4.1,2.2,active
2026-09-02T14:00,PUN_3409528,"Savta Mali Nagar, Pimpri-Chinchwad - IITM",18.6148,73.7995,9.5,15,26.6,71,19.8,273,5.493,-0.288,4.2,2.6,active
2026-09-02T15:00,PUN_3409528,"Savta Mali Nagar, Pimpri-Chinchwad - IITM",18.6148,73.7995,9.5,15,26.7,70,19.8,277,5.459,-0.67,4.4,3.0,active
2026-09-02T16:00,PUN_3409528,"Savta Mali Nagar, Pimpri-Chinchwad - IITM",18.6148,73.7995,8.1,13,26.1,71,18.0,271,4.999,-0.087,3.6,3.7,active
2026-09-02T17:00,PUN_3409528,"Savta Mali Nagar, Pimpri-Chinchwad - IITM",18.6148,73.7995,18.4,30,24.6,81,15.9,275,4.4,-0.385,6.9,8.3,active
2026-09-02T18:00,PUN_3409528,"Savta Mali Nagar, Pimpri-Chinchwad - IITM",18.6148,73.7995,13.6,22,24.1,84,13.7,268,3.803,0.133,8.4,11.9,active
2026-09-02T19:00,PUN_3409528,"Savta Mali Nagar, Pimpri-Chinchwad - IITM",18.6148,73.7995,11.6,19,23.2,88,12.5,264,3.453,0.363,8.6,16.7,active
2026-09-02T20:00,PUN_3409528,"Savta Mali Nagar, Pimpri-Chinchwad - IITM",18.6148,73.7995,11.2,18,23.1,89,9.1,260,2.489,0.439,7.2,20.2,active
2026-09-02T21:00,PUN_3409528,"Savta Mali Nagar, Pimpri-Chinchwad - IITM",18.6148,73.7995,15.3,25,22.9,90,8.5,264,2.348,0.247,7.3,21.1,active
2026-09-02T22:00,PUN_3409528,"Savta Mali Nagar, Pimpri-Chinchwad - IITM",18.6148,73.7995,15.8,26,22.7,91,7.4,270,2.056,0.0,8.6,20.6,active
2026-09-02T23:00,PUN_3409528,"Savta Mali Nagar, Pimpri-Chinchwad - IITM",18.6148,73.7995,13.1,21,22.4,92,7.4,256,1.995,0.497,9.6,19.3,active
2026-09-03T00:00,PUN_3409528,"Savta Mali Nagar, Pimpri-Chinchwad - IITM",18.6148,73.7995,19.6,32,22.2,92,6.6,253,1.753,0.536,8.7,16.9,active
2026-09-03T01:00,PUN_3409528,"Savta Mali Nagar, Pimpri-Chinchwad - IITM",18.6148,73.7995,12.9,21,22.0,93,6.1,251,1.602,0.552,8.1,13.7,active
2026-09-03T02:00,PUN_3409528,"Savta Mali Nagar, Pimpri-Chinchwad - IITM",18.6148,73.7995,11.0,18,22.0,93,6.0,243,1.485,0.757,7.9,11.1,active
2026-09-03T03:00,PUN_3409528,"Savta Mali Nagar, Pimpri-Chinchwad - IITM",18.6148,73.7995,11.8,19,22.1,92,6.2,248,1.597,0.645,7.4,9.6,active
2026-09-03T04:00,PUN_3409528,"Savta Mali Nagar, Pimpri-Chinchwad - IITM",18.6148,73.7995,11.2,18,22.2,92,7.8,247,1.994,0.847,5.9,8.7,active
2026-09-03T05:00,PUN_3409528,"Savta Mali Nagar, Pimpri-Chinchwad - IITM",18.6148,73.7995,10.6,17,22.1,91,6.9,261,1.893,0.3,4.2,6.4,active
2026-09-03T06:00,PUN_3409528,"Savta Mali Nagar, Pimpri-Chinchwad - IITM",18.6148,73.7995,13.5,22,22.1,91,7.1,260,1.942,0.342,4.3,6.8,active
2026-09-03T07:00,PUN_3409528,"Savta Mali Nagar, Pimpri-Chinchwad - IITM",18.6148,73.7995,11.7,19,22.9,87,7.8,261,2.14,0.339,4.4,7.3,active
2026-09-03T08:00,PUN_3409528,"Savta Mali Nagar, Pimpri-Chinchwad - IITM",18.6148,73.7995,9.6,16,24.2,80,13.4,256,3.612,0.9,5.2,7.2,active
2026-09-03T09:00,PUN_3409528,"Savta Mali Nagar, Pimpri-Chinchwad - IITM",18.6148,73.7995,10.0,16,25.5,75,14.9,257,4.033,0.931,5.6,6.0,active
2026-09-03T10:00,PUN_3409528,"Savta Mali Nagar, Pimpri-Chinchwad - IITM",18.6148,73.7995,9.8,16,26.3,72,16.8,261,4.609,0.73,7.1,4.2,active
2026-09-03T11:00,PUN_3409528,"Savta Mali Nagar, Pimpri-Chinchwad - IITM",18.6148,73.7995,10.4,17,27.4,67,17.5,265,4.843,0.424,8.2,2.9,active
2026-09-03T12:00,PUN_3409528,"Savta Mali Nagar, Pimpri-Chinchwad - IITM",18.6148,73.7995,11.1,18,27.9,65,16.0,267,4.438,0.233,6.9,2.3,active
2026-09-03T13:00,PUN_3409528,"Savta Mali Nagar, Pimpri-Chinchwad - IITM",18.6148,73.7995,8.9,14,28.4,62,19.6,271,5.444,-0.095,6.4,2.2,active
2026-09-03T14:00,PUN_3409528,"Savta Mali Nagar, Pimpri-Chinchwad - IITM",18.6148,73.7995,10.0,16,27.5,66,19.3,272,5.358,-0.187,6.4,2.6,active
2026-09-03T15:00,PUN_3409528,"Savta Mali Nagar, Pimpri-Chinchwad - IITM",18.6148,73.7995,9.7,16,27.0,70,18.1,275,5.009,-0.438,6.4,3.3,active
2026-09-03T16:00,PUN_3409528,"Savta Mali Nagar, Pimpri-Chinchwad - IITM",18.6148,73.7995,9.2,15,26.3,72,18.0,267,4.993,0.262,7.2,4.5,active
2026-09-03T17:00,PUN_3409528,"Savta Mali Nagar, Pimpri-Chinchwad - IITM",18.6148,73.7995,7.2,12,25.4,75,15.7,261,4.307,0.682,10.5,5.5,active
2026-09-03T18:00,PUN_3409528,"Savta Mali Nagar, Pimpri-Chinchwad - IITM",18.6148,73.7995,6.9,11,24.3,80,12.8,259,3.49,0.678,10.8,10.1,active
2026-09-03T19:00,PUN_3409528,"Savta Mali Nagar, Pimpri-Chinchwad - IITM",18.6148,73.7995,10.0,16,23.5,84,11.7,265,3.238,0.283,12.0,16.4,active
2026-09-03T20:00,PUN_3409528,"Savta Mali Nagar, Pimpri-Chinchwad - IITM",18.6148,73.7995,14.8,24,23.0,88,9.7,260,2.654,0.468,13.1,20.5,active
2026-09-03T21:00,PUN_3409528,"Savta Mali Nagar, Pimpri-Chinchwad - IITM",18.6148,73.7995,14.0,23,23.0,90,8.4,255,2.254,0.604,12.6,20.5,active
2026-09-03T22:00,PUN_3409528,"Savta Mali Nagar, Pimpri-Chinchwad - IITM",18.6148,73.7995,18.0,30,23.1,90,8.8,253,2.338,0.715,11.9,18.4,active
2026-09-03T23:00,PUN_3409528,"Savta Mali Nagar, Pimpri-Chinchwad - IITM",18.6148,73.7995,27.0,45,22.7,90,9.4,258,2.554,0.543,11.0,15.9,active
2026-09-04T00:00,PUN_3409528,"Savta Mali Nagar, Pimpri-Chinchwad - IITM",18.6148,73.7995,17.1,28,22.7,90,9.4,257,2.544,0.587,9.1,13.4,active
2026-08-21T01:00,PUN_3410005,"Dhankawadi, Pune - IITM",18.4599,73.8522,15.8,26,22.1,92,12.4,262,3.411,0.479,3.8,6.8,active
2026-08-21T02:00,PUN_3410005,"Dhankawadi, Pune - IITM",18.4599,73.8522,15.1,25,22.1,92,12.0,262,3.301,0.464,2.5,5.1,active
2026-08-21T03:00,PUN_3410005,"Dhankawadi, Pune - IITM",18.4599,73.8522,11.2,18,21.9,93,10.3,267,2.857,0.15,2.1,4.6,active
2026-08-21T04:00,PUN_3410005,"Dhankawadi, Pune - IITM",18.4599,73.8522,20.4,34,21.9,93,10.6,267,2.94,0.154,2.1,4.7,active
2026-08-21T05:00,PUN_3410005,"Dhankawadi, Pune - IITM",18.4599,73.8522,17.7,29,21.7,93,12.7,258,3.451,0.733,2.6,5.0,active
2026-08-21T06:00,PUN_3410005,"Dhankawadi, Pune - IITM",18.4599,73.8522,15.4,25,21.7,92,12.9,262,3.548,0.499,2.7,5.2,active
2026-08-21T07:00,PUN_3410005,"Dhankawadi, Pune - IITM",18.4599,73.8522,18.9,31,22.2,90,14.6,270,4.056,0.0,2.8,5.4,active
2026-08-21T08:00,PUN_3410005,"Dhankawadi, Pune - IITM",18.4599,73.8522,15.8,26,23.1,86,14.6,270,4.056,0.0,3.8,5.3,active
2026-08-21T09:00,PUN_3410005,"Dhankawadi, Pune - IITM",18.4599,73.8522,18.7,31,24.7,77,15.5,269,4.305,0.075,5.9,4.4,active
2026-08-21T10:00,PUN_3410005,"Dhankawadi, Pune - IITM",18.4599,73.8522,17.7,29,26.0,69,17.1,271,4.749,-0.083,7.8,3.1,active
2026-08-21T11:00,PUN_3410005,"Dhankawadi, Pune - IITM",18.4599,73.8522,15.5,25,26.8,66,18.5,269,5.138,0.09,9.2,2.2,active
2026-08-21T12:00,PUN_3410005,"Dhankawadi, Pune - IITM",18.4599,73.8522,13.6,22,27.2,65,16.7,263,4.604,0.565,9.7,1.8,active
2026-08-21T13:00,PUN_3410005,"Dhankawadi, Pune - IITM",18.4599,73.8522,15.9,26,27.5,63,17.2,263,4.742,0.582,9.9,1.8,active
2026-08-21T14:00,PUN_3410005,"Dhankawadi, Pune - IITM",18.4599,73.8522,13.3,22,26.7,67,19.2,260,5.252,0.926,9.7,2.0,active
2026-08-21T15:00,PUN_3410005,"Dhankawadi, Pune - IITM",18.4599,73.8522,17.1,28,26.4,69,19.3,265,5.341,0.467,8.6,2.4,active
2026-08-21T16:00,PUN_3410005,"Dhankawadi, Pune - IITM",18.4599,73.8522,23.8,39,25.6,73,19.4,263,5.349,0.657,7.4,3.1,active
2026-08-21T17:00,PUN_3410005,"Dhankawadi, Pune - IITM",18.4599,73.8522,18.5,30,24.7,78,16.8,258,4.565,0.97,9.2,3.9,active
2026-08-21T18:00,PUN_3410005,"Dhankawadi, Pune - IITM",18.4599,73.8522,15.7,26,23.7,81,14.8,256,3.989,0.995,9.6,6.4,active
2026-08-21T19:00,PUN_3410005,"Dhankawadi, Pune - IITM",18.4599,73.8522,15.9,26,22.7,87,13.4,252,3.54,1.15,9.4,9.8,active
2026-08-21T20:00,PUN_3410005,"Dhankawadi, Pune - IITM",18.4599,73.8522,19.8,33,22.4,89,12.3,256,3.315,0.827,9.1,12.0,active
2026-08-21T21:00,PUN_3410005,"Dhankawadi, Pune - IITM",18.4599,73.8522,17.7,29,22.5,90,13.0,253,3.453,1.056,9.1,12.1,active
2026-08-21T22:00,PUN_3410005,"Dhankawadi, Pune - IITM",18.4599,73.8522,10.0,16,22.4,89,13.2,256,3.558,0.887,7.9,11.0,active
2026-08-21T23:00,PUN_3410005,"Dhankawadi, Pune - IITM",18.4599,73.8522,12.0,20,22.0,90,13.6,253,3.613,1.105,6.0,9.8,active
2026-08-22T00:00,PUN_3410005,"Dhankawadi, Pune - IITM",18.4599,73.8522,18.0,30,21.8,91,12.6,248,3.245,1.311,4.9,8.6,active
2026-08-22T01:00,PUN_3410005,"Dhankawadi, Pune - IITM",18.4599,73.8522,12.8,21,21.7,92,11.0,244,2.746,1.339,4.2,7.3,active
2026-08-22T02:00,PUN_3410005,"Dhankawadi, Pune - IITM",18.4599,73.8522,10.2,17,21.7,93,11.4,243,2.822,1.438,3.8,6.3,active
2026-08-22T03:00,PUN_3410005,"Dhankawadi, Pune - IITM",18.4599,73.8522,11.9,19,21.7,92,12.4,244,3.096,1.51,3.1,5.9,active
2026-08-22T04:00,PUN_3410005,"Dhankawadi, Pune - IITM",18.4599,73.8522,10.5,17,21.6,93,10.1,243,2.5,1.274,2.7,5.9,active
2026-08-22T05:00,PUN_3410005,"Dhankawadi, Pune - IITM",18.4599,73.8522,13.3,22,22.2,92,13.0,242,3.188,1.695,2.1,5.2,active
2026-08-22T06:00,PUN_3410005,"Dhankawadi, Pune - IITM",18.4599,73.8522,10.8,18,22.4,91,12.0,244,2.996,1.461,2.2,5.6,active
2026-08-22T07:00,PUN_3410005,"Dhankawadi, Pune - IITM",18.4599,73.8522,8.4,14,22.5,90,12.3,252,3.249,1.056,3.5,6.1,active
2026-08-22T08:00,PUN_3410005,"Dhankawadi, Pune - IITM",18.4599,73.8522,8.0,13,23.3,85,16.8,257,4.547,1.05,3.8,6.1,active
2026-08-22T09:00,PUN_3410005,"Dhankawadi, Pune - IITM",18.4599,73.8522,9.7,16,24.3,79,17.3,257,4.682,1.081,5.3,5.0,active
2026-08-22T10:00,PUN_3410005,"Dhankawadi, Pune - IITM",18.4599,73.8522,18.1,30,25.0,75,17.8,259,4.854,0.943,6.4,3.3,active
2026-08-22T11:00,PUN_3410005,"Dhankawadi, Pune - IITM",18.4599,73.8522,19.9,33,25.8,73,22.1,276,6.105,-0.642,7.0,2.2,active
2026-08-22T12:00,PUN_3410005,"Dhankawadi, Pune - IITM",18.4599,73.8522,13.2,22,26.5,71,18.3,280,5.006,-0.883,7.6,2.0,active
2026-08-22T13:00,PUN_3410005,"Dhankawadi, Pune - IITM",18.4599,73.8522,11.4,19,25.6,75,21.3,278,5.859,-0.823,7.9,2.3,active
2026-08-22T14:00,PUN_3410005,"Dhankawadi, Pune - IITM",18.4599,73.8522,13.4,22,25.0,76,18.2,272,5.053,-0.176,8.0,3.0,active
2026-08-22T15:00,PUN_3410005,"Dhankawadi, Pune - IITM",18.4599,73.8522,11.8,19,25.4,75,19.8,277,5.459,-0.67,8.6,4.4,active
2026-08-22T16:00,PUN_3410005,"Dhankawadi, Pune - IITM",18.4599,73.8522,15.0,25,24.9,77,20.1,283,5.44,-1.256,8.7,6.2,active
2026-08-22T17:00,PUN_3410005,"Dhankawadi, Pune - IITM",18.4599,73.8522,15.0,25,24.5,79,19.4,269,5.388,0.094,9.5,5.9,active
2026-08-22T18:00,PUN_3410005,"Dhankawadi, Pune - IITM",18.4599,73.8522,17.8,29,23.5,84,16.4,269,4.555,0.08,9.1,8.2,active
2026-08-22T19:00,PUN_3410005,"Dhankawadi, Pune - IITM",18.4599,73.8522,15.1,25,22.9,88,14.2,258,3.858,0.82,9.6,11.4,active
2026-08-22T20:00,PUN_3410005,"Dhankawadi, Pune - IITM",18.4599,73.8522,17.2,28,22.4,90,11.7,255,3.139,0.841,10.1,13.6,active
2026-08-22T21:00,PUN_3410005,"Dhankawadi, Pune - IITM",18.4599,73.8522,18.3,30,22.6,90,11.7,256,3.153,0.786,9.2,14.0,active
2026-08-22T22:00,PUN_3410005,"Dhankawadi, Pune - IITM",18.4599,73.8522,14.3,23,22.5,91,11.1,254,2.964,0.85,8.4,13.3,active
2026-08-22T23:00,PUN_3410005,"Dhankawadi, Pune - IITM",18.4599,73.8522,16.4,27,22.6,92,11.1,248,2.859,1.155,6.9,12.2,active
2026-08-23T00:00,PUN_3410005,"Dhankawadi, Pune - IITM",18.4599,73.8522,14.0,23,22.6,91,12.8,250,3.341,1.216,5.6,10.4,active
2026-08-23T01:00,PUN_3410005,"Dhankawadi, Pune - IITM",18.4599,73.8522,11.1,18,22.2,92,11.0,251,2.889,0.995,4.3,8.1,active
2026-08-23T02:00,PUN_3410005,"Dhankawadi, Pune - IITM",18.4599,73.8522,12.6,21,22.2,93,9.6,256,2.587,0.645,3.4,6.4,active
2026-08-23T04:00,PUN_3410005,"Dhankawadi, Pune - IITM",18.4599,73.8522,9.0,15,22.0,95,8.5,258,2.31,0.491,2.2,5.5,active
2026-08-23T05:00,PUN_3410005,"Dhankawadi, Pune - IITM",18.4599,73.8522,7.9,13,22.4,92,11.9,259,3.245,0.631,2.9,5.8,active
2026-08-23T06:00,PUN_3410005,"Dhankawadi, Pune - IITM",18.4599,73.8522,11.2,18,22.4,92,11.0,259,2.999,0.583,2.8,5.3,active
2026-08-23T07:00,PUN_3410005,"Dhankawadi, Pune - IITM",18.4599,73.8522,9.8,16,22.9,89,11.8,257,3.194,0.737,3.3,4.6,active
2026-08-23T08:00,PUN_3410005,"Dhankawadi, Pune - IITM",18.4599,73.8522,9.5,15,23.7,84,15.6,259,4.254,0.827,4.0,3.9,active
2026-08-23T09:00,PUN_3410005,"Dhankawadi, Pune - IITM",18.4599,73.8522,15.3,25,25.1,76,17.1,263,4.715,0.579,5.7,3.1,active
2026-08-23T10:00,PUN_3410005,"Dhankawadi, Pune - IITM",18.4599,73.8522,14.4,24,25.8,74,16.8,266,4.655,0.326,7.6,2.4,active
2026-08-23T11:00,PUN_3410005,"Dhankawadi, Pune - IITM",18.4599,73.8522,10.7,17,26.3,72,19.5,265,5.396,0.472,8.8,1.8,active
2026-08-23T12:00,PUN_3410005,"Dhankawadi, Pune - IITM",18.4599,73.8522,13.9,23,26.8,70,19.9,265,5.507,0.482,9.4,1.5,active
2026-08-23T13:00,PUN_3410005,"Dhankawadi, Pune - IITM",18.4599,73.8522,12.2,20,26.6,71,21.3,266,5.902,0.413,9.3,1.4,active
2026-08-23T14:00,PUN_3410005,"Dhankawadi, Pune - IITM",18.4599,73.8522,10.8,18,26.1,74,21.0,264,5.801,0.61,9.3,1.6,active
2026-08-23T15:00,PUN_3410005,"Dhankawadi, Pune - IITM",18.4599,73.8522,14.0,23,26.2,74,20.3,268,5.635,0.197,8.1,2.0,active
2026-08-23T16:00,PUN_3410005,"Dhankawadi, Pune - IITM",18.4599,73.8522,21.8,36,25.4,80,21.1,270,5.861,0.0,7.0,2.7,active
2026-08-23T17:00,PUN_3410005,"Dhankawadi, Pune - IITM",18.4599,73.8522,16.6,27,24.7,81,18.3,264,5.056,0.531,7.3,3.2,active
2026-08-23T18:00,PUN_3410005,"Dhankawadi, Pune - IITM",18.4599,73.8522,11.8,19,23.8,86,14.3,264,3.95,0.415,7.7,5.6,active
2026-08-23T19:00,PUN_3410005,"Dhankawadi, Pune - IITM",18.4599,73.8522,9.3,15,23.1,89,14.2,257,3.843,0.887,8.2,8.9,active
2026-08-23T20:00,PUN_3410005,"Dhankawadi, Pune - IITM",18.4599,73.8522,21.3,35,22.8,90,13.3,257,3.6,0.831,9.3,11.0,active
2026-08-23T21:00,PUN_3410005,"Dhankawadi, Pune - IITM",18.4599,73.8522,19.0,31,22.7,91,13.8,261,3.786,0.6,9.6,11.0,active
2026-08-23T22:00,PUN_3410005,"Dhankawadi, Pune - IITM",18.4599,73.8522,17.1,28,22.7,92,12.6,265,3.487,0.305,9.0,9.8,active
2026-08-23T23:00,PUN_3410005,"Dhankawadi, Pune - IITM",18.4599,73.8522,13.7,22,22.7,90,13.0,264,3.591,0.377,8.4,8.5,active
2026-08-24T00:00,PUN_3410005,"Dhankawadi, Pune - IITM",18.4599,73.8522,9.5,15,22.4,92,12.2,268,3.387,0.118,7.6,7.3,active
2026-08-24T01:00,PUN_3410005,"Dhankawadi, Pune - IITM",18.4599,73.8522,8.0,13,22.3,93,12.5,264,3.453,0.363,5.8,6.0,active
2026-08-24T02:00,PUN_3410005,"Dhankawadi, Pune - IITM",18.4599,73.8522,6.3,10,22.2,93,11.6,266,3.214,0.225,4.4,5.1,active
2026-08-24T03:00,PUN_3410005,"Dhankawadi, Pune - IITM",18.4599,73.8522,7.0,11,22.1,94,11.2,264,3.094,0.325,3.6,4.8,active
2026-08-24T04:00,PUN_3410005,"Dhankawadi, Pune - IITM",18.4599,73.8522,6.5,10,21.9,94,11.2,259,3.054,0.594,3.3,4.8,active
2026-08-24T05:00,PUN_3410005,"Dhankawadi, Pune - IITM",18.4599,73.8522,7.7,12,22.5,92,12.1,263,3.336,0.41,3.9,4.3,active
2026-08-24T06:00,PUN_3410005,"Dhankawadi, Pune - IITM",18.4599,73.8522,7.4,12,22.4,93,11.2,273,3.107,-0.163,4.3,4.8,active
2026-08-24T07:00,PUN_3410005,"Dhankawadi, Pune - IITM",18.4599,73.8522,7.7,12,22.8,91,11.7,269,3.25,0.057,5.0,5.5,active
2026-08-24T08:00,PUN_3410005,"Dhankawadi, Pune - IITM",18.4599,73.8522,7.9,13,23.9,85,14.5,275,4.012,-0.351,6.2,5.6,active
2026-08-24T09:00,PUN_3410005,"Dhankawadi, Pune - IITM",18.4599,73.8522,7.8,13,25.2,77,14.1,274,3.907,-0.273,8.2,4.8,active
2026-08-24T10:00,PUN_3410005,"Dhankawadi, Pune - IITM",18.4599,73.8522,11.4,19,26.2,72,14.6,275,4.04,-0.353,10.2,3.4,active
2026-08-24T11:00,PUN_3410005,"Dhankawadi, Pune - IITM",18.4599,73.8522,10.6,17,26.9,70,18.7,271,5.194,-0.091,11.1,2.4,active
2026-08-24T12:00,PUN_3410005,"Dhankawadi, Pune - IITM",18.4599,73.8522,7.8,13,27.5,67,17.1,271,4.749,-0.083,11.2,1.9,active
2026-08-24T13:00,PUN_3410005,"Dhankawadi, Pune - IITM",18.4599,73.8522,9.6,16,27.4,67,18.4,272,5.108,-0.178,10.4,1.7,active
2026-08-24T14:00,PUN_3410005,"Dhankawadi, Pune - IITM",18.4599,73.8522,10.2,17,26.0,75,20.9,272,5.802,-0.203,10.2,1.9,active
2026-08-24T15:00,PUN_3410005,"Dhankawadi, Pune - IITM",18.4599,73.8522,18.5,30,26.7,72,19.2,277,5.294,-0.65,9.6,2.4,active
2026-08-24T16:00,PUN_3410005,"Dhankawadi, Pune - IITM",18.4599,73.8522,16.7,27,26.1,74,19.9,266,5.514,0.386,9.1,3.3,active
2026-08-24T17:00,PUN_3410005,"Dhankawadi, Pune - IITM",18.4599,73.8522,19.2,32,25.2,79,17.7,266,4.905,0.343,11.3,4.5,active
2026-08-24T18:00,PUN_3410005,"Dhankawadi, Pune - IITM",18.4599,73.8522,16.2,27,23.9,85,14.6,266,4.046,0.283,11.2,6.4,active
2026-08-24T19:00,PUN_3410005,"Dhankawadi, Pune - IITM",18.4599,73.8522,11.6,19,23.1,88,14.4,257,3.898,0.9,10.8,8.9,active
2026-08-24T20:00,PUN_3410005,"Dhankawadi, Pune - IITM",18.4599,73.8522,22.1,36,22.6,90,13.7,249,3.553,1.364,11.1,10.7,active
2026-08-24T21:00,PUN_3410005,"Dhankawadi, Pune - IITM",18.4599,73.8522,19.9,33,22.5,92,13.7,251,3.598,1.239,11.1,11.2,active
2026-08-24T22:00,PUN_3410005,"Dhankawadi, Pune - IITM",18.4599,73.8522,13.6,22,22.4,93,12.8,254,3.418,0.98,11.5,10.9,active
2026-08-24T23:00,PUN_3410005,"Dhankawadi, Pune - IITM",18.4599,73.8522,18.0,30,22.4,91,12.9,251,3.388,1.167,10.7,10.3,active
2026-08-25T00:00,PUN_3410005,"Dhankawadi, Pune - IITM",18.4599,73.8522,21.2,35,22.4,91,12.1,259,3.299,0.641,7.9,9.1,active
2026-08-25T01:00,PUN_3410005,"Dhankawadi, Pune - IITM",18.4599,73.8522,17.0,28,22.2,93,12.3,259,3.354,0.652,6.2,7.5,active
2026-08-25T02:00,PUN_3410005,"Dhankawadi, Pune - IITM",18.4599,73.8522,11.8,19,22.3,91,13.9,260,3.802,0.67,5.5,6.3,active
2026-08-25T03:00,PUN_3410005,"Dhankawadi, Pune - IITM",18.4599,73.8522,9.7,16,21.9,92,12.3,266,3.408,0.238,4.4,5.7,active
2026-08-25T04:00,PUN_3410005,"Dhankawadi, Pune - IITM",18.4599,73.8522,12.1,20,21.9,93,11.6,274,3.214,-0.225,3.5,5.5,active
2026-08-25T05:00,PUN_3410005,"Dhankawadi, Pune - IITM",18.4599,73.8522,13.9,23,21.9,92,11.9,260,3.255,0.574,3.5,4.8,active
2026-08-25T06:00,PUN_3410005,"Dhankawadi, Pune - IITM",18.4599,73.8522,11.0,18,21.9,93,10.4,268,2.887,0.101,3.5,5.3,active
2026-08-25T07:00,PUN_3410005,"Dhankawadi, Pune - IITM",18.4599,73.8522,11.4,19,22.5,91,12.1,273,3.357,-0.176,4.1,5.8,active
2026-08-25T08:00,PUN_3410005,"Dhankawadi, Pune - IITM",18.4599,73.8522,10.0,16,23.7,85,15.9,273,4.411,-0.231,5.3,5.9,active
2026-08-25T09:00,PUN_3410005,"Dhankawadi, Pune - IITM",18.4599,73.8522,8.9,14,24.8,77,16.1,276,4.448,-0.467,8.2,5.0,active
2026-08-25T10:00,PUN_3410005,"Dhankawadi, Pune - IITM",18.4599,73.8522,19.3,32,25.9,71,16.2,280,4.432,-0.781,10.3,3.5,active
2026-08-25T11:00,PUN_3410005,"Dhankawadi, Pune - IITM",18.4599,73.8522,25.1,41,25.9,74,18.9,273,5.243,-0.275,11.5,2.4,active
2026-08-25T12:00,PUN_3410005,"Dhankawadi, Pune - IITM",18.4599,73.8522,22.6,37,26.9,68,18.9,278,5.199,-0.731,12.2,1.9,active
2026-08-25T13:00,PUN_3410005,"Dhankawadi, Pune - IITM",18.4599,73.8522,17.8,29,27.2,66,18.8,266,5.21,0.364,12.6,1.8,active
2026-08-25T14:00,PUN_3410005,"Dhankawadi, Pune - IITM",18.4599,73.8522,14.7,24,27.6,66,21.1,269,5.86,0.102,12.3,2.0,active
2026-08-25T15:00,PUN_3410005,"Dhankawadi, Pune - IITM",18.4599,73.8522,11.4,19,26.6,71,19.5,267,5.409,0.283,11.2,2.6,active
2026-08-25T16:00,PUN_3410005,"Dhankawadi, Pune - IITM",18.4599,73.8522,18.0,30,25.9,73,19.9,264,5.498,0.578,11.0,3.5,active
2026-08-25T17:00,PUN_3410005,"Dhankawadi, Pune - IITM",18.4599,73.8522,20.0,33,25.1,78,19.0,258,5.162,1.097,21.3,4.4,active
2026-08-25T18:00,PUN_3410005,"Dhankawadi, Pune - IITM",18.4599,73.8522,23.6,39,23.8,84,15.9,260,4.35,0.767,18.6,6.2,active
2026-08-25T19:00,PUN_3410005,"Dhankawadi, Pune - IITM",18.4599,73.8522,29.1,48,22.8,89,14.8,257,4.006,0.925,17.0,8.6,active
2026-08-25T20:00,PUN_3410005,"Dhankawadi, Pune - IITM",18.4599,73.8522,43.0,71,22.5,90,14.4,255,3.864,1.035,15.8,10.6,active
2026-08-25T21:00,PUN_3410005,"Dhankawadi, Pune - IITM",18.4599,73.8522,41.2,68,22.7,89,14.2,258,3.858,0.82,15.2,11.8,active
2026-08-25T22:00,PUN_3410005,"Dhankawadi, Pune - IITM",18.4599,73.8522,34.8,57,22.7,90,13.2,260,3.611,0.637,14.9,12.5,active
2026-08-25T23:00,PUN_3410005,"Dhankawadi, Pune - IITM",18.4599,73.8522,23.9,39,22.4,90,12.9,258,3.505,0.745,14.4,12.5,active
2026-08-26T00:00,PUN_3410005,"Dhankawadi, Pune - IITM",18.4599,73.8522,27.6,46,22.2,92,15.7,257,4.249,0.981,12.7,11.2,active
2026-08-26T01:00,PUN_3410005,"Dhankawadi, Pune - IITM",18.4599,73.8522,26.9,44,22.0,93,15.4,263,4.246,0.521,10.6,9.2,active
2026-08-26T02:00,PUN_3410005,"Dhankawadi, Pune - IITM",18.4599,73.8522,17.9,29,22.1,92,15.9,264,4.393,0.462,8.7,7.5,active
2026-08-26T03:00,PUN_3410005,"Dhankawadi, Pune - IITM",18.4599,73.8522,13.7,22,22.0,92,15.1,267,4.189,0.22,6.9,6.5,active
2026-08-26T04:00,PUN_3410005,"Dhankawadi, Pune - IITM",18.4599,73.8522,10.5,17,22.0,92,14.9,262,4.099,0.576,6.2,5.9,active
2026-08-26T05:00,PUN_3410005,"Dhankawadi, Pune - IITM",18.4599,73.8522,7.3,12,22.0,92,14.6,266,4.046,0.283,4.4,4.8,active
2026-08-26T06:00,PUN_3410005,"Dhankawadi, Pune - IITM",18.4599,73.8522,5.5,9,22.0,93,13.7,270,3.806,0.0,4.1,5.3,active
2026-08-26T07:00,PUN_3410005,"Dhankawadi, Pune - IITM",18.4599,73.8522,5.5,9,22.3,92,14.4,272,3.998,-0.14,4.4,6.0,active
2026-08-26T08:00,PUN_3410005,"Dhankawadi, Pune - IITM",18.4599,73.8522,8.7,14,23.4,85,16.4,279,4.5,-0.713,5.2,6.1,active
2026-08-26T09:00,PUN_3410005,"Dhankawadi, Pune - IITM",18.4599,73.8522,18.9,31,24.7,78,18.3,283,4.953,-1.144,7.6,5.1,active
2026-08-26T10:00,PUN_3410005,"Dhankawadi, Pune - IITM",18.4599,73.8522,17.2,28,25.7,74,19.9,277,5.487,-0.674,10.4,3.5,active
2026-08-26T11:00,PUN_3410005,"Dhankawadi, Pune - IITM",18.4599,73.8522,14.3,23,26.8,69,19.6,277,5.404,-0.664,13.5,2.3,active
2026-08-26T12:00,PUN_3410005,"Dhankawadi, Pune - IITM",18.4599,73.8522,13.3,22,27.3,68,19.4,276,5.359,-0.563,15.4,1.8,active
2026-08-26T13:00,PUN_3410005,"Dhankawadi, Pune - IITM",18.4599,73.8522,11.1,18,27.7,65,19.5,272,5.413,-0.189,14.9,1.7,active
2026-08-26T14:00,PUN_3410005,"Dhankawadi, Pune - IITM",18.4599,73.8522,16.6,27,27.4,67,20.4,272,5.663,-0.198,15.4,2.0,active
2026-08-26T15:00,PUN_3410005,"Dhankawadi, Pune - IITM",18.4599,73.8522,15.0,25,26.9,69,19.4,271,5.388,-0.094,16.1,2.5,active
2026-08-26T16:00,PUN_3410005,"Dhankawadi, Pune - IITM",18.4599,73.8522,10.0,16,26.3,71,19.5,274,5.404,-0.378,15.8,3.4,active
2026-08-26T17:00,PUN_3410005,"Dhankawadi, Pune - IITM",18.4599,73.8522,15.6,26,25.3,77,17.3,271,4.805,-0.084,17.6,4.2,active
2026-08-26T18:00,PUN_3410005,"Dhankawadi, Pune - IITM",18.4599,73.8522,13.5,22,24.2,82,15.2,266,4.212,0.295,16.4,6.6,active
2026-08-26T19:00,PUN_3410005,"Dhankawadi, Pune - IITM",18.4599,73.8522,21.7,36,23.2,87,14.4,261,3.951,0.626,15.5,9.8,active
2026-08-26T20:00,PUN_3410005,"Dhankawadi, Pune - IITM",18.4599,73.8522,31.0,51,23.0,87,14.2,254,3.792,1.087,13.8,12.2,active
2026-08-26T21:00,PUN_3410005,"Dhankawadi, Pune - IITM",18.4599,73.8522,23.0,38,22.7,87,12.9,254,3.445,0.988,11.2,13.0,active
2026-08-26T22:00,PUN_3410005,"Dhankawadi, Pune - IITM",18.4599,73.8522,28.2,47,22.3,90,11.6,254,3.097,0.888,9.0,12.8,active
2026-08-26T23:00,PUN_3410005,"Dhankawadi, Pune - IITM",18.4599,73.8522,23.4,39,22.4,90,13.1,257,3.546,0.819,7.0,12.0,active
2026-08-27T00:00,PUN_3410005,"Dhankawadi, Pune - IITM",18.4599,73.8522,15.2,25,22.5,92,12.5,263,3.446,0.423,5.1,10.1,active
2026-08-27T01:00,PUN_3410005,"Dhankawadi, Pune - IITM",18.4599,73.8522,20.4,34,22.6,91,13.7,256,3.693,0.921,4.2,7.4,active
2026-08-27T02:00,PUN_3410005,"Dhankawadi, Pune - IITM",18.4599,73.8522,13.5,22,22.2,93,13.3,260,3.638,0.642,3.8,5.5,active
2026-08-27T03:00,PUN_3410005,"Dhankawadi, Pune - IITM",18.4599,73.8522,10.7,17,22.2,93,13.1,262,3.604,0.506,3.2,5.0,active
2026-08-27T04:00,PUN_3410005,"Dhankawadi, Pune - IITM",18.4599,73.8522,23.9,39,22.1,93,14.8,261,4.061,0.643,2.6,5.1,active
2026-08-27T05:00,PUN_3410005,"Dhankawadi, Pune - IITM",18.4599,73.8522,18.4,30,22.1,94,15.2,256,4.097,1.021,3.7,4.5,active
2026-08-27T06:00,PUN_3410005,"Dhankawadi, Pune - IITM",18.4599,73.8522,18.1,30,22.2,91,16.6,257,4.493,1.037,3.8,4.7,active
2026-08-27T07:00,PUN_3410005,"Dhankawadi, Pune - IITM",18.4599,73.8522,14.5,24,22.4,90,15.9,258,4.32,0.918,4.0,4.9,active
2026-08-27T08:00,PUN_3410005,"Dhankawadi, Pune - IITM",18.4599,73.8522,25.1,41,23.3,85,18.8,261,5.158,0.817,6.9,4.8,active
2026-08-27T09:00,PUN_3410005,"Dhankawadi, Pune - IITM",18.4599,73.8522,33.6,56,24.8,75,21.4,262,5.887,0.827,10.2,4.0,active
2026-08-27T10:00,PUN_3410005,"Dhankawadi, Pune - IITM",18.4599,73.8522,20.0,33,25.8,72,18.2,265,5.036,0.441,11.1,2.8,active
2026-08-27T11:00,PUN_3410005,"Dhankawadi, Pune - IITM",18.4599,73.8522,29.0,48,26.5,67,20.2,261,5.542,0.878,11.4,2.0,active
2026-08-27T12:00,PUN_3410005,"Dhankawadi, Pune - IITM",18.4599,73.8522,18.6,31,26.8,66,19.3,268,5.358,0.187,11.6,1.7,active
2026-08-27T13:00,PUN_3410005,"Dhankawadi, Pune - IITM",18.4599,73.8522,12.0,20,26.1,68,23.1,266,6.401,0.448,10.7,1.8,active
2026-08-27T14:00,PUN_3410005,"Dhankawadi, Pune - IITM",18.4599,73.8522,9.7,16,26.1,70,19.6,268,5.441,0.19,9.1,2.1,active
2026-08-27T15:00,PUN_3410005,"Dhankawadi, Pune - IITM",18.4599,73.8522,7.8,13,25.5,73,20.5,263,5.652,0.694,8.7,2.3,active
2026-08-29T00:00,PUN_3410005,"Dhankawadi, Pune - IITM",18.4599,73.8522,23.6,39,22.1,92,16.1,260,4.404,0.777,3.6,8.5,active
2026-08-29T01:00,PUN_3410005,"Dhankawadi, Pune - IITM",18.4599,73.8522,15.5,25,22.3,91,14.9,263,4.108,0.504,2.7,7.7,active
2026-08-29T02:00,PUN_3410005,"Dhankawadi, Pune - IITM",18.4599,73.8522,10.1,16,22.2,91,16.6,265,4.594,0.402,2.2,6.8,active
2026-08-29T03:00,PUN_3410005,"Dhankawadi, Pune - IITM",18.4599,73.8522,12.9,21,22.1,91,17.1,266,4.738,0.331,1.7,5.8,active
2026-08-29T04:00,PUN_3410005,"Dhankawadi, Pune - IITM",18.4599,73.8522,14.2,23,22.0,92,16.9,258,4.592,0.976,1.6,4.8,active
2026-08-29T05:00,PUN_3410005,"Dhankawadi, Pune - IITM",18.4599,73.8522,13.9,23,21.7,94,19.5,265,5.396,0.472,3.4,4.2,active
2026-08-29T06:00,PUN_3410005,"Dhankawadi, Pune - IITM",18.4599,73.8522,15.4,25,21.7,95,17.5,266,4.849,0.339,3.0,4.7,active
2026-08-29T07:00,PUN_3410005,"Dhankawadi, Pune - IITM",18.4599,73.8522,10.3,17,22.2,91,18.2,267,5.049,0.265,3.1,5.4,active
2026-08-30T07:00,PUN_3410005,"Dhankawadi, Pune - IITM",18.4599,73.8522,7.4,12,21.9,89,20.7,262,5.694,0.8,3.0,3.8,active
2026-08-30T08:00,PUN_3410005,"Dhankawadi, Pune - IITM",18.4599,73.8522,6.1,10,23.0,82,22.9,266,6.346,0.444,3.6,3.6,active
2026-08-30T09:00,PUN_3410005,"Dhankawadi, Pune - IITM",18.4599,73.8522,18.4,30,24.5,76,21.3,267,5.909,0.31,4.9,3.0,active
2026-08-30T10:00,PUN_3410005,"Dhankawadi, Pune - IITM",18.4599,73.8522,17.7,29,25.7,70,20.8,266,5.764,0.403,5.8,2.1,active
2026-08-30T11:00,PUN_3410005,"Dhankawadi, Pune - IITM",18.4599,73.8522,12.6,21,26.2,68,21.4,267,5.936,0.311,6.1,1.5,active
2026-08-30T12:00,PUN_3410005,"Dhankawadi, Pune - IITM",18.4599,73.8522,11.5,19,26.9,64,24.7,270,6.861,0.0,5.8,1.3,active
2026-08-30T13:00,PUN_3410005,"Dhankawadi, Pune - IITM",18.4599,73.8522,9.4,15,27.1,64,24.7,273,6.852,-0.359,5.5,1.4,active
2026-08-30T14:00,PUN_3410005,"Dhankawadi, Pune - IITM",18.4599,73.8522,10.1,16,26.7,67,24.7,272,6.857,-0.239,5.0,1.7,active
2026-08-30T15:00,PUN_3410005,"Dhankawadi, Pune - IITM",18.4599,73.8522,16.4,27,26.0,71,21.9,277,6.038,-0.741,5.1,2.1,active
2026-08-30T16:00,PUN_3410005,"Dhankawadi, Pune - IITM",18.4599,73.8522,29.7,49,25.3,74,19.8,277,5.459,-0.67,5.4,2.6,active
2026-08-30T17:00,PUN_3410005,"Dhankawadi, Pune - IITM",18.4599,73.8522,18.8,31,24.8,75,16.9,262,4.649,0.653,8.1,2.8,active
2026-08-30T18:00,PUN_3410005,"Dhankawadi, Pune - IITM",18.4599,73.8522,11.4,19,23.6,81,15.1,258,4.103,0.872,7.5,4.5,active
2026-08-30T19:00,PUN_3410005,"Dhankawadi, Pune - IITM",18.4599,73.8522,7.7,12,22.6,86,13.1,255,3.515,0.942,7.3,6.8,active
2026-08-30T20:00,PUN_3410005,"Dhankawadi, Pune - IITM",18.4599,73.8522,25.5,42,22.4,90,12.4,257,3.356,0.775,7.0,8.4,active
2026-08-30T21:00,PUN_3410005,"Dhankawadi, Pune - IITM",18.4599,73.8522,20.1,33,22.6,90,13.6,262,3.741,0.526,6.5,8.7,active
2026-08-30T22:00,PUN_3410005,"Dhankawadi, Pune - IITM",18.4599,73.8522,22.7,37,22.5,90,15.0,264,4.144,0.436,5.6,8.3,active
2026-08-30T23:00,PUN_3410005,"Dhankawadi, Pune - IITM",18.4599,73.8522,16.5,27,22.0,90,14.7,259,4.008,0.779,4.9,7.7,active
2026-08-31T00:00,PUN_3410005,"Dhankawadi, Pune - IITM",18.4599,73.8522,17.5,29,21.8,91,15.4,263,4.246,0.521,4.0,7.0,active
2026-08-31T01:00,PUN_3410005,"Dhankawadi, Pune - IITM",18.4599,73.8522,11.7,19,21.5,92,15.0,264,4.144,0.436,3.7,6.2,active
2026-08-31T02:00,PUN_3410005,"Dhankawadi, Pune - IITM",18.4599,73.8522,9.0,15,21.4,94,15.0,267,4.161,0.218,3.3,5.5,active
2026-08-31T03:00,PUN_3410005,"Dhankawadi, Pune - IITM",18.4599,73.8522,7.7,12,21.7,93,15.9,266,4.406,0.308,2.8,5.1,active
2026-08-31T04:00,PUN_3410005,"Dhankawadi, Pune - IITM",18.4599,73.8522,12.7,21,21.7,92,16.1,260,4.404,0.777,2.5,4.9,active
2026-08-31T05:00,PUN_3410005,"Dhankawadi, Pune - IITM",18.4599,73.8522,9.0,15,21.8,91,17.2,264,4.752,0.499,2.1,4.5,active
2026-08-31T06:00,PUN_3410005,"Dhankawadi, Pune - IITM",18.4599,73.8522,8.3,13,21.7,92,17.0,265,4.704,0.412,2.4,4.8,active
2026-08-31T07:00,PUN_3410005,"Dhankawadi, Pune - IITM",18.4599,73.8522,6.7,11,22.3,89,15.4,263,4.246,0.521,3.2,5.2,active
2026-08-31T08:00,PUN_3410005,"Dhankawadi, Pune - IITM",18.4599,73.8522,18.8,31,23.2,85,20.5,272,5.691,-0.199,3.1,5.2,active
2026-08-31T09:00,PUN_3410005,"Dhankawadi, Pune - IITM",18.4599,73.8522,13.3,22,24.5,79,21.1,272,5.858,-0.205,4.6,4.3,active
2026-08-31T10:00,PUN_3410005,"Dhankawadi, Pune - IITM",18.4599,73.8522,16.0,26,25.6,74,20.1,275,5.562,-0.487,5.5,2.9,active
2026-08-31T11:00,PUN_3410005,"Dhankawadi, Pune - IITM",18.4599,73.8522,20.6,34,26.6,67,18.6,274,5.154,-0.36,6.8,1.9,active
2026-08-31T12:00,PUN_3410005,"Dhankawadi, Pune - IITM",18.4599,73.8522,19.2,32,27.2,65,19.1,271,5.305,-0.093,7.3,1.5,active
2026-08-31T13:00,PUN_3410005,"Dhankawadi, Pune - IITM",18.4599,73.8522,22.9,38,27.6,61,19.4,276,5.359,-0.563,7.3,1.4,active
2026-08-31T14:00,PUN_3410005,"Dhankawadi, Pune - IITM",18.4599,73.8522,15.9,26,27.2,62,22.2,278,6.107,-0.858,7.3,1.8,active
2026-08-31T15:00,PUN_3410005,"Dhankawadi, Pune - IITM",18.4599,73.8522,10.6,17,26.6,66,19.4,278,5.336,-0.75,7.1,2.6,active
2026-08-31T16:00,PUN_3410005,"Dhankawadi, Pune - IITM",18.4599,73.8522,22.3,37,25.8,70,21.2,276,5.857,-0.616,6.3,3.7,active
2026-08-31T17:00,PUN_3410005,"Dhankawadi, Pune - IITM",18.4599,73.8522,15.9,26,24.9,76,17.6,271,4.888,-0.085,8.9,4.5,active
2026-08-31T18:00,PUN_3410005,"Dhankawadi, Pune - IITM",18.4599,73.8522,10.8,18,23.7,82,15.3,269,4.249,0.074,8.6,7.1,active
2026-08-31T19:00,PUN_3410005,"Dhankawadi, Pune - IITM",18.4599,73.8522,19.5,32,22.7,87,12.6,261,3.457,0.548,9.2,10.6,active
2026-08-31T20:00,PUN_3410005,"Dhankawadi, Pune - IITM",18.4599,73.8522,18.1,30,22.6,88,12.6,257,3.41,0.787,8.6,13.1,active
2026-08-31T21:00,PUN_3410005,"Dhankawadi, Pune - IITM",18.4599,73.8522,12.0,20,22.5,89,13.1,251,3.441,1.185,8.7,13.8,active
2026-08-31T22:00,PUN_3410005,"Dhankawadi, Pune - IITM",18.4599,73.8522,11.8,19,22.0,92,12.7,255,3.408,0.913,8.8,13.4,active
2026-08-31T23:00,PUN_3410005,"Dhankawadi, Pune - IITM",18.4599,73.8522,17.9,29,22.0,90,13.8,257,3.735,0.862,7.5,12.3,active
2026-09-01T00:00,PUN_3410005,"Dhankawadi, Pune - IITM",18.4599,73.8522,15.4,25,21.9,91,14.0,263,3.86,0.474,5.1,10.2,active
2026-09-01T01:00,PUN_3410005,"Dhankawadi, Pune - IITM",18.4599,73.8522,10.9,18,21.8,91,15.1,261,4.143,0.656,4.4,7.5,active
2026-09-01T02:00,PUN_3410005,"Dhankawadi, Pune - IITM",18.4599,73.8522,9.4,15,21.9,91,14.1,260,3.857,0.68,3.4,5.5,active
2026-09-01T03:00,PUN_3410005,"Dhankawadi, Pune - IITM",18.4599,73.8522,8.6,14,21.8,93,12.0,263,3.309,0.406,2.7,4.9,active
2026-09-01T04:00,PUN_3410005,"Dhankawadi, Pune - IITM",18.4599,73.8522,7.9,13,21.9,92,11.6,265,3.21,0.281,2.3,5.1,active
2026-09-01T05:00,PUN_3410005,"Dhankawadi, Pune - IITM",18.4599,73.8522,7.0,11,21.8,93,13.7,271,3.805,-0.066,2.4,5.1,active
2026-09-01T06:00,PUN_3410005,"Dhankawadi, Pune - IITM",18.4599,73.8522,5.4,9,21.7,93,15.3,269,4.249,0.074,3.1,5.6,active
2026-09-01T07:00,PUN_3410005,"Dhankawadi, Pune - IITM",18.4599,73.8522,5.1,8,22.4,89,17.1,269,4.749,0.083,3.4,6.3,active
2026-09-01T08:00,PUN_3410005,"Dhankawadi, Pune - IITM",18.4599,73.8522,20.5,34,23.6,82,18.0,272,4.997,-0.174,4.7,6.4,active
2026-09-01T09:00,PUN_3410005,"Dhankawadi, Pune - IITM",18.4599,73.8522,13.6,22,25.2,73,17.0,274,4.711,-0.329,5.2,5.3,active
2026-09-01T10:00,PUN_3410005,"Dhankawadi, Pune - IITM",18.4599,73.8522,15.2,25,26.0,71,17.1,274,4.738,-0.331,5.8,3.6,active
2026-09-01T18:00,PUN_3410005,"Dhankawadi, Pune - IITM",18.4599,73.8522,21.8,36,23.6,85,15.5,268,4.303,0.15,6.0,8.1,active
2026-09-01T19:00,PUN_3410005,"Dhankawadi, Pune - IITM",18.4599,73.8522,25.6,42,22.9,89,13.0,271,3.611,-0.063,6.7,12.5,active
2026-09-01T20:00,PUN_3410005,"Dhankawadi, Pune - IITM",18.4599,73.8522,22.1,36,22.4,92,11.9,271,3.305,-0.058,7.6,15.4,active
2026-09-01T21:00,PUN_3410005,"Dhankawadi, Pune - IITM",18.4599,73.8522,20.1,33,22.4,92,12.1,271,3.361,-0.059,7.9,15.1,active
2026-09-01T22:00,PUN_3410005,"Dhankawadi, Pune - IITM",18.4599,73.8522,20.5,34,22.4,92,11.2,266,3.104,0.217,7.5,13.2,active
2026-09-01T23:00,PUN_3410005,"Dhankawadi, Pune - IITM",18.4599,73.8522,17.5,29,21.8,93,9.9,251,2.6,0.895,6.7,11.6,active
2026-09-02T00:00,PUN_3410005,"Dhankawadi, Pune - IITM",18.4599,73.8522,13.3,22,21.6,93,9.4,239,2.238,1.345,6.1,11.0,active
2026-09-02T01:00,PUN_3410005,"Dhankawadi, Pune - IITM",18.4599,73.8522,9.2,15,21.5,94,9.9,243,2.45,1.248,5.9,10.6,active
2026-09-02T02:00,PUN_3410005,"Dhankawadi, Pune - IITM",18.4599,73.8522,18.1,30,21.6,94,10.2,252,2.695,0.876,5.8,10.1,active
2026-09-02T03:00,PUN_3410005,"Dhankawadi, Pune - IITM",18.4599,73.8522,11.7,19,21.8,93,10.8,255,2.898,0.776,5.7,9.4,active
2026-09-02T04:00,PUN_3410005,"Dhankawadi, Pune - IITM",18.4599,73.8522,9.0,15,21.9,91,10.8,252,2.853,0.927,5.7,8.5,active
2026-09-02T05:00,PUN_3410005,"Dhankawadi, Pune - IITM",18.4599,73.8522,7.2,12,22.3,93,10.9,253,2.896,0.885,4.4,6.8,active
2026-09-02T06:00,PUN_3410005,"Dhankawadi, Pune - IITM",18.4599,73.8522,8.9,14,22.1,92,9.7,252,2.563,0.833,3.7,6.8,active
2026-09-02T15:00,PUN_3410005,"Dhankawadi, Pune - IITM",18.4599,73.8522,6.7,11,26.2,74,18.1,280,4.951,-0.873,4.4,2.9,active
2026-09-02T16:00,PUN_3410005,"Dhankawadi, Pune - IITM",18.4599,73.8522,7.0,11,25.3,74,19.0,275,5.258,-0.46,3.8,4.1,active
2026-09-02T17:00,PUN_3410005,"Dhankawadi, Pune - IITM",18.4599,73.8522,9.7,16,24.3,80,16.4,270,4.556,0.0,3.6,5.6,active
2026-09-02T18:00,PUN_3410005,"Dhankawadi, Pune - IITM",18.4599,73.8522,7.2,12,23.3,86,14.8,265,4.095,0.358,4.4,8.9,active
2026-09-02T19:00,PUN_3410005,"Dhankawadi, Pune - IITM",18.4599,73.8522,12.9,21,22.5,90,13.8,257,3.735,0.862,6.0,13.4,active
2026-09-02T20:00,PUN_3410005,"Dhankawadi, Pune - IITM",18.4599,73.8522,19.5,32,22.2,92,11.7,265,3.238,0.283,6.9,16.3,active
2026-09-02T21:00,PUN_3410005,"Dhankawadi, Pune - IITM",18.4599,73.8522,11.8,19,22.0,93,10.1,259,2.754,0.535,6.8,16.2,active
2026-09-02T22:00,PUN_3410005,"Dhankawadi, Pune - IITM",18.4599,73.8522,10.0,16,21.9,93,9.6,254,2.563,0.735,7.1,14.5,active
2026-09-02T23:00,PUN_3410005,"Dhankawadi, Pune - IITM",18.4599,73.8522,7.0,11,21.8,92,10.0,250,2.61,0.95,6.2,12.7,active
2026-09-03T00:00,PUN_3410005,"Dhankawadi, Pune - IITM",18.4599,73.8522,7.5,12,21.4,93,10.6,249,2.749,1.055,4.9,11.0,active
2026-09-03T01:00,PUN_3410005,"Dhankawadi, Pune - IITM",18.4599,73.8522,17.7,29,21.5,93,9.3,252,2.457,0.798,4.8,9.1,active
2026-09-03T02:00,PUN_3410005,"Dhankawadi, Pune - IITM",18.4599,73.8522,20.6,34,21.5,93,8.7,246,2.208,0.983,4.6,7.7,active
2026-09-03T03:00,PUN_3410005,"Dhankawadi, Pune - IITM",18.4599,73.8522,13.7,22,21.5,94,8.9,245,2.241,1.045,4.3,7.2,active
2026-09-03T04:00,PUN_3410005,"Dhankawadi, Pune - IITM",18.4599,73.8522,11.0,18,21.7,93,10.0,237,2.33,1.513,3.7,7.1,active
2026-09-03T05:00,PUN_3410005,"Dhankawadi, Pune - IITM",18.4599,73.8522,9.2,15,21.7,92,10.2,249,2.645,1.015,2.5,6.1,active
2026-09-03T06:00,PUN_3410005,"Dhankawadi, Pune - IITM",18.4599,73.8522,17.3,28,21.7,91,10.2,252,2.695,0.876,2.3,6.3,active
2026-09-03T07:00,PUN_3410005,"Dhankawadi, Pune - IITM",18.4599,73.8522,11.5,19,22.3,89,11.8,261,3.237,0.513,2.5,6.6,active
2026-09-03T08:00,PUN_3410005,"Dhankawadi, Pune - IITM",18.4599,73.8522,13.6,22,23.3,83,13.7,260,3.748,0.661,3.3,6.4,active
2026-09-03T09:00,PUN_3410005,"Dhankawadi, Pune - IITM",18.4599,73.8522,18.7,31,24.6,76,15.7,261,4.307,0.682,3.9,5.2,active
2026-09-03T10:00,PUN_3410005,"Dhankawadi, Pune - IITM",18.4599,73.8522,15.9,26,25.6,73,16.2,260,4.432,0.781,4.8,3.5,active
2026-09-03T11:00,PUN_3410005,"Dhankawadi, Pune - IITM",18.4599,73.8522,11.3,18,26.6,68,18.0,263,4.963,0.609,5.9,2.3,active
2026-09-03T12:00,PUN_3410005,"Dhankawadi, Pune - IITM",18.4599,73.8522,19.0,31,27.1,66,16.9,268,4.692,0.164,6.3,1.9,active
2026-09-03T13:00,PUN_3410005,"Dhankawadi, Pune - IITM",18.4599,73.8522,11.5,19,27.6,63,18.7,267,5.187,0.272,6.4,1.9,active
2026-09-03T14:00,PUN_3410005,"Dhankawadi, Pune - IITM",18.4599,73.8522,9.0,15,26.4,69,19.8,268,5.497,0.192,6.2,2.2,active
2026-09-03T15:00,PUN_3410005,"Dhankawadi, Pune - IITM",18.4599,73.8522,10.3,17,26.0,76,17.8,270,4.944,0.0,5.9,2.6,active
2026-09-03T16:00,PUN_3410005,"Dhankawadi, Pune - IITM",18.4599,73.8522,10.0,16,25.4,74,18.5,271,5.138,-0.09,6.0,3.2,active
2026-09-03T17:00,PUN_3410005,"Dhankawadi, Pune - IITM",18.4599,73.8522,8.9,14,24.7,77,17.0,274,4.711,-0.329,9.1,4.4,active
2026-09-03T18:00,PUN_3410005,"Dhankawadi, Pune - IITM",18.4599,73.8522,7.0,11,23.3,84,13.4,265,3.708,0.324,8.8,7.4,active
2026-09-03T19:00,PUN_3410005,"Dhankawadi, Pune - IITM",18.4599,73.8522,19.6,32,22.7,87,12.5,259,3.408,0.663,9.0,11.5,active
2026-09-03T20:00,PUN_3410005,"Dhankawadi, Pune - IITM",18.4599,73.8522,12.5,20,22.1,90,10.7,253,2.842,0.869,9.6,14.4,active
2026-09-03T21:00,PUN_3410005,"Dhankawadi, Pune - IITM",18.4599,73.8522,14.0,23,22.1,90,11.0,255,2.951,0.791,11.0,15.3,active
2026-09-03T22:00,PUN_3410005,"Dhankawadi, Pune - IITM",18.4599,73.8522,17.5,29,22.3,89,13.9,260,3.802,0.67,10.9,15.0,active
2026-09-03T23:00,PUN_3410005,"Dhankawadi, Pune - IITM",18.4599,73.8522,19.9,33,22.2,90,12.5,259,3.408,0.663,9.3,14.1,active
2026-09-04T00:00,PUN_3410005,"Dhankawadi, Pune - IITM",18.4599,73.8522,15.6,26,21.6,93,12.2,254,3.258,0.934,7.6,12.6,active
